"CustomerID","Recency","Frequency","Monetary","TotalQuantity","UniqueProducts","AvgUnitPrice","Tenure","Country","AvgOrderValue","AvgBasketSize","PurchaseInterval","KMeans","Segment","HighValue"
12346,287.579166666667,1,29.34,16,3,2.00666666666667,287.579166666667,"France",29.34,16,287.579166666667,"1","At-Risk / Dormant","No"
12347,6.14513888888889,15,7924.65,2488,254,3.08542857142857,301.636111111111,"United Kingdom",528.31,165.866666666667,21.106498015873,"2","Champions / High-Value","Yes"
12348,35.1736111111111,9,4575.52,1301,117,3.87275,294.402777777778,"United Kingdom",508.391111111111,144.555555555556,32.4036458333333,"2","Champions / High-Value","Yes"
12349,34.3875,13,10490.73,3189,302,3.1916049382716,313.352777777778,"United Kingdom",806.979230769231,245.307692307692,23.2471064814815,"2","Champions / High-Value","Yes"
12350,31.0645833333333,13,7973.19,2074,202,3.32188940092166,366.450694444444,"United Kingdom",613.322307692308,159.538461538462,27.9488425925926,"2","Champions / High-Value","Yes"
12351,14.0423611111111,9,3619.76,997,112,3.16773109243697,322.321527777778,"United Kingdom",402.195555555556,110.777777777778,38.5348958333333,"4","Loyal Customers","No"
12352,19.425,9,3400.71,916,99,3.79514851485149,295.260416666667,"United Kingdom",377.856666666667,101.777777777778,34.4794270833333,"4","Loyal Customers","No"
12353,26.0659722222222,6,357.65,128,22,2.93318181818182,252.158333333333,"United Kingdom",59.6083333333333,21.3333333333333,45.2184722222222,"3","Potential / Occasional","No"
12354,273.5625,2,176.52,65,10,2.854,284.877083333333,"United Kingdom",88.26,32.5,11.3145833333334,"3","Potential / Occasional","No"
12355,32.0902777777778,7,3445.17,1094,111,3.26364406779661,256.538194444444,"United Kingdom",492.167142857143,156.285714285714,37.4079861111111,"4","Loyal Customers","No"
12356,46.5395833333333,11,3079.3,818,90,3.60811111111111,367.299305555556,"United Kingdom",279.936363636364,74.3636363636364,32.0759722222222,"4","Loyal Customers","No"
12357,50.6666666666667,14,5184.9,1614,164,3.58949720670391,239.231944444444,"United Kingdom",370.35,115.285714285714,14.5050213675214,"2","Champions / High-Value","Yes"
12358,78.8298611111111,4,607.19,239,18,2.76473684210526,234.354166666667,"Portugal",151.7975,59.75,51.8414351851852,"3","Potential / Occasional","No"
12359,22.4256944444444,17,11740.87,2879,311,3.87017857142857,320.303472222222,"United Kingdom",690.639411764706,169.352941176471,18.6173611111111,"2","Champions / High-Value","Yes"
12360,261.420138888889,1,16.84,22,3,0.823333333333333,261.420138888889,"United Kingdom",16.84,22,261.420138888889,"1","At-Risk / Dormant","No"
12361,15.35625,13,5576.68,1924,178,3.14597883597884,336.202083333333,"United Kingdom",428.975384615385,148,26.7371527777778,"2","Champions / High-Value","Yes"
12362,65.8625,5,1243.6,294,22,3.45318181818182,301.027777777778,"United Kingdom",248.72,58.8,58.7913194444444,"4","Loyal Customers","No"
12363,13.2486111111111,28,24900.51,7573,650,3.21624688279302,352.4375,"United Kingdom",889.303928571429,270.464285714286,12.5625514403292,"2","Champions / High-Value","Yes"
12364,30.8881944444444,18,10910.26,3230,345,3.42214876033058,318.827777777778,"United Kingdom",606.125555555556,179.444444444444,16.9376225490196,"2","Champions / High-Value","Yes"
12365,12.81875,2,285.95,74,13,4.09307692307692,64.7583333333333,"United Kingdom",142.975,37,51.9395833333333,"3","Potential / Occasional","No"
12366,8.87708333333333,6,1902.41,531,58,3.30233333333333,148.509027777778,"United Kingdom",317.068333333333,88.5,27.9263888888889,"4","Loyal Customers","No"
12367,6.75277777777778,16,13108.95,3876,373,3.28014492753623,307.482638888889,"Germany",819.309375,242.25,20.0486574074074,"2","Champions / High-Value","Yes"
12368,169.646527777778,4,725.94,242,15,3.13733333333333,320.713194444444,"United Kingdom",181.485,60.5,50.3555555555556,"3","Potential / Occasional","No"
12369,16.1013888888889,3,442.13,130,8,3.29375,226.10625,"EIRE",147.376666666667,43.3333333333333,105.002430555556,"3","Potential / Occasional","No"
12370,198.309027777778,2,184.83,53,10,4.233,335.863194444444,"United Kingdom",92.415,26.5,137.554166666667,"3","Potential / Occasional","No"
12371,8.51319444444444,16,9133.3,2731,278,3.21884488448845,331.646527777778,"United Kingdom",570.83125,170.6875,21.5422222222222,"2","Champions / High-Value","Yes"
12372,40.5888888888889,6,1345.94,481,57,2.64614035087719,256.933333333333,"United Kingdom",224.323333333333,80.1666666666667,43.2688888888889,"4","Loyal Customers","No"
12373,29.7013888888889,7,1649.46,493,35,3.60114285714286,321.141666666667,"United Kingdom",235.637142857143,70.4285714285714,48.5733796296296,"4","Loyal Customers","No"
12374,9.88402777777778,10,3276.43,1062,121,3.29414634146341,339.686111111111,"United Kingdom",327.643,106.2,36.6446759259259,"4","Loyal Customers","No"
12375,12.4666666666667,11,4579.47,1245,133,3.51671328671329,309.060416666667,"United Kingdom",416.315454545455,113.181818181818,29.659375,"2","Champions / High-Value","Yes"
12376,162.875,3,708.38,180,19,3.70473684210526,190.5875,"United Kingdom",236.126666666667,60,13.85625,"3","Potential / Occasional","No"
12377,17.4972222222222,3,542.06,113,12,3.36692307692308,243.386111111111,"France",180.686666666667,37.6666666666667,112.944444444444,"3","Potential / Occasional","No"
12378,25.4854166666667,2,57.3,26,4,2.0675,85.5701388888889,"United Kingdom",28.65,13,60.0847222222222,"1","At-Risk / Dormant","No"
12379,59.5048611111111,12,6572.99,2324,234,3.18440154440154,244.375694444444,"United Kingdom",547.749166666667,193.666666666667,16.8064393939394,"2","Champions / High-Value","Yes"
12380,1.28958333333333,3,450.42,137,15,3.82933333333333,246.786111111111,"United Kingdom",150.14,45.6666666666667,122.748263888889,"4","Loyal Customers","No"
12381,30.8736111111111,6,1503.43,330,37,2.59131578947368,302.821527777778,"United Kingdom",250.571666666667,55,54.3895833333333,"4","Loyal Customers","No"
12382,32.1791666666667,8,2565.36,863,82,3.25373493975904,365.660416666667,"United Kingdom",320.67,107.875,47.6401785714286,"4","Loyal Customers","No"
12383,31.7284722222222,2,97.15,35,6,2.895,88.8576388888889,"United Kingdom",48.575,17.5,57.1291666666667,"1","At-Risk / Dormant","No"
12384,18.1965277777778,13,7307.25,2271,235,3.3843359375,269.824305555556,"United Kingdom",562.096153846154,174.692307692308,20.9689814814815,"2","Champions / High-Value","Yes"
12385,285.636111111111,1,22.95,17,2,1.395,285.636111111111,"United Kingdom",22.95,17,285.636111111111,"1","At-Risk / Dormant","No"
12386,95.3673611111111,3,127.86,49,9,3.05777777777778,246.327777777778,"Australia",42.62,16.3333333333333,75.4802083333333,"1","At-Risk / Dormant","No"
12387,5.77083333333333,27,20867.7,6527,565,3.04791976225854,320.055555555556,"United Kingdom",772.877777777778,241.740740740741,12.0878739316239,"2","Champions / High-Value","Yes"
12388,36.2034722222222,2,47.09,33,6,1.725,81.5986111111111,"United Kingdom",23.545,16.5,45.3951388888889,"1","At-Risk / Dormant","No"
12389,175.356944444444,5,1914.28,381,31,4.30838709677419,298.969444444444,"United Kingdom",382.856,76.2,30.903125,"4","Loyal Customers","No"
12390,57.4375,4,517.91,118,20,4.1205,229.084722222222,"United Kingdom",129.4775,29.5,57.2157407407407,"3","Potential / Occasional","No"
12391,11.4944444444444,17,7206.04,2367,279,3.22378289473684,305.909722222222,"United Kingdom",423.884705882353,139.235294117647,18.4009548611111,"2","Champions / High-Value","Yes"
12392,23.3472222222222,3,923.11,218,19,3.448,342.447222222222,"USA",307.703333333333,72.6666666666667,159.55,"4","Loyal Customers","No"
12393,16.1236111111111,6,1808.94,736,80,2.58518072289157,194.879861111111,"France",301.49,122.666666666667,35.75125,"4","Loyal Customers","No"
12394,11.4104166666667,15,9400.78,3186,316,3.31905714285714,335.102083333333,"United Kingdom",626.718666666667,212.4,23.1208333333333,"2","Champions / High-Value","Yes"
12395,134.249305555556,3,62.44,67,6,1.675,323.433333333333,"United Kingdom",20.8133333333333,22.3333333333333,94.5920138888889,"1","At-Risk / Dormant","No"
12397,19.1097222222222,9,4300.63,1075,114,3.80367521367521,257.304166666667,"United Kingdom",477.847777777778,119.444444444444,29.7743055555556,"4","Loyal Customers","No"
12398,113.742361111111,2,307.78,63,10,4.149,160.256944444444,"United Kingdom",153.89,31.5,46.5145833333333,"3","Potential / Occasional","No"
12399,4.42222222222222,3,900.87,289,35,2.9425,310.004166666667,"Spain",300.29,96.3333333333333,152.790972222222,"4","Loyal Customers","No"
12400,134.166666666667,4,1349.77,285,21,3.50954545454545,310.477083333333,"United Kingdom",337.4425,71.25,58.7701388888889,"4","Loyal Customers","No"
12401,4.77847222222222,8,2196.07,660,63,3.19063492063492,263.777777777778,"United Kingdom",274.50875,82.5,36.9999007936508,"4","Loyal Customers","No"
12402,14.5847222222222,30,37878.68,11362,977,3.2933228097869,345.181944444444,"United Kingdom",1262.62266666667,378.733333333333,11.3999042145594,"2","Champions / High-Value","Yes"
12403,34.05625,6,2092.64,427,38,4.96815789473684,275.040972222222,"United Kingdom",348.773333333333,71.1666666666667,48.1969444444444,"4","Loyal Customers","No"
12404,25.2881944444444,4,993.43,298,32,2.6328125,109.503472222222,"United Kingdom",248.3575,74.5,28.0717592592593,"4","Loyal Customers","No"
12405,69.1277777777778,3,495.23,257,27,2.57666666666667,220.478472222222,"United Kingdom",165.076666666667,85.6666666666667,75.6753472222222,"3","Potential / Occasional","No"
12406,103.703472222222,1,613.22,65,12,7.79833333333333,103.703472222222,"United Kingdom",613.22,65,103.703472222222,"3","Potential / Occasional","No"
12407,45.8131944444444,3,146.91,44,6,3.27333333333333,281.063888888889,"United Kingdom",48.97,14.6666666666667,117.625347222222,"3","Potential / Occasional","No"
12408,2.07708333333333,6,866.54,317,28,3.8775,319.041666666667,"United Kingdom",144.423333333333,52.8333333333333,63.3929166666667,"4","Loyal Customers","No"
12409,20.4666666666667,10,4864.11,1469,167,3.17258823529412,313.154166666667,"United Kingdom",486.411,146.9,32.5208333333333,"2","Champions / High-Value","Yes"
12410,221.025,2,231.09,78,7,5.45,333.684722222222,"France",115.545,39,112.659722222222,"3","Potential / Occasional","No"
12411,84.5465277777778,3,211.37,112,18,1.98277777777778,170.915972222222,"United Kingdom",70.4566666666667,37.3333333333333,43.1847222222222,"3","Potential / Occasional","No"
12412,22.48125,5,1410.16,478,52,3.73698113207547,243.359722222222,"United Kingdom",282.032,95.6,55.2196180555556,"4","Loyal Customers","No"
12413,91.9548611111111,1,48.97,14,4,4.2625,91.9548611111111,"United Kingdom",48.97,14,91.9548611111111,"1","At-Risk / Dormant","No"
12414,50.7972222222222,3,174.14,50,10,3.701,159.299305555556,"United Kingdom",58.0466666666667,16.6666666666667,54.2510416666667,"1","At-Risk / Dormant","No"
12415,46.5819444444444,11,2529.4,733,77,3.71179487179487,199.139583333333,"United Kingdom",229.945454545455,66.6363636363636,15.2557638888889,"4","Loyal Customers","No"
12416,23.1361111111111,2,436.6,100,10,4.203,224.520138888889,"United Kingdom",218.3,50,201.384027777778,"3","Potential / Occasional","No"
12417,1.83402777777778,5,235.53,69,11,3.64909090909091,82.8798611111111,"United Kingdom",47.106,13.8,20.2614583333333,"1","At-Risk / Dormant","No"
12418,21.3472222222222,6,732.42,217,22,4.22409090909091,313.347222222222,"United Kingdom",122.07,36.1666666666667,58.4,"4","Loyal Customers","No"
12419,72.4673611111111,5,1181.34,326,24,4.98333333333333,329.436111111111,"United Kingdom",236.268,65.2,64.2421875,"4","Loyal Customers","No"
12420,7.15416666666667,2,172.82,60,11,2.82545454545455,27.3409722222222,"United Kingdom",86.41,30,20.1868055555556,"1","At-Risk / Dormant","No"
12421,83.3256944444445,3,316.88,124,11,2.8325,147.601388888889,"United Kingdom",105.626666666667,41.3333333333333,32.1378472222222,"3","Potential / Occasional","No"
12422,6.21041666666667,20,11870.73,3741,373,3.27495215311005,353.075,"United Kingdom",593.5365,187.05,18.2560307017544,"2","Champions / High-Value","Yes"
12423,95.7770833333333,3,706.41,266,26,3.02461538461538,221.328472222222,"United Kingdom",235.47,88.6666666666667,62.7756944444444,"3","Potential / Occasional","No"
12424,25.5666666666667,3,415.59,85,15,4.77866666666667,347.717361111111,"United Kingdom",138.53,28.3333333333333,161.075347222222,"3","Potential / Occasional","No"
12425,44.2923611111111,7,3080.84,1132,118,3.02286885245902,303.854861111111,"United Kingdom",440.12,161.714285714286,43.2604166666667,"4","Loyal Customers","No"
12426,16.4819444444444,5,538.39,217,20,2.8085,328.078472222222,"United Kingdom",107.678,43.4,77.8991319444444,"4","Loyal Customers","No"
12427,55.1611111111111,2,187.54,47,7,3.34285714285714,215.175,"United Kingdom",93.77,23.5,160.013888888889,"3","Potential / Occasional","No"
12428,26.7666666666667,6,1501.24,685,82,2.53705882352941,263.949305555556,"United Kingdom",250.206666666667,114.166666666667,47.4365277777778,"4","Loyal Customers","No"
12429,51.2152777777778,4,854.56,247,31,2.66,251.879166666667,"United Kingdom",213.64,61.75,66.887962962963,"4","Loyal Customers","No"
12430,140.100694444444,3,480.23,189,15,2.495625,243.125,"United Kingdom",160.076666666667,63,51.5121527777778,"3","Potential / Occasional","No"
12431,52.7972222222222,8,981.63,448,42,2.54088888888889,269.781944444444,"United Kingdom",122.70375,56,30.9978174603175,"4","Loyal Customers","No"
12432,25.1243055555556,12,6971.83,1724,141,3.22765100671141,324.4125,"United Kingdom",580.985833333333,143.666666666667,27.2080176767677,"2","Champions / High-Value","Yes"
12433,51.5361111111111,4,546.06,192,19,3.76210526315789,83.1208333333333,"United Kingdom",136.515,48,10.5282407407407,"3","Potential / Occasional","No"
12434,79.9298611111111,3,104.18,51,9,2.06666666666667,333.359722222222,"United Kingdom",34.7266666666667,17,126.714930555556,"3","Potential / Occasional","No"
12435,123.229861111111,5,601.99,251,25,2.7892,306.847222222222,"United Kingdom",120.398,50.2,45.9043402777778,"3","Potential / Occasional","No"
12436,23.0319444444444,2,255.8,84,7,3.45285714285714,97.8319444444444,"United Kingdom",127.9,42,74.8,"3","Potential / Occasional","No"
12437,68.7701388888889,1,191.77,74,4,3.7125,68.7701388888889,"United Kingdom",191.77,74,68.7701388888889,"3","Potential / Occasional","No"
12438,8.44791666666667,2,293.16,42,7,6.49571428571429,316.302083333333,"United Kingdom",146.58,21,307.854166666667,"3","Potential / Occasional","No"
12439,75.7125,6,1195.83,382,48,3.2748,273.321527777778,"United Kingdom",199.305,63.6666666666667,39.5218055555556,"4","Loyal Customers","No"
12440,70.38125,5,858.6,264,32,3.22029411764706,172.183333333333,"United Kingdom",171.72,52.8,25.4505208333333,"3","Potential / Occasional","No"
12441,288.125,2,32.68,25,5,1.48,332.701388888889,"United Kingdom",16.34,12.5,44.5763888888889,"1","At-Risk / Dormant","No"
12442,21.1513888888889,8,498.3,154,25,2.6692,214.8375,"United Kingdom",62.2875,19.25,27.6694444444444,"3","Potential / Occasional","No"
12443,7.05416666666667,35,41374.51,13329,1084,3.27420731707317,345.611111111111,"France",1182.12885714286,380.828571428571,9.95755718954248,"2","Champions / High-Value","Yes"
12444,8.85555555555556,5,1361.6,509,52,3.56188679245283,208.616666666667,"United Kingdom",272.32,101.8,49.9402777777778,"4","Loyal Customers","No"
12445,175.71875,1,212.75,106,9,2.35111111111111,175.71875,"United Kingdom",212.75,106,175.71875,"3","Potential / Occasional","No"
12446,15.8048611111111,3,470.54,178,15,3.37,90.4569444444444,"United Kingdom",156.846666666667,59.3333333333333,37.3260416666667,"3","Potential / Occasional","No"
12447,47.7402777777778,6,1758.44,437,43,4.38363636363636,310.84375,"United Kingdom",293.073333333333,72.8333333333333,52.6206944444444,"4","Loyal Customers","No"
12448,199.577777777778,2,655.91,116,19,5.52,264.568055555556,"United Kingdom",327.955,58,64.9902777777777,"3","Potential / Occasional","No"
12449,130.575694444444,2,360.21,120,8,3.73125,291.333333333333,"United Kingdom",180.105,60,160.757638888889,"3","Potential / Occasional","No"
12450,147.706944444444,2,50.79,11,3,5.49,204.940972222222,"United Kingdom",25.395,5.5,57.2340277777778,"1","At-Risk / Dormant","No"
12451,98.8673611111111,2,491.32,111,7,4.36428571428571,209.6875,"United Kingdom",245.66,55.5,110.820138888889,"3","Potential / Occasional","No"
12452,67.2881944444444,7,1456.97,503,55,3.32625,346.029166666667,"United Kingdom",208.138571428571,71.8571428571429,46.4568287037037,"4","Loyal Customers","No"
12453,40.9930555555556,5,672.07,220,28,4.20428571428571,219.327777777778,"United Kingdom",134.414,44,44.5836805555556,"3","Potential / Occasional","No"
12454,133.330555555556,1,99.64,54,2,1.7,133.330555555556,"United Kingdom",99.64,54,133.330555555556,"1","At-Risk / Dormant","No"
12455,43.0006944444444,1,5,5,1,1,43.0006944444444,"United Kingdom",5,5,43.0006944444444,"1","At-Risk / Dormant","No"
12456,34.9548611111111,6,1101.73,405,44,2.72386363636364,293.5625,"United Kingdom",183.621666666667,67.5,51.7215277777778,"4","Loyal Customers","No"
12457,223.257638888889,4,534.68,125,13,5.10692307692308,290.678472222222,"United Kingdom",133.67,31.25,22.4736111111111,"3","Potential / Occasional","No"
12458,89.8763888888889,1,41,50,1,0.82,89.8763888888889,"United Kingdom",41,50,89.8763888888889,"1","At-Risk / Dormant","No"
12459,48.7979166666667,10,2699.46,1033,116,2.96672268907563,322.550694444444,"United Kingdom",269.946,103.3,30.416975308642,"4","Loyal Customers","No"
12460,138.973611111111,2,257.35,82,11,3.23181818181818,156.711111111111,"United Kingdom",128.675,41,17.7375,"3","Potential / Occasional","No"
12461,14.5090277777778,31,32581.44,9472,819,3.30495145631068,372.703472222222,"United Kingdom",1051.01419354839,305.548387096774,11.9398148148148,"2","Champions / High-Value","Yes"
12462,287.240972222222,1,45.84,18,4,3.76,287.240972222222,"United Kingdom",45.84,18,287.240972222222,"1","At-Risk / Dormant","No"
12463,32.4555555555556,4,357.03,210,20,2.438,316.984722222222,"United Kingdom",89.2575,52.5,94.8430555555556,"3","Potential / Occasional","No"
12464,166.825694444444,3,287.97,86,9,2.76222222222222,317.60625,"United Kingdom",95.99,28.6666666666667,75.3902777777778,"3","Potential / Occasional","No"
12465,179.9625,2,192.25,82,12,2.67666666666667,307.590277777778,"United Kingdom",96.125,41,127.627777777778,"3","Potential / Occasional","No"
12466,172.336805555556,1,189.89,76,6,2.855,172.336805555556,"Germany",189.89,76,172.336805555556,"3","Potential / Occasional","No"
12467,28.6152777777778,5,912.52,311,41,3.36428571428571,288.164583333333,"United Kingdom",182.504,62.2,64.8873263888889,"4","Loyal Customers","No"
12468,217.961111111111,1,110.79,45,2,2.055,217.961111111111,"United Kingdom",110.79,45,217.961111111111,"3","Potential / Occasional","No"
12469,95.825,2,450.32,208,16,2.206875,327.252777777778,"United Kingdom",225.16,104,231.427777777778,"3","Potential / Occasional","No"
12471,15.2173611111111,6,1212.53,307,32,2.92882352941176,271.638194444444,"United Kingdom",202.088333333333,51.1666666666667,51.2841666666667,"4","Loyal Customers","No"
12472,37.2847222222222,2,255.84,91,10,3.858,228.248611111111,"United Kingdom",127.92,45.5,190.963888888889,"3","Potential / Occasional","No"
12473,53.9104166666667,10,4108.25,1760,158,2.86591463414634,368.072916666667,"United Kingdom",410.825,176,34.9069444444444,"2","Champions / High-Value","Yes"
12474,31.7395833333333,4,351.75,112,16,3.228125,322.14375,"United Kingdom",87.9375,28,96.8013888888889,"3","Potential / Occasional","No"
12475,83.5333333333333,2,335.49,70,9,4.90111111111111,164.699305555556,"United Kingdom",167.745,35,81.1659722222222,"3","Potential / Occasional","No"
12476,58.1868055555556,7,31216.38,13050,55,3.74363636363636,283.063194444444,"France",4459.48285714286,1864.28571428571,37.4793981481481,"2","Champions / High-Value","Yes"
12477,14.95,8,1984.88,659,70,3.46197183098592,327.240972222222,"United Kingdom",248.11,82.375,44.612996031746,"4","Loyal Customers","No"
12478,309.309027777778,1,96.84,56,2,3.555,309.309027777778,"United Kingdom",96.84,56,309.309027777778,"3","Potential / Occasional","No"
12479,33.9625,2,994.83,90,8,4.95625,61.66875,"United Kingdom",497.415,45,27.70625,"3","Potential / Occasional","No"
12480,80.4611111111111,6,2057.43,497,43,3.39651162790698,305.176388888889,"United Kingdom",342.905,82.8333333333333,44.9430555555556,"4","Loyal Customers","No"
12481,71.6027777777778,4,1125.45,274,39,4.66205128205128,340.486805555556,"United Kingdom",281.3625,68.5,89.6280092592593,"4","Loyal Customers","No"
12482,116.280555555556,6,486.51,198,23,3.51695652173913,350.492361111111,"United Kingdom",81.085,33,46.8423611111111,"3","Potential / Occasional","No"
12483,3.40347222222222,6,1475.09,631,71,2.4186301369863,275.604861111111,"United Kingdom",245.848333333333,105.166666666667,54.4402777777778,"4","Loyal Customers","No"
12484,70.5048611111111,5,1315.37,273,16,3.27529411764706,304.378472222222,"United Kingdom",263.074,54.6,58.4684027777778,"4","Loyal Customers","No"
12485,25.2840277777778,8,2353.76,807,92,3.15231578947368,153.940277777778,"United Kingdom",294.22,100.875,18.3794642857143,"4","Loyal Customers","No"
12486,90.7444444444444,5,692.55,300,32,2.6503125,296.904166666667,"United Kingdom",138.51,60,51.5399305555556,"3","Potential / Occasional","No"
12487,17.4784722222222,7,1332.6,407,39,3.21358974358974,293.728472222222,"United Kingdom",190.371428571429,58.1428571428571,46.0416666666667,"4","Loyal Customers","No"
12488,48.8868055555556,3,794.4,199,31,3.6525,300.554166666667,"United Kingdom",264.8,66.3333333333333,125.833680555556,"4","Loyal Customers","No"
12489,59.7340277777778,6,816.56,251,34,3.49485714285714,334.953472222222,"Portugal",136.093333333333,41.8333333333333,55.0438888888889,"4","Loyal Customers","No"
12490,169.909722222222,2,986.87,131,13,3.73769230769231,220.151388888889,"United Kingdom",493.435,65.5,50.2416666666667,"3","Potential / Occasional","No"
12491,149.072916666667,1,54.62,27,5,2.1,149.072916666667,"United Kingdom",54.62,27,149.072916666667,"1","At-Risk / Dormant","No"
12492,44.3819444444444,6,1465.53,571,56,2.43228070175439,215.319444444444,"United Kingdom",244.255,95.1666666666667,34.1875,"4","Loyal Customers","No"
12493,10.2701388888889,4,489.8,171,23,2.73652173913043,187.91875,"United Kingdom",122.45,42.75,59.2162037037037,"3","Potential / Occasional","No"
12494,85.2791666666667,3,509.22,159,13,2.32692307692308,197.089583333333,"Spain",169.74,53,55.9052083333333,"3","Potential / Occasional","No"
12495,27.1298611111111,1,284.71,89,8,3.6925,27.1298611111111,"United Kingdom",284.71,89,27.1298611111111,"3","Potential / Occasional","No"
12496,30.6916666666667,8,1120.59,390,51,3.48807692307692,354.679861111111,"United Kingdom",140.07375,48.75,46.2840277777778,"4","Loyal Customers","No"
12497,13.7486111111111,22,10881.97,3643,362,3.00007125890736,360.747916666667,"United Kingdom",494.635,165.590909090909,16.5237764550265,"2","Champions / High-Value","Yes"
12498,13.0673611111111,3,417.02,185,21,2.31857142857143,205.502777777778,"United Kingdom",139.006666666667,61.6666666666667,96.2177083333333,"3","Potential / Occasional","No"
12499,2.8625,5,1260.91,442,35,3.32555555555556,123.986111111111,"United Kingdom",252.182,88.4,30.2809027777778,"4","Loyal Customers","No"
12500,13.3520833333333,2,170.69,128,10,1.394,254.396527777778,"United Kingdom",85.345,64,241.044444444444,"3","Potential / Occasional","No"
12501,34.1201388888889,1,140,11,2,9.31,34.1201388888889,"United Kingdom",140,11,34.1201388888889,"1","At-Risk / Dormant","No"
12502,72.1104166666667,3,377.56,188,18,2.88833333333333,260.885416666667,"United Kingdom",125.853333333333,62.6666666666667,94.3875,"3","Potential / Occasional","No"
12503,79.4527777777778,2,121.5,40,6,2.71333333333333,91.30625,"United Kingdom",60.75,20,11.8534722222222,"1","At-Risk / Dormant","No"
12504,90.66875,6,875.53,288,44,3.14795454545455,311.388888888889,"United Kingdom",145.921666666667,48,44.1440277777778,"4","Loyal Customers","No"
12505,22.3638888888889,4,1648.28,329,40,3.357,329.893055555556,"United Kingdom",412.07,82.25,102.509722222222,"4","Loyal Customers","No"
12506,35.7451388888889,13,4092.63,1398,137,3.36070422535211,343.954166666667,"United Kingdom",314.817692307692,107.538461538462,25.6840856481481,"2","Champions / High-Value","Yes"
12507,85.4402777777778,5,551.81,236,24,3.24833333333333,217.680555555556,"United Kingdom",110.362,47.2,33.0600694444444,"3","Potential / Occasional","No"
12508,21.1229166666667,4,714.46,179,25,3.5312,309.070833333333,"United Kingdom",178.615,44.75,95.9826388888889,"4","Loyal Customers","No"
12509,18.4597222222222,4,503.78,145,15,4.42266666666667,206.560416666667,"Sweden",125.945,36.25,62.7002314814815,"3","Potential / Occasional","No"
12510,88.8277777777778,2,359.84,114,6,5.14166666666667,296.422222222222,"United Kingdom",179.92,57,207.594444444444,"3","Potential / Occasional","No"
12511,58.5625,3,281.26,105,11,3.18818181818182,279.322222222222,"United Kingdom",93.7533333333333,35,110.379861111111,"3","Potential / Occasional","No"
12512,11.0868055555556,4,887.14,264,38,3.22131578947368,105.961111111111,"Netherlands",221.785,66,31.6247685185185,"4","Loyal Customers","No"
12513,173.830555555556,2,72.75,27,5,2.548,260.461805555556,"United Kingdom",36.375,13.5,86.63125,"1","At-Risk / Dormant","No"
12514,31.3284722222222,8,1006.87,522,56,2.35875,305.635416666667,"United Kingdom",125.85875,65.25,39.1867063492064,"4","Loyal Customers","No"
12515,18.2673611111111,9,2763.3,772,98,3.20077669902913,348.338194444444,"United Kingdom",307.033333333333,85.7777777777778,41.2588541666667,"4","Loyal Customers","No"
12516,116.285416666667,2,156.61,54,8,2.72,253.421527777778,"United Kingdom",78.305,27,137.136111111111,"3","Potential / Occasional","No"
12517,12.1548611111111,30,30120.55,8957,789,3.25586693548387,344.699305555556,"United Kingdom",1004.01833333333,298.566666666667,11.4670498084291,"2","Champions / High-Value","Yes"
12518,131.828472222222,7,1174.19,349,58,3.16322033898305,308.444444444444,"United Kingdom",167.741428571429,49.8571428571429,29.4359953703704,"4","Loyal Customers","No"
12519,34.71875,2,744.38,257,18,3.585,51.6659722222222,"United Kingdom",372.19,128.5,16.9472222222222,"3","Potential / Occasional","No"
12520,86.5194444444444,7,2359.54,628,65,3.71784615384615,337.749305555556,"United Kingdom",337.077142857143,89.7142857142857,41.8716435185185,"4","Loyal Customers","No"
12521,13.08125,1,86.05,23,4,3.9725,13.08125,"United Kingdom",86.05,23,13.08125,"1","At-Risk / Dormant","No"
12522,176.965277777778,1,86.89,39,7,2.55428571428571,176.965277777778,"United Kingdom",86.89,39,176.965277777778,"3","Potential / Occasional","No"
12523,5.97361111111111,5,1139.58,315,43,3.67255813953488,270.083333333333,"United Kingdom",227.916,63,66.0274305555556,"4","Loyal Customers","No"
12524,174.440277777778,2,139.26,70,13,2.26153846153846,187.923611111111,"United Kingdom",69.63,35,13.4833333333333,"3","Potential / Occasional","No"
12525,22.9055555555556,14,7183.88,2329,249,3.09882352941176,254.945138888889,"United Kingdom",513.134285714286,166.357142857143,17.8491987179487,"2","Champions / High-Value","Yes"
12526,20.2131944444444,17,11403.16,2983,297,3.55856697819315,306.872916666667,"United Kingdom",670.774117647059,175.470588235294,17.9162326388889,"2","Champions / High-Value","Yes"
12527,75.9305555555556,3,294.26,90,10,4.057,221.570138888889,"United Kingdom",98.0866666666667,30,72.8197916666667,"3","Potential / Occasional","No"
12528,29.7208333333333,5,1900.68,326,32,5.0140625,305.95625,"United Kingdom",380.136,65.2,69.0588541666667,"4","Loyal Customers","No"
12529,201.122916666667,1,243.72,79,5,5.55,201.122916666667,"United Kingdom",243.72,79,201.122916666667,"3","Potential / Occasional","No"
12530,22.9333333333333,4,803.26,304,31,2.99741935483871,221.413194444444,"United Kingdom",200.815,76,66.1599537037037,"4","Loyal Customers","No"
12531,13.4465277777778,8,1306.14,419,50,3.67470588235294,168.936111111111,"France",163.2675,52.375,22.2127976190476,"4","Loyal Customers","No"
12532,21.5076388888889,8,1220.54,370,49,3.73038461538462,361.0625,"United Kingdom",152.5675,46.25,48.5078373015873,"4","Loyal Customers","No"
12533,29.6576388888889,10,1906,576,86,2.98566666666667,366.076388888889,"United Kingdom",190.6,57.6,37.3798611111111,"4","Loyal Customers","No"
12534,10.0069444444444,11,2961.17,920,110,3.49035087719298,241.907638888889,"United Kingdom",269.197272727273,83.6363636363636,23.1900694444444,"4","Loyal Customers","No"
12535,253.749305555556,1,425.94,69,3,3.91333333333333,253.749305555556,"United Kingdom",425.94,69,253.749305555556,"3","Potential / Occasional","No"
12536,107.565277777778,3,633.45,190,16,3.864375,291.315972222222,"United Kingdom",211.15,63.3333333333333,91.8753472222222,"3","Potential / Occasional","No"
12537,1.78194444444444,15,7016.87,2095,240,3.74438735177866,285.963194444444,"United Kingdom",467.791333333333,139.666666666667,20.2986607142857,"2","Champions / High-Value","Yes"
12538,7.25277777777778,6,775.97,259,32,3.08151515151515,293.393055555556,"United Kingdom",129.328333333333,43.1666666666667,57.2280555555556,"4","Loyal Customers","No"
12539,154.069444444444,2,64.37,27,4,2.6375,256.421527777778,"United Kingdom",32.185,13.5,102.352083333333,"1","At-Risk / Dormant","No"
12540,6.52222222222222,11,3278.19,964,123,3.004453125,333.524305555556,"United Kingdom",298.017272727273,87.6363636363636,32.7002083333333,"4","Loyal Customers","No"
12541,1.54236111111111,2,387.69,114,12,5.675,22.2583333333333,"United Kingdom",193.845,57,20.7159722222222,"1","At-Risk / Dormant","No"
12542,7.04791666666667,3,65.37,25,5,2.714,313.295833333333,"Spain",21.79,8.33333333333333,153.123958333333,"1","At-Risk / Dormant","No"
12543,44.4805555555556,9,3808.67,1334,154,3.24858024691358,346.351388888889,"United Kingdom",423.185555555556,148.222222222222,37.7338541666667,"2","Champions / High-Value","Yes"
12544,45.1270833333333,3,734.23,117,12,4.04583333333333,273.5625,"United Kingdom",244.743333333333,39,114.217708333333,"3","Potential / Occasional","No"
12545,41.0215277777778,6,1832.89,434,47,3.44914893617021,325.876388888889,"France",305.481666666667,72.3333333333333,56.9709722222222,"4","Loyal Customers","No"
12546,10.9895833333333,10,2960.21,848,93,3.06297872340426,236.063888888889,"Switzerland",296.021,84.8,25.0082561728395,"4","Loyal Customers","No"
12547,16.6513888888889,3,221.77,133,15,2.94466666666667,179.767361111111,"United Kingdom",73.9233333333333,44.3333333333333,81.5579861111111,"3","Potential / Occasional","No"
12548,81.4270833333333,5,431.43,199,31,2.41870967741935,268.709027777778,"United Kingdom",86.286,39.8,46.8204861111111,"3","Potential / Occasional","No"
12549,26.3868055555556,2,376.96,141,10,3.404,171.484722222222,"United Kingdom",188.48,70.5,145.097916666667,"3","Potential / Occasional","No"
12550,54.6381944444444,2,122.03,35,7,3.50571428571429,290.929166666667,"United Kingdom",61.015,17.5,236.290972222222,"3","Potential / Occasional","No"
12551,6.71944444444444,15,8594.45,2576,283,3.41287066246057,330.08125,"United Kingdom",572.963333333333,171.733333333333,23.0972718253968,"2","Champions / High-Value","Yes"
12552,15.0618055555556,8,1724.55,554,66,3.35101449275362,228.804166666667,"United Kingdom",215.56875,69.25,30.534623015873,"4","Loyal Customers","No"
12553,56.0125,16,8353.59,2676,307,2.90988571428571,283.775694444444,"United Kingdom",522.099375,167.25,15.184212962963,"2","Champions / High-Value","Yes"
12554,43.9138888888889,9,2773.11,781,85,3.20314606741573,278.534722222222,"Channel Islands",308.123333333333,86.7777777777778,29.3276041666667,"4","Loyal Customers","No"
12555,7.06805555555556,25,30854.44,9845,779,3.13273100616016,341.011805555556,"United Kingdom",1234.1776,393.8,13.9143229166667,"2","Champions / High-Value","Yes"
12556,278.722916666667,2,103.83,51,7,1.96714285714286,312.648611111111,"United Kingdom",51.915,25.5,33.9256944444444,"3","Potential / Occasional","No"
12557,1.20277777777778,10,3469.91,1040,106,3.31768518518519,335.406944444444,"United Kingdom",346.991,104,37.1337962962963,"2","Champions / High-Value","Yes"
12558,4.83263888888889,24,27817.08,8565,734,3.25488738738739,341.00625,"United Kingdom",1159.045,356.875,14.6162439613527,"2","Champions / High-Value","Yes"
12559,35.7131944444444,4,663.68,141,16,4.0425,155.35625,"United Kingdom",165.92,35.25,39.8810185185185,"3","Potential / Occasional","No"
12560,22.2770833333333,6,2347.45,621,54,4.29857142857143,234.870138888889,"United Kingdom",391.241666666667,103.5,42.5186111111111,"4","Loyal Customers","No"
12561,67.8986111111111,3,449.84,132,20,3.6735,213.084722222222,"United Kingdom",149.946666666667,44,72.5930555555556,"3","Potential / Occasional","No"
12562,7.53055555555556,14,5163.08,1624,172,3.31351648351648,288.413194444444,"United Kingdom",368.791428571429,116,21.6063568376068,"2","Champions / High-Value","Yes"
12563,25.5305555555556,2,170.62,98,9,2.09,224.936111111111,"France",85.31,49,199.405555555556,"3","Potential / Occasional","No"
12564,210.908333333333,1,318.21,142,11,3.73636363636364,210.908333333333,"United Kingdom",318.21,142,210.908333333333,"3","Potential / Occasional","No"
12565,250.606944444444,2,45.25,36,7,1.20571428571429,308.624305555556,"United Kingdom",22.625,18,58.0173611111111,"1","At-Risk / Dormant","No"
12566,5.55763888888889,13,6094.75,2262,246,3.08488970588235,259.036805555556,"United Kingdom",468.826923076923,174,21.1232638888889,"2","Champions / High-Value","Yes"
12567,1.47361111111111,6,1592,446,60,4.11366666666667,299.876388888889,"United Kingdom",265.333333333333,74.3333333333333,59.6805555555556,"4","Loyal Customers","No"
12568,2.15347222222222,5,473.92,124,21,4.60318181818182,313.216666666667,"United Kingdom",94.784,24.8,77.7657986111111,"4","Loyal Customers","No"
12569,34.1326388888889,10,4855.61,1532,163,3.41146198830409,362.015972222222,"United Kingdom",485.561,153.2,36.4314814814815,"2","Champions / High-Value","Yes"
12570,55.6416666666667,10,4766.81,1382,150,3.44541935483871,343.749305555556,"United Kingdom",476.681,138.2,32.0119598765432,"2","Champions / High-Value","Yes"
12571,45.3020833333333,10,1944.88,786,79,3.1553164556962,264.604166666667,"United Kingdom",194.488,78.6,24.3668981481481,"4","Loyal Customers","No"
12572,151.211111111111,7,1546.99,427,51,3.83263157894737,255.547916666667,"Germany",220.998571428571,61,17.3894675925926,"4","Loyal Customers","No"
12573,49.1784722222222,3,105.05,46,8,2.06625,164.034027777778,"United Kingdom",35.0166666666667,15.3333333333333,57.4277777777778,"1","At-Risk / Dormant","No"
12574,86.3805555555556,4,915.41,354,39,3.09102564102564,146.709027777778,"United Kingdom",228.8525,88.5,20.1094907407407,"4","Loyal Customers","No"
12575,235.568055555556,4,1887.09,580,61,3.49129032258065,317.422916666667,"Finland",471.7725,145,27.2849537037037,"4","Loyal Customers","No"
12576,14.4069444444444,5,1513.42,445,49,3.81903846153846,118.286111111111,"United Kingdom",302.684,89,25.9697916666667,"4","Loyal Customers","No"
12577,13.3368055555556,9,2823.72,1128,117,3.07057851239669,266.091666666667,"United Kingdom",313.746666666667,125.333333333333,31.5943576388889,"4","Loyal Customers","No"
12578,32.5090277777778,8,778.11,276,33,3.44424242424242,300.724305555556,"United Kingdom",97.26375,34.5,38.3164682539683,"4","Loyal Customers","No"
12579,299.615972222222,2,237.94,102,12,2.48,343.147222222222,"United Kingdom",118.97,51,43.53125,"3","Potential / Occasional","No"
12580,17.93125,22,27861.54,7920,730,3.4810407239819,311.29375,"United Kingdom",1266.43363636364,360,13.9696428571429,"2","Champions / High-Value","Yes"
12581,46.1701388888889,8,2131.6,490,53,3.32803571428571,349.186111111111,"United Kingdom",266.45,61.25,43.287996031746,"4","Loyal Customers","No"
12582,9.33333333333333,8,4176.38,1103,110,3.25654867256637,341.68125,"United Kingdom",522.0475,137.875,47.4782738095238,"2","Champions / High-Value","Yes"
12583,296.033333333333,1,21.28,17,3,1.28666666666667,296.033333333333,"United Kingdom",21.28,17,296.033333333333,"1","At-Risk / Dormant","No"
12584,14.5472222222222,8,3526.82,881,89,4.10032608695652,304.560416666667,"United Kingdom",440.8525,110.125,41.4304563492063,"4","Loyal Customers","No"
12585,7.99097222222222,18,14283.7,4021,353,3.69579207920792,325.283333333333,"Spain",793.538888888889,223.388888888889,18.6642565359477,"2","Champions / High-Value","Yes"
12586,3.97152777777778,3,138.53,43,8,2.75625,140.286111111111,"United Kingdom",46.1766666666667,14.3333333333333,68.1572916666667,"1","At-Risk / Dormant","No"
12587,271.059027777778,1,63.87,33,6,1.81666666666667,271.059027777778,"United Kingdom",63.87,33,271.059027777778,"3","Potential / Occasional","No"
12588,26.1423611111111,7,1011.61,385,50,2.7878431372549,289.447222222222,"Germany",144.515714285714,55,43.8841435185185,"4","Loyal Customers","No"
12589,335.4375,1,6.52,4,1,1.63,335.4375,"United Kingdom",6.52,4,335.4375,"1","At-Risk / Dormant","No"
12590,286.072222222222,1,283.24,51,2,4.445,286.072222222222,"United Kingdom",283.24,51,286.072222222222,"3","Potential / Occasional","No"
12591,8.06458333333333,5,1123.28,329,36,3.42945945945946,336.222222222222,"United Kingdom",224.656,65.8,82.0394097222222,"4","Loyal Customers","No"
12592,11.0347222222222,25,26647.92,8241,682,3.25465621230398,328.011111111111,"Switzerland",1065.9168,329.64,13.207349537037,"2","Champions / High-Value","Yes"
12593,28.9270833333333,18,14695.12,4307,420,3.18792531120332,349.847916666667,"United Kingdom",816.395555555556,239.277777777778,18.8776960784314,"2","Champions / High-Value","Yes"
12594,211.274305555556,2,160.39,51,7,2.87,294.947222222222,"United Kingdom",80.195,25.5,83.6729166666667,"3","Potential / Occasional","No"
12595,58.5736111111111,5,2025.69,254,19,5.95684210526316,199.241666666667,"United Kingdom",405.138,50.8,35.1670138888889,"4","Loyal Customers","No"
12596,71.3868055555556,5,3259.64,872,71,3.56,245.4625,"United Kingdom",651.928,174.4,43.5189236111111,"4","Loyal Customers","No"
12597,86.9958333333333,3,398.35,165,13,2.81538461538462,301.766666666667,"United Kingdom",132.783333333333,55,107.385416666667,"3","Potential / Occasional","No"
12598,249.035416666667,2,393.72,211,11,2.32818181818182,304.63125,"United Kingdom",196.86,105.5,55.5958333333334,"3","Potential / Occasional","No"
12599,271.475694444444,1,57.44,57,4,1.615,271.475694444444,"United Kingdom",57.44,57,271.475694444444,"3","Potential / Occasional","No"
12600,4.89583333333333,12,5604.72,1725,182,3.48983957219251,173.411111111111,"United Kingdom",467.06,143.75,15.3195707070707,"2","Champions / High-Value","Yes"
12601,38.2958333333333,1,160.78,10,2,18.55,38.2958333333333,"United Kingdom",160.78,10,38.2958333333333,"1","At-Risk / Dormant","No"
12602,2.43333333333333,4,316.53,213,15,2.01,285.70625,"United Kingdom",79.1325,53.25,94.4243055555556,"4","Loyal Customers","No"
12603,2.12569444444444,3,532.19,152,19,4.62736842105263,120.336111111111,"United Kingdom",177.396666666667,50.6666666666667,59.1052083333333,"4","Loyal Customers","No"
12604,86.7951388888889,2,149.85,25,6,4.49166666666667,113.397222222222,"United Kingdom",74.925,12.5,26.6020833333333,"1","At-Risk / Dormant","No"
12605,127.281944444444,1,42.63,13,2,3.06,127.281944444444,"United Kingdom",42.63,13,127.281944444444,"1","At-Risk / Dormant","No"
12606,23.3215277777778,27,31716.61,9004,751,3.56652497343252,333.293055555556,"United Kingdom",1174.68925925926,333.481481481481,11.9219818376068,"2","Champions / High-Value","Yes"
12607,9.79791666666667,25,24805.5,7622,683,3.46690476190476,360.590277777778,"United Kingdom",992.22,304.88,14.6163483796296,"2","Champions / High-Value","Yes"
12608,91.8881944444445,9,7084.09,1956,185,3.54738219895288,311.502777777778,"United Kingdom",787.121111111111,217.333333333333,27.4518229166667,"2","Champions / High-Value","Yes"
12609,39.6680555555556,3,144.76,98,9,2.55777777777778,201.430555555556,"United Kingdom",48.2533333333333,32.6666666666667,80.88125,"3","Potential / Occasional","No"
12610,12.2444444444444,12,25630.32,14584,182,3.23607329842932,263.922916666667,"United Kingdom",2135.86,1215.33333333333,22.8798611111111,"2","Champions / High-Value","Yes"
12611,33.6090277777778,4,711.58,126,13,4.45857142857143,227.957638888889,"United Kingdom",177.895,31.5,64.7828703703704,"3","Potential / Occasional","No"
12612,25.9236111111111,2,441.14,96,10,4.546,332.084027777778,"United Kingdom",220.57,48,306.160416666667,"3","Potential / Occasional","No"
12613,54.06875,7,1901.32,565,60,3.19516666666667,339.848611111111,"United Kingdom",271.617142857143,80.7142857142857,47.6299768518518,"4","Loyal Customers","No"
12614,18.5743055555556,5,570.03,208,35,3.2675,258.946527777778,"United Kingdom",114.006,41.6,60.0930555555556,"4","Loyal Customers","No"
12615,254.888888888889,1,216.88,90,8,1.885,254.888888888889,"United Kingdom",216.88,90,254.888888888889,"3","Potential / Occasional","No"
12616,35.9395833333333,2,772.17,194,15,3.81133333333333,107.763194444444,"USA",386.085,97,71.8236111111111,"3","Potential / Occasional","No"
12617,3.74027777777778,11,2665.82,868,96,3.37443298969072,333.799305555556,"United Kingdom",242.347272727273,78.9090909090909,33.0059027777778,"4","Loyal Customers","No"
12618,49.3256944444444,20,8812.81,2532,256,3.5796,335.452083333333,"United Kingdom",440.6405,126.6,15.059283625731,"2","Champions / High-Value","Yes"
12619,16.4041666666667,4,519.54,199,26,2.34423076923077,278.325694444444,"United Kingdom",129.885,49.75,87.3071759259259,"4","Loyal Customers","No"
12620,18.2354166666667,7,1907.18,725,55,2.78818181818182,302.921527777778,"Germany",272.454285714286,103.571428571429,47.4476851851852,"4","Loyal Customers","No"
12621,4.92361111111111,20,17565.81,5125,449,3.33476923076923,317.794444444444,"United Kingdom",878.2905,256.25,16.4668859649123,"2","Champions / High-Value","Yes"
12622,28.2770833333333,6,642.07,240,28,2.89793103448276,286.65,"United Kingdom",107.011666666667,40,51.6745833333333,"4","Loyal Customers","No"
12623,29.7569444444444,2,412.08,158,13,2.89846153846154,294.070833333333,"United Kingdom",206.04,79,264.313888888889,"3","Potential / Occasional","No"
12624,129.35,2,414.01,110,12,4.01666666666667,322.715277777778,"United Kingdom",207.005,55,193.365277777778,"3","Potential / Occasional","No"
12625,218.944444444444,1,142.87,55,3,3.16333333333333,218.944444444444,"United Kingdom",142.87,55,218.944444444444,"3","Potential / Occasional","No"
12626,253.758333333333,1,15.48,12,2,0.91,253.758333333333,"United Kingdom",15.48,12,253.758333333333,"1","At-Risk / Dormant","No"
12627,9.10694444444444,8,5450.46,978,112,4.39887931034483,298.730555555556,"United Kingdom",681.3075,122.25,41.3748015873016,"2","Champions / High-Value","Yes"
12628,1.95416666666667,9,3330.07,936,82,3.47352941176471,292.434722222222,"United Kingdom",370.007777777778,104,36.3100694444444,"4","Loyal Customers","No"
12629,191.002083333333,2,329.38,99,10,1.796,349.832638888889,"Spain",164.69,49.5,158.830555555556,"3","Potential / Occasional","No"
12630,231.523611111111,1,169.86,83,6,2.20666666666667,231.523611111111,"United Kingdom",169.86,83,231.523611111111,"3","Potential / Occasional","No"
12631,20.2604166666667,3,172.25,74,17,2.02058823529412,147.814583333333,"United Kingdom",57.4166666666667,24.6666666666667,63.7770833333333,"3","Potential / Occasional","No"
12632,263.804166666667,1,90.64,39,6,2.53666666666667,263.804166666667,"United Kingdom",90.64,39,263.804166666667,"3","Potential / Occasional","No"
12633,94.4930555555556,3,671.93,175,22,3.44478260869565,294.438194444444,"United Kingdom",223.976666666667,58.3333333333333,99.9725694444444,"3","Potential / Occasional","No"
12634,44.1652777777778,6,3705.92,969,103,3.99,229.967361111111,"Switzerland",617.653333333333,161.5,37.1604166666667,"4","Loyal Customers","No"
12635,23.7506944444444,8,1088.56,245,36,3.18333333333333,212.711805555556,"United Kingdom",136.07,30.625,26.9944444444444,"4","Loyal Customers","No"
12636,16.0694444444444,16,16314.12,4626,441,3.35148727984344,245.389583333333,"United Kingdom",1019.6325,289.125,15.2880092592593,"2","Champions / High-Value","Yes"
12637,67.7006944444445,3,363.78,164,13,3.62307692307692,238.404166666667,"United Kingdom",121.26,54.6666666666667,85.3517361111111,"3","Potential / Occasional","No"
12638,40.8145833333333,6,1743.73,509,50,3.6198,245.143055555556,"United Kingdom",290.621666666667,84.8333333333333,40.8656944444444,"4","Loyal Customers","No"
12639,73.1958333333333,4,1574.47,426,34,3.30205882352941,332.727777777778,"United Kingdom",393.6175,106.5,86.5106481481481,"4","Loyal Customers","No"
12640,13.0291666666667,12,6640.41,1751,181,3.47005154639175,312.267361111111,"United Kingdom",553.3675,145.916666666667,27.2034722222222,"2","Champions / High-Value","Yes"
12641,292.83125,1,72.81,9,1,8.09,292.83125,"United Kingdom",72.81,9,292.83125,"1","At-Risk / Dormant","No"
12642,31.0277777777778,3,1075.74,272,12,2.6925,209.00625,"United Kingdom",358.58,90.6666666666667,88.9892361111111,"4","Loyal Customers","No"
12643,1.4375,19,211811.07,79551,483,3.26956363636364,333.066666666667,"United Kingdom",11147.9510526316,4186.8947368421,18.4238425925926,"2","Champions / High-Value","Yes"
12644,177.094444444444,2,26.62,14,4,1.955,219.877083333333,"United Kingdom",13.31,7,42.7826388888889,"1","At-Risk / Dormant","No"
12645,39.69375,7,1407.83,482,52,3.51111111111111,201.79375,"Austria",201.118571428571,68.8571428571429,27.0166666666667,"4","Loyal Customers","No"
12646,276.113194444444,1,38.1,61,4,1.015,276.113194444444,"United Kingdom",38.1,61,276.113194444444,"3","Potential / Occasional","No"
12647,11.0451388888889,4,867.41,324,39,3.01538461538462,165.826388888889,"United Kingdom",216.8525,81,51.59375,"4","Loyal Customers","No"
12648,5.01944444444444,21,24247.92,6841,633,3.22340453938585,310.670833333333,"United Kingdom",1154.66285714286,325.761904761905,15.2825694444444,"2","Champions / High-Value","Yes"
12649,29.7909722222222,2,369.9,64,4,3.1175,259.034722222222,"United Kingdom",184.95,32,229.24375,"3","Potential / Occasional","No"
12650,60.3173611111111,6,1397.78,410,51,3.18411764705882,365.121527777778,"United Kingdom",232.963333333333,68.3333333333333,60.9608333333333,"4","Loyal Customers","No"
12651,71.0027777777778,5,1028.53,299,45,3.74466666666667,218.974305555556,"United Kingdom",205.706,59.8,36.9928819444444,"4","Loyal Customers","No"
12652,29.8819444444444,5,224.64,103,15,2.52333333333333,267.705555555556,"United Kingdom",44.928,20.6,59.4559027777778,"3","Potential / Occasional","No"
12653,18.1555555555556,5,1397.54,347,34,4.73805555555556,298.3125,"United Kingdom",279.508,69.4,70.0392361111111,"4","Loyal Customers","No"
12654,160.765277777778,1,173.4,15,2,12.215,160.765277777778,"United Kingdom",173.4,15,160.765277777778,"1","At-Risk / Dormant","No"
12655,8.53680555555556,3,416.45,198,14,2.96428571428571,276.402777777778,"United Kingdom",138.816666666667,66,133.932986111111,"4","Loyal Customers","No"
12656,174.196527777778,3,759.45,273,26,2.715,318.770138888889,"United Kingdom",253.15,91,72.2868055555555,"3","Potential / Occasional","No"
12657,4.88333333333333,28,49267.63,21926,882,3.40102262443439,366.155555555556,"United Kingdom",1759.55821428571,783.071428571429,13.3804526748971,"2","Champions / High-Value","Yes"
12658,42.8222222222222,2,60.79,38,7,1.95,74.2472222222222,"United Kingdom",30.395,19,31.425,"1","At-Risk / Dormant","No"
12659,17.0548611111111,8,718.64,275,31,2.39516129032258,297.606944444444,"United Kingdom",89.83,34.375,40.078869047619,"4","Loyal Customers","No"
12660,177.767361111111,2,204.83,56,7,3.97857142857143,255.228472222222,"United Kingdom",102.415,28,77.4611111111111,"3","Potential / Occasional","No"
12661,76.3493055555556,5,1007.38,273,30,3.596,254.646527777778,"United Kingdom",201.476,54.6,44.5743055555556,"4","Loyal Customers","No"
12662,296.150694444444,2,527.33,127,19,3.63631578947368,354.800694444444,"United Kingdom",263.665,63.5,58.65,"3","Potential / Occasional","No"
12663,69.5138888888889,3,384.48,148,16,2.4,85.3597222222222,"United Kingdom",128.16,49.3333333333333,7.92291666666667,"3","Potential / Occasional","No"
12664,13.6611111111111,9,1671.94,554,61,3.08770491803279,167.038194444444,"United Kingdom",185.771111111111,61.5555555555556,19.1721354166667,"4","Loyal Customers","No"
12665,73.6805555555556,2,650.09,171,10,5.036,91.4986111111111,"United Kingdom",325.045,85.5,17.8180555555556,"3","Potential / Occasional","No"
12666,178.272222222222,1,23.53,34,5,1.12,178.272222222222,"United Kingdom",23.53,34,178.272222222222,"1","At-Risk / Dormant","No"
12667,275.689583333333,1,89.18,14,2,6.37,275.689583333333,"United Kingdom",89.18,14,275.689583333333,"1","At-Risk / Dormant","No"
12668,37.3638888888889,6,1481.68,456,50,2.9312,310.721527777778,"United Kingdom",246.946666666667,76,54.6715277777778,"4","Loyal Customers","No"
12669,74.3,2,129.9,45,8,2.9,222.159722222222,"United Kingdom",64.95,22.5,147.859722222222,"3","Potential / Occasional","No"
12670,107.040972222222,3,399.79,187,21,2.56380952380952,249.165277777778,"United Kingdom",133.263333333333,62.3333333333333,71.0621527777778,"3","Potential / Occasional","No"
12671,37.2034722222222,3,88.28,76,6,2.90666666666667,261.94375,"United Kingdom",29.4266666666667,25.3333333333333,112.370138888889,"3","Potential / Occasional","No"
12672,40.9520833333333,4,596.16,180,18,4.44333333333333,267.390972222222,"United Kingdom",149.04,45,75.4796296296296,"3","Potential / Occasional","No"
12673,160.552777777778,1,9.9,9,2,0.99,160.552777777778,"United Kingdom",9.9,9,160.552777777778,"1","At-Risk / Dormant","No"
12674,315.029166666667,1,310.62,98,7,2.66571428571429,315.029166666667,"United Kingdom",310.62,98,315.029166666667,"3","Potential / Occasional","No"
12675,80.7895833333333,1,100.99,25,4,3.4575,80.7895833333333,"United Kingdom",100.99,25,80.7895833333333,"1","At-Risk / Dormant","No"
12676,28.3715277777778,7,2895.9,918,88,4.1621978021978,299.373611111111,"United Kingdom",413.7,131.142857142857,45.1670138888889,"4","Loyal Customers","No"
12677,87.8840277777778,4,442.76,163,21,2.1447619047619,176.336805555556,"United Kingdom",110.69,40.75,29.4842592592593,"3","Potential / Occasional","No"
12678,64.6798611111111,14,5669,2022,213,3.00517391304348,362.101388888889,"United Kingdom",404.928571428571,144.428571428571,22.8785790598291,"2","Champions / High-Value","Yes"
12679,5.60069444444444,8,2761.5,704,71,3.38315789473684,320.818055555556,"United Kingdom",345.1875,88,45.0310515873016,"4","Loyal Customers","No"
12680,6.59930555555556,20,10841.67,3703,363,3.07694915254237,239.118055555556,"United Kingdom",542.0835,185.15,12.2378289473684,"2","Champions / High-Value","Yes"
12681,68.2590277777778,3,227.25,54,10,4.079,198.313194444444,"United Kingdom",75.75,18,65.0270833333333,"3","Potential / Occasional","No"
12682,347.072916666667,1,65.64,15,2,5.01,347.072916666667,"United Kingdom",65.64,15,347.072916666667,"1","At-Risk / Dormant","No"
12683,111.050694444444,5,1286.58,340,45,4.00666666666667,310.359027777778,"United Kingdom",257.316,68,49.8270833333333,"4","Loyal Customers","No"
12684,66.675,8,1443.05,570,50,2.91269230769231,359.386111111111,"United Kingdom",180.38125,71.25,41.815873015873,"4","Loyal Customers","No"
12685,193.1125,3,495.08,224,21,2.68095238095238,327.556944444444,"United Kingdom",165.026666666667,74.6666666666667,67.2222222222222,"3","Potential / Occasional","No"
12686,193.789583333333,3,370.77,162,20,2.27047619047619,306.875694444444,"United Kingdom",123.59,54,56.5430555555556,"3","Potential / Occasional","No"
12687,25.3305555555556,4,1120.38,166,23,3.72347826086957,266.164583333333,"United Kingdom",280.095,41.5,80.2780092592593,"4","Loyal Customers","No"
12688,59.9548611111111,5,2062.28,496,54,2.91381818181818,215.897222222222,"United Kingdom",412.456,99.2,38.9855902777778,"4","Loyal Customers","No"
12689,81.74375,7,2399.4,903,90,3.17619565217391,332.113888888889,"United Kingdom",342.771428571429,129,41.7283564814815,"4","Loyal Customers","No"
12690,18.5402777777778,18,16043.57,5113,460,3.22285440613027,309.797222222222,"United Kingdom",891.309444444444,284.055555555556,17.1327614379085,"2","Champions / High-Value","Yes"
12691,46.1027777777778,4,522.79,191,31,2.90258064516129,195.065277777778,"France",130.6975,47.75,49.6541666666667,"3","Potential / Occasional","No"
12692,12.1111111111111,2,402.53,64,11,4.91833333333333,65.0979166666667,"Germany",201.265,32,52.9868055555555,"3","Potential / Occasional","No"
12693,134.935416666667,2,507.06,107,7,8.01571428571429,294.006944444444,"United Kingdom",253.53,53.5,159.071527777778,"3","Potential / Occasional","No"
12694,40.6826388888889,9,2881.55,1010,93,3.69168421052632,327.496527777778,"United Kingdom",320.172222222222,112.222222222222,35.8517361111111,"4","Loyal Customers","No"
12695,43.6263888888889,8,1903.27,599,62,3.21123076923077,189.989583333333,"United Kingdom",237.90875,74.875,20.9090277777778,"4","Loyal Customers","No"
12696,58.9083333333333,1,28.2,13,2,2.315,58.9083333333333,"United Kingdom",28.2,13,58.9083333333333,"1","At-Risk / Dormant","No"
12697,63.4326388888889,3,1616.2,197,21,3.84857142857143,237.646527777778,"United Kingdom",538.733333333333,65.6666666666667,87.1069444444445,"4","Loyal Customers","No"
12698,29.40625,10,2744.69,861,99,3.4853,324.057638888889,"United Kingdom",274.469,86.1,32.7390432098765,"4","Loyal Customers","No"
12699,108.959722222222,9,3434.96,959,93,3.55778947368421,294.745138888889,"United Kingdom",381.662222222222,106.555555555556,23.2231770833333,"4","Loyal Customers","No"
12700,80.41875,9,4303.17,1073,120,3.70992125984252,366.178472222222,"United Kingdom",478.13,119.222222222222,35.7199652777778,"4","Loyal Customers","No"
12701,24.5520833333333,7,1401.37,299,41,5.13926829268293,223.556944444444,"United Kingdom",200.195714285714,42.7142857142857,33.1674768518519,"4","Loyal Customers","No"
12703,18.0819444444444,1,678.82,79,5,3.836,18.0819444444444,"United Kingdom",678.82,79,18.0819444444444,"3","Potential / Occasional","No"
12704,83.7965277777778,5,859.03,313,40,3.59195121951219,277.975694444444,"Germany",171.806,62.6,48.5447916666667,"4","Loyal Customers","No"
12705,36.1256944444444,2,452.38,168,14,2.74928571428571,223.272916666667,"United Kingdom",226.19,84,187.147222222222,"3","Potential / Occasional","No"
12706,6.94583333333333,5,2936.12,563,51,5.12019607843137,296.216666666667,"United Kingdom",587.224,112.6,72.3177083333333,"4","Loyal Customers","No"
12707,39.5354166666667,3,296.39,121,17,2.54647058823529,115.265972222222,"United Kingdom",98.7966666666667,40.3333333333333,37.8652777777778,"3","Potential / Occasional","No"
12708,313.961805555556,1,364.88,65,5,6.268,313.961805555556,"United Kingdom",364.88,65,313.961805555556,"3","Potential / Occasional","No"
12709,341.727083333333,1,30.02,15,3,1.82333333333333,341.727083333333,"United Kingdom",30.02,15,341.727083333333,"1","At-Risk / Dormant","No"
12710,66.1777777777778,6,1947.19,556,72,3.33430555555556,295.684722222222,"United Kingdom",324.531666666667,92.6666666666667,45.9013888888889,"4","Loyal Customers","No"
12711,12.4951388888889,2,818.71,182,15,4.54466666666667,79.7034722222222,"United Kingdom",409.355,91,67.2083333333333,"3","Potential / Occasional","No"
12712,118.115972222222,1,89.42,33,5,3.02,118.115972222222,"United Kingdom",89.42,33,118.115972222222,"1","At-Risk / Dormant","No"
12713,48.8881944444444,4,552.48,191,24,3.66875,181.430555555556,"United Kingdom",138.12,47.75,44.180787037037,"3","Potential / Occasional","No"
12714,7.375,9,2652.5,817,93,3.06561224489796,264.115277777778,"United Kingdom",294.722222222222,90.7777777777778,32.0925347222222,"4","Loyal Customers","No"
12715,51.5361111111111,1,8.8,12,2,0.75,51.5361111111111,"United Kingdom",8.8,12,51.5361111111111,"1","At-Risk / Dormant","No"
12716,38.3916666666667,3,171.77,70,10,2.841,100.358333333333,"United Kingdom",57.2566666666667,23.3333333333333,30.9833333333333,"1","At-Risk / Dormant","No"
12717,54.6833333333333,1,6.6,5,1,1.32,54.6833333333333,"United Kingdom",6.6,5,54.6833333333333,"1","At-Risk / Dormant","No"
12718,275.022222222222,1,125.96,47,1,2.68,275.022222222222,"Denmark",125.96,47,275.022222222222,"3","Potential / Occasional","No"
12719,26.8673611111111,7,3756.68,1010,93,3.26223404255319,238.184722222222,"United Kingdom",536.668571428571,144.285714285714,35.2195601851852,"4","Loyal Customers","No"
12720,138.672222222222,3,1768.16,360,42,3.19761904761905,239.004166666667,"United Kingdom",589.386666666667,120,50.1659722222222,"4","Loyal Customers","No"
12721,120.443055555556,5,1111.87,318,48,3.473125,322.190277777778,"United Kingdom",222.374,63.6,50.4368055555556,"4","Loyal Customers","No"
12722,30.4520833333333,9,2876.41,846,100,3.4178431372549,312.96875,"United Kingdom",319.601111111111,94,35.3145833333333,"4","Loyal Customers","No"
12723,73.1875,5,1008.25,284,32,3.6253125,356.998611111111,"United Kingdom",201.65,56.8,70.9527777777778,"4","Loyal Customers","No"
12724,14.2763888888889,14,6014.95,2025,188,3.32830845771144,326.497222222222,"United Kingdom",429.639285714286,144.642857142857,24.0169871794872,"2","Champions / High-Value","Yes"
12725,263.435416666667,1,21.36,8,1,2.67,263.435416666667,"United Kingdom",21.36,8,263.435416666667,"1","At-Risk / Dormant","No"
12726,45.2263888888889,5,1230.97,439,44,2.61363636363636,356.743055555556,"Portugal",246.194,87.8,77.8791666666667,"4","Loyal Customers","No"
12727,201.288194444444,1,28.16,13,3,2.79333333333333,201.288194444444,"United Kingdom",28.16,13,201.288194444444,"1","At-Risk / Dormant","No"
12728,23.5958333333333,4,457.34,194,28,2.30862068965517,324.254166666667,"United Kingdom",114.335,48.5,100.219444444444,"4","Loyal Customers","No"
12729,16.9048611111111,17,15453.44,4836,497,3.24888888888889,358.918055555556,"United Kingdom",909.025882352941,284.470588235294,21.3758246527778,"2","Champions / High-Value","Yes"
12730,94.4215277777778,1,314.69,46,2,8.825,94.4215277777778,"United Kingdom",314.69,46,94.4215277777778,"3","Potential / Occasional","No"
12731,17.6958333333333,6,1862.23,426,35,3.5775,372.380555555556,"United Kingdom",310.371666666667,71,70.9369444444444,"4","Loyal Customers","No"
12732,124.825694444444,1,189.74,82,7,2.60285714285714,124.825694444444,"United Kingdom",189.74,82,124.825694444444,"3","Potential / Occasional","No"
12733,10.3777777777778,21,19388.96,5635,514,3.50181034482759,346.261805555556,"United Kingdom",923.28380952381,268.333333333333,16.7942013888889,"2","Champions / High-Value","Yes"
12734,130.509027777778,1,132.39,27,5,4.902,130.509027777778,"United Kingdom",132.39,27,130.509027777778,"1","At-Risk / Dormant","No"
12735,64.7534722222222,5,1163,403,31,3.22125,355.188888888889,"Germany",232.6,80.6,72.6088541666667,"4","Loyal Customers","No"
12736,32.6166666666667,5,1191.12,306,34,3.60571428571429,292.536805555556,"United Kingdom",238.224,61.2,64.9800347222222,"4","Loyal Customers","No"
12737,29.4763888888889,5,687.39,271,39,3.29,344.515972222222,"United Kingdom",137.478,54.2,78.7598958333333,"4","Loyal Customers","No"
12738,1.45069444444444,1,19.75,5,1,3.95,1.45069444444444,"United Kingdom",19.75,5,1.45069444444444,"1","At-Risk / Dormant","No"
12739,44.1743055555556,3,387.46,74,13,5.21692307692308,201.148611111111,"United Kingdom",129.153333333333,24.6666666666667,78.4871527777778,"3","Potential / Occasional","No"
12740,357.0875,1,41.36,33,5,1.178,357.0875,"United Kingdom",41.36,33,357.0875,"1","At-Risk / Dormant","No"
12741,12.9513888888889,19,12161.78,3390,317,3.47945714285714,370.577777777778,"Netherlands",640.093684210526,178.421052631579,19.8681327160494,"2","Champions / High-Value","Yes"
12742,11.8895833333333,1,11.5,5,1,2.3,11.8895833333333,"United Kingdom",11.5,5,11.8895833333333,"1","At-Risk / Dormant","No"
12743,41.1972222222222,2,44.82,26,5,1.83,103.647222222222,"United Kingdom",22.41,13,62.45,"1","At-Risk / Dormant","No"
12744,122.263888888889,3,117.66,46,8,2.45875,201.8,"United Kingdom",39.22,15.3333333333333,39.7680555555556,"1","At-Risk / Dormant","No"
12745,83.8173611111111,12,6205.41,1895,194,3.22509523809524,358.897222222222,"France",517.1175,157.916666666667,25.0072601010101,"2","Champions / High-Value","Yes"
12746,11.95,10,3088.35,999,113,3.57137931034483,325.388888888889,"United Kingdom",308.835,99.9,34.8265432098765,"4","Loyal Customers","No"
12747,190.184027777778,1,96.59,38,7,2.50142857142857,190.184027777778,"United Kingdom",96.59,38,190.184027777778,"3","Potential / Occasional","No"
12748,38.2923611111111,8,4957.07,1533,126,3.46222222222222,317.075694444444,"United Kingdom",619.63375,191.625,39.8261904761905,"2","Champions / High-Value","Yes"
12749,5.37222222222222,5,1051.61,399,29,3.22967741935484,215.939583333333,"United Kingdom",210.322,79.8,52.6418402777778,"4","Loyal Customers","No"
12750,93.0368055555556,2,190.27,67,11,3.03,250.047222222222,"Germany",95.135,33.5,157.010416666667,"3","Potential / Occasional","No"
12751,29.7423611111111,11,5014.73,1472,147,3.09176470588235,359.592361111111,"United Kingdom",455.884545454546,133.818181818182,32.985,"2","Champions / High-Value","Yes"
12752,16.9368055555556,2,436.24,101,16,4.110625,89.6798611111111,"Germany",218.12,50.5,72.7430555555556,"3","Potential / Occasional","No"
12753,3.56527777777778,8,1487.62,551,61,3.29193548387097,345.186805555556,"Germany",185.9525,68.875,48.8030753968254,"4","Loyal Customers","No"
12754,38.6520833333333,6,1454.6,487,61,3.82967741935484,237.761805555556,"United Kingdom",242.433333333333,81.1666666666667,39.8219444444444,"4","Loyal Customers","No"
12755,38.1993055555556,2,109.4,75,6,2.67,138.5875,"United Kingdom",54.7,37.5,100.388194444444,"1","At-Risk / Dormant","No"
12756,73.0583333333333,3,148.36,103,10,1.943,206.874305555556,"United Kingdom",49.4533333333333,34.3333333333333,66.9079861111111,"3","Potential / Occasional","No"
12757,85.6840277777778,4,982.35,290,27,2.95666666666667,238.268055555556,"United Kingdom",245.5875,72.5,50.8613425925926,"4","Loyal Customers","No"
12758,28.8548611111111,10,2395.83,869,96,3.01102040816327,274.094444444444,"United Kingdom",239.583,86.9,27.2488425925926,"4","Loyal Customers","No"
12760,23.5888888888889,9,8182.93,2023,177,3.85447368421053,307.252777777778,"United Kingdom",909.214444444444,224.777777777778,35.4579861111111,"2","Champions / High-Value","Yes"
12761,38.1020833333333,4,716.15,235,22,3.67363636363636,229.032638888889,"United Kingdom",179.0375,58.75,63.6435185185185,"3","Potential / Occasional","No"
12762,16.2145833333333,29,27578.21,8155,641,3.2243216080402,352.641666666667,"United Kingdom",950.97275862069,281.206896551724,12.0152529761905,"2","Champions / High-Value","Yes"
12763,28.9645833333333,4,1075.1,257,23,5.71583333333333,282.830555555556,"United Kingdom",268.775,64.25,84.6219907407407,"4","Loyal Customers","No"
12764,10.9833333333333,7,745.07,236,33,3.15411764705882,329.246527777778,"United Kingdom",106.438571428571,33.7142857142857,53.0438657407407,"4","Loyal Customers","No"
12765,8.55208333333333,7,745.43,233,31,3.495625,229.127083333333,"United Kingdom",106.49,33.2857142857143,36.7625,"4","Loyal Customers","No"
12766,44.0027777777778,5,1583.81,598,56,2.57178571428571,238.436805555556,"United Kingdom",316.762,119.6,48.6085069444444,"4","Loyal Customers","No"
12767,54.7097222222222,9,2141.26,663,83,3.32626506024096,299.725,"United Kingdom",237.917777777778,73.6666666666667,30.6269097222222,"4","Loyal Customers","No"
12768,21.2854166666667,9,3269.4,1046,90,3.0070652173913,351.554166666667,"United Kingdom",363.266666666667,116.222222222222,41.28359375,"4","Loyal Customers","No"
12769,40.0375,11,3320.4,1046,127,3.40523076923077,362.563888888889,"United Kingdom",301.854545454545,95.0909090909091,32.2526388888889,"4","Loyal Customers","No"
12770,23.7319444444444,1,221.18,78,6,6.10833333333333,23.7319444444444,"United Kingdom",221.18,78,23.7319444444444,"1","At-Risk / Dormant","No"
12771,2.28125,13,2537.89,899,101,3.31358490566038,291.254861111111,"United Kingdom",195.222307692308,69.1538461538462,24.0811342592593,"4","Loyal Customers","No"
12772,25.1743055555556,6,2030.77,526,55,3.59890909090909,351.995833333333,"United Kingdom",338.461666666667,87.6666666666667,65.3643055555555,"4","Loyal Customers","No"
12773,99.3604166666667,1,136.56,35,4,3.665,99.3604166666667,"United Kingdom",136.56,35,99.3604166666667,"1","At-Risk / Dormant","No"
12774,22.7875,5,656.9,299,37,2.31810810810811,209.861805555556,"United Kingdom",131.38,59.8,46.7685763888889,"4","Loyal Customers","No"
12775,62.6201388888889,3,236.97,98,13,2.96076923076923,218.473611111111,"United Kingdom",78.99,32.6666666666667,77.9267361111111,"3","Potential / Occasional","No"
12776,7.99583333333333,25,30557.43,9539,813,3.46100196463654,357.014583333333,"United Kingdom",1222.2972,381.56,14.5424479166667,"2","Champions / High-Value","Yes"
12777,14.9965277777778,6,1123.63,417,44,3.10090909090909,247.313194444444,"United Kingdom",187.271666666667,69.5,46.4633333333333,"4","Loyal Customers","No"
12778,10.2673611111111,7,1036.49,386,33,2.20545454545455,253.168055555556,"United Kingdom",148.07,55.1428571428571,40.4834490740741,"4","Loyal Customers","No"
12779,27.2354166666667,3,943.28,322,25,3.6228,196.931944444444,"United Kingdom",314.426666666667,107.333333333333,84.8482638888889,"4","Loyal Customers","No"
12780,99.8597222222222,2,616.08,76,7,5.22142857142857,252.699305555556,"United Kingdom",308.04,38,152.839583333333,"3","Potential / Occasional","No"
12781,24.2048611111111,2,571.17,189,19,4.34789473684211,31.3888888888889,"United Kingdom",285.585,94.5,7.18402777777778,"3","Potential / Occasional","No"
12782,172.784722222222,2,112.1,41,9,2.97222222222222,269.807638888889,"United Kingdom",56.05,20.5,97.0229166666667,"3","Potential / Occasional","No"
12783,30.8965277777778,1,193.33,58,5,4.454,30.8965277777778,"United Kingdom",193.33,58,30.8965277777778,"1","At-Risk / Dormant","No"
12784,19.6826388888889,14,7643.35,2205,218,3.45752066115702,353.029166666667,"Germany",545.953571428571,157.5,25.6420405982906,"2","Champions / High-Value","Yes"
12785,75.6298611111111,5,1140.98,414,46,3.20191489361702,208.0125,"United Kingdom",228.196,82.8,33.0956597222222,"4","Loyal Customers","No"
12786,18.1041666666667,2,504.59,97,9,3.94111111111111,78.1965277777778,"United Kingdom",252.295,48.5,60.0923611111111,"3","Potential / Occasional","No"
12787,143.382638888889,2,74.6,14,2,5.315,293.436111111111,"United Kingdom",37.3,7,150.053472222222,"1","At-Risk / Dormant","No"
12788,51.3597222222222,3,514.4,147,18,3.94777777777778,129.774305555556,"United Kingdom",171.466666666667,49,39.2072916666667,"3","Potential / Occasional","No"
12789,18.7618055555556,18,14565.74,4532,421,3.14046218487395,328.795833333333,"United Kingdom",809.207777777778,251.777777777778,18.237295751634,"2","Champions / High-Value","Yes"
12790,1.55277777777778,24,19959.17,6217,545,3.31289389067524,361.304861111111,"United Kingdom",831.632083333333,259.041666666667,15.6413949275362,"2","Champions / High-Value","Yes"
12791,71.6618055555556,6,998.08,325,33,3.21088235294118,243.85625,"United Kingdom",166.346666666667,54.1666666666667,34.4388888888889,"4","Loyal Customers","No"
12792,29.2805555555556,6,700.21,246,31,3.34935483870968,324.7625,"United Kingdom",116.701666666667,41,59.0963888888889,"4","Loyal Customers","No"
12793,91.6902777777778,5,1264.86,382,26,3.16961538461538,250.988888888889,"United Kingdom",252.972,76.4,39.8246527777778,"4","Loyal Customers","No"
12794,95.5340277777778,8,3202.14,1059,117,3.0202479338843,325.434027777778,"United Kingdom",400.2675,132.375,32.8428571428571,"4","Loyal Customers","No"
12795,66.1798611111111,5,1350.01,367,55,4.09145454545455,313.941666666667,"United Kingdom",270.002,73.4,61.9404513888889,"4","Loyal Customers","No"
12796,81.0993055555556,6,814.64,331,44,2.58886363636364,349.020833333333,"Germany",135.773333333333,55.1666666666667,53.5843055555556,"4","Loyal Customers","No"
12797,160.331944444444,2,145.68,16,2,7.79,344.438194444444,"United Kingdom",72.84,8,184.10625,"1","At-Risk / Dormant","No"
12798,100.825,6,1801.67,479,52,3.88339622641509,282.991666666667,"United Kingdom",300.278333333333,79.8333333333333,36.4333333333333,"4","Loyal Customers","No"
12799,32.7673611111111,16,9524.53,2691,226,3.23619433198381,366.875694444444,"United Kingdom",595.283125,168.1875,22.2738888888889,"2","Champions / High-Value","Yes"
12800,61.2597222222222,4,715.32,162,22,5.16409090909091,322.973611111111,"United Kingdom",178.83,40.5,87.237962962963,"3","Potential / Occasional","No"
12801,27.4631944444444,5,844.31,389,49,2.37387755102041,223.320833333333,"United Kingdom",168.862,77.8,48.9644097222222,"4","Loyal Customers","No"
12802,6.65694444444444,10,3296.23,1015,125,3.387578125,204.383333333333,"United Kingdom",329.623,101.5,21.9695987654321,"4","Loyal Customers","No"
12803,52.3854166666667,4,645.7,223,22,2.94909090909091,248.540277777778,"United Kingdom",161.425,55.75,65.3849537037037,"3","Potential / Occasional","No"
12804,33.8833333333333,3,1511.51,179,16,5.135,187.139583333333,"United Kingdom",503.836666666667,59.6666666666667,76.628125,"4","Loyal Customers","No"
12805,57.6743055555556,1,54.95,16,3,2.44666666666667,57.6743055555556,"United Kingdom",54.95,16,57.6743055555556,"1","At-Risk / Dormant","No"
12806,73.9673611111111,8,2470.42,794,106,3.34376146788991,352.271527777778,"United Kingdom",308.8025,99.25,39.7577380952381,"4","Loyal Customers","No"
12807,77.1729166666667,4,488.07,155,21,3.55571428571429,232.175,"United Kingdom",122.0175,38.75,51.6673611111111,"3","Potential / Occasional","No"
12808,22.6222222222222,2,74.84,54,7,1.43428571428571,258.393055555556,"United Kingdom",37.42,27,235.770833333333,"1","At-Risk / Dormant","No"
12809,4.06597222222222,10,5138.54,1632,184,3.32212121212121,335.182638888889,"United Kingdom",513.854,163.2,36.7907407407407,"2","Champions / High-Value","Yes"
12810,99.6777777777778,4,520.62,234,28,2.64928571428571,298.221527777778,"United Kingdom",130.155,58.5,66.18125,"3","Potential / Occasional","No"
12811,44.3395833333333,7,3064.93,965,67,3.22085714285714,340.155555555556,"United Kingdom",437.847142857143,137.857142857143,49.302662037037,"4","Loyal Customers","No"
12812,83.7638888888889,2,314.11,69,12,4.57083333333333,235.120138888889,"United Kingdom",157.055,34.5,151.35625,"3","Potential / Occasional","No"
12813,82.9229166666667,4,494.32,288,27,2.70888888888889,238.860416666667,"United Kingdom",123.58,72,51.9791666666667,"3","Potential / Occasional","No"
12814,115.264583333333,2,97.28,40,7,2.91714285714286,201.972916666667,"United Kingdom",48.64,20,86.7083333333333,"1","At-Risk / Dormant","No"
12815,2.95,13,4697.12,1251,158,3.56957055214724,300.75,"United Kingdom",361.316923076923,96.2307692307692,24.8166666666667,"2","Champions / High-Value","Yes"
12816,60.0666666666667,4,1069.3,369,42,2.84809523809524,280.810416666667,"United Kingdom",267.325,92.25,73.58125,"4","Loyal Customers","No"
12817,36.8861111111111,10,3578.09,1227,127,3.13045454545455,345.915972222222,"United Kingdom",357.809,122.7,34.3366512345679,"4","Loyal Customers","No"
12818,18.7618055555556,4,309.82,158,14,2.46642857142857,180.730555555556,"United Kingdom",77.455,39.5,53.9895833333333,"3","Potential / Occasional","No"
12819,30.8680555555556,5,897.17,332,38,2.66131578947368,312.086111111111,"United Kingdom",179.434,66.4,70.3045138888889,"4","Loyal Customers","No"
12820,45.8715277777778,4,2132.07,381,36,3.71694444444444,160.711111111111,"United Kingdom",533.0175,95.25,38.2798611111111,"4","Loyal Customers","No"
12821,151.501388888889,5,1041.71,252,29,4.71,259.582638888889,"France",208.342,50.4,27.0203125,"3","Potential / Occasional","No"
12822,263.5875,1,53.95,70,4,1.1,263.5875,"United Kingdom",53.95,70,263.5875,"3","Potential / Occasional","No"
12823,26.2236111111111,4,1140.85,267,31,4.53387096774194,327.161111111111,"United Kingdom",285.2125,66.75,100.3125,"4","Loyal Customers","No"
12824,52.3201388888889,5,1025.1,283,25,2.758,328.089583333333,"Germany",205.02,56.6,68.9423611111111,"4","Loyal Customers","No"
12825,124.867361111111,2,19.46,13,2,1.45,172.218055555556,"United Kingdom",9.73,6.5,47.3506944444445,"1","At-Risk / Dormant","No"
12826,15.5743055555556,3,110.24,49,8,1.9375,240.133333333333,"United Kingdom",36.7466666666667,16.3333333333333,112.279513888889,"1","At-Risk / Dormant","No"
12828,93.2743055555556,6,953.41,297,43,3.21222222222222,235.3,"United Kingdom",158.901666666667,49.5,28.4051388888889,"4","Loyal Customers","No"
12829,24.2888888888889,4,388.94,107,17,3.75352941176471,329.989583333333,"United Kingdom",97.235,26.75,101.900231481481,"3","Potential / Occasional","No"
12830,139.736111111111,3,1721.32,225,23,3.56217391304348,288.141666666667,"United Kingdom",573.773333333333,75,74.2027777777778,"4","Loyal Customers","No"
12831,20.5944444444444,15,11506.62,3178,331,3.65187150837989,311.785416666667,"United Kingdom",767.108,211.866666666667,20.7993551587302,"2","Champions / High-Value","Yes"
12832,2.99236111111111,4,1035.13,213,17,3.47166666666667,285.686805555556,"United Kingdom",258.7825,53.25,94.2314814814815,"4","Loyal Customers","No"
12833,255.435416666667,2,145.78,18,4,6.485,268.632638888889,"United Kingdom",72.89,9,13.1972222222222,"1","At-Risk / Dormant","No"
12834,8.79583333333333,30,30578.31,8874,748,3.26517167381974,364.577777777778,"United Kingdom",1019.277,295.8,12.2683429118774,"2","Champions / High-Value","Yes"
12835,1.24027777777778,23,20111.96,5716,525,3.18958266452648,298.3375,"United Kingdom",874.433043478261,248.521739130435,13.5044191919192,"2","Champions / High-Value","Yes"
12836,145.41875,1,86.41,33,7,2.62714285714286,145.41875,"United Kingdom",86.41,33,145.41875,"1","At-Risk / Dormant","No"
12837,135.331944444444,3,129.68,88,9,3.00888888888889,277.277083333333,"United Kingdom",43.2266666666667,29.3333333333333,70.9725694444444,"3","Potential / Occasional","No"
12838,48.7041666666667,3,200.65,107,18,1.88611111111111,134.151388888889,"United Kingdom",66.8833333333333,35.6666666666667,42.7236111111111,"3","Potential / Occasional","No"
12839,113.716666666667,2,156.94,89,8,2,149.272916666667,"United Kingdom",78.47,44.5,35.55625,"3","Potential / Occasional","No"
12840,153.788194444444,3,540.72,124,21,4.04571428571429,201.303472222222,"United Kingdom",180.24,41.3333333333333,23.7576388888889,"3","Potential / Occasional","No"
12841,29.6090277777778,21,23181.26,6805,618,3.33977027027027,306.765277777778,"United Kingdom",1103.86952380952,324.047619047619,13.8578125,"2","Champions / High-Value","Yes"
12842,17.5111111111111,8,2545.51,851,80,3.05146341463415,306.94375,"United Kingdom",318.18875,106.375,41.3475198412698,"4","Loyal Customers","No"
12843,243.815277777778,1,79.12,54,8,1.5425,243.815277777778,"United Kingdom",79.12,54,243.815277777778,"3","Potential / Occasional","No"
12844,95.1381944444445,2,436.73,140,17,4.26529411764706,171.068055555556,"United Kingdom",218.365,70,75.9298611111111,"3","Potential / Occasional","No"
12845,98.5881944444444,1,86.67,73,5,1.8,98.5881944444444,"United Kingdom",86.67,73,98.5881944444444,"1","At-Risk / Dormant","No"
12846,47.8715277777778,2,174.52,113,9,2.23222222222222,233.497916666667,"United Kingdom",87.26,56.5,185.626388888889,"3","Potential / Occasional","No"
12847,5.99236111111111,3,400.35,89,8,4.45625,338.61875,"United Kingdom",133.45,29.6666666666667,166.313194444444,"3","Potential / Occasional","No"
12848,158.052083333333,2,448.02,117,14,4.47214285714286,241.75,"United Kingdom",224.01,58.5,83.6979166666667,"3","Potential / Occasional","No"
12849,70.8243055555556,3,447.02,89,15,3.91066666666667,284.941666666667,"United Kingdom",149.006666666667,29.6666666666667,107.058680555556,"3","Potential / Occasional","No"
12850,181.253472222222,1,41.54,15,3,2.56666666666667,181.253472222222,"United Kingdom",41.54,15,181.253472222222,"1","At-Risk / Dormant","No"
12851,32.2090277777778,6,1815.85,738,80,3.0935,324.347222222222,"United Kingdom",302.641666666667,123,58.4276388888889,"4","Loyal Customers","No"
12852,4.98402777777778,18,13002.38,3566,347,3.43606770833333,347.882638888889,"United Kingdom",722.354444444444,198.111111111111,20.1705065359477,"2","Champions / High-Value","Yes"
12853,7.64513888888889,43,51448.17,15493,1177,3.21008438818565,332.125,"United Kingdom",1196.46906976744,360.302325581395,7.72571097883598,"2","Champions / High-Value","Yes"
12854,150.827777777778,1,89.9,27,4,2.7575,150.827777777778,"United Kingdom",89.9,27,150.827777777778,"1","At-Risk / Dormant","No"
12855,67.8736111111111,2,124.18,39,6,3.29833333333333,126.489583333333,"United Kingdom",62.09,19.5,58.6159722222222,"1","At-Risk / Dormant","No"
12856,6.71041666666667,34,44711.01,14006,1093,3.27133712660028,354.188194444444,"United Kingdom",1315.02970588235,411.941176470588,10.5296296296296,"2","Champions / High-Value","Yes"
12857,40.6361111111111,9,2694.59,750,90,3.00538461538462,283.173611111111,"Channel Islands",299.398888888889,83.3333333333333,30.3171875,"4","Loyal Customers","No"
12858,143.866666666667,4,832.5,187,22,4.05409090909091,232.251388888889,"United Kingdom",208.125,46.75,29.4615740740741,"3","Potential / Occasional","No"
12859,98.3020833333333,3,320.52,132,15,3.23933333333333,302.144444444444,"United Kingdom",106.84,44,101.921180555556,"3","Potential / Occasional","No"
12860,61.04375,1,18.32,18,4,1.2925,61.04375,"Japan",18.32,18,61.04375,"1","At-Risk / Dormant","No"
12861,13.5416666666667,8,310.25,105,17,2.76529411764706,265.388888888889,"United Kingdom",38.78125,13.125,35.9781746031746,"3","Potential / Occasional","No"
12862,13.9041666666667,12,3840.28,1456,145,2.88461038961039,340.624305555556,"United Kingdom",320.023333333333,121.333333333333,29.7018308080808,"2","Champions / High-Value","Yes"
12863,46.6625,8,4782.49,1348,141,3.1288275862069,314.684027777778,"Spain",597.81125,168.5,38.2887896825397,"2","Champions / High-Value","Yes"
12864,82.6659722222222,3,263.91,136,13,3.22384615384615,165.664583333333,"United Kingdom",87.97,45.3333333333333,41.4993055555556,"3","Potential / Occasional","No"
12865,8.3375,8,1429.94,553,54,3.52740740740741,315.470833333333,"United Kingdom",178.7425,69.125,43.8761904761905,"4","Loyal Customers","No"
12866,115.997222222222,3,268.46,137,16,2.64125,195.902777777778,"Spain",89.4866666666667,45.6666666666667,39.9527777777778,"3","Potential / Occasional","No"
12867,152.974305555556,2,111.31,41,5,2.636,240.124305555556,"United Kingdom",55.655,20.5,87.15,"1","At-Risk / Dormant","No"
12868,8.64375,5,501.64,207,24,3.44708333333333,323.228472222222,"EIRE",100.328,41.4,78.6461805555555,"4","Loyal Customers","No"
12869,59.8347222222222,5,818.55,240,24,3.8428,288.45,"Spain",163.71,48,57.1538194444444,"3","Potential / Occasional","No"
12870,35.5486111111111,2,500.09,147,13,4.06615384615385,177.185416666667,"United Kingdom",250.045,73.5,141.636805555556,"3","Potential / Occasional","No"
12871,15.6034722222222,2,450.39,138,16,3.883125,143.4125,"United Kingdom",225.195,69,127.809027777778,"3","Potential / Occasional","No"
12872,48.7791666666667,2,373.99,130,12,2.57166666666667,248.790972222222,"United Kingdom",186.995,65,200.011805555556,"3","Potential / Occasional","No"
12873,34.4833333333333,4,192.92,96,15,1.97533333333333,164.915277777778,"United Kingdom",48.23,24,43.4773148148148,"3","Potential / Occasional","No"
12874,65.5784722222222,3,503.42,182,17,2.73235294117647,281.634722222222,"United Kingdom",167.806666666667,60.6666666666667,108.028125,"3","Potential / Occasional","No"
12875,61.0368055555556,2,851.06,110,11,4.72363636363636,99.3465277777778,"United Kingdom",425.53,55,38.3097222222222,"3","Potential / Occasional","No"
12876,9.84375,10,5182.6,1566,171,3.06858757062147,255.551388888889,"United Kingdom",518.26,156.6,27.3008487654321,"2","Champions / High-Value","Yes"
12877,16.7180555555556,13,6765.12,2299,215,3.37154506437768,343.677777777778,"United Kingdom",520.393846153846,176.846153846154,27.2466435185185,"2","Champions / High-Value","Yes"
12878,99.1583333333333,6,1256.37,491,55,2.94767857142857,293.918055555556,"United Kingdom",209.395,81.8333333333333,38.9519444444444,"4","Loyal Customers","No"
12879,25.2555555555556,7,1528.85,590,61,3.27484375,266.747222222222,"United Kingdom",218.407142857143,84.2857142857143,40.2486111111111,"4","Loyal Customers","No"
12880,26.3923611111111,5,604.51,275,32,2.6553125,351.3,"United Kingdom",120.902,55,81.2269097222222,"4","Loyal Customers","No"
12881,40.2270833333333,6,1190.18,359,48,3.40673469387755,334.131944444444,"United Kingdom",198.363333333333,59.8333333333333,58.7809722222222,"4","Loyal Customers","No"
12882,7.64722222222222,5,683.42,259,43,2.6006976744186,140.551388888889,"United Kingdom",136.684,51.8,33.2260416666667,"4","Loyal Customers","No"
12883,75.7347222222222,8,2822.26,935,90,3.0489010989011,369.271527777778,"United Kingdom",352.7825,116.875,41.9338293650794,"4","Loyal Customers","No"
12884,42.3076388888889,1,30.46,21,4,1.405,42.3076388888889,"United Kingdom",30.46,21,42.3076388888889,"1","At-Risk / Dormant","No"
12885,128.502777777778,2,711.31,96,9,3.33111111111111,303.855555555556,"United Kingdom",355.655,48,175.352777777778,"3","Potential / Occasional","No"
12886,125.074305555556,2,432.05,202,18,2.78777777777778,229.080555555556,"United Kingdom",216.025,101,104.00625,"3","Potential / Occasional","No"
12887,139.779166666667,1,303,60,1,5.05,139.779166666667,"United Kingdom",303,60,139.779166666667,"3","Potential / Occasional","No"
12888,20.2944444444444,6,2427.63,1009,99,2.57047169811321,303.717361111111,"United Kingdom",404.605,168.166666666667,56.6845833333333,"4","Loyal Customers","No"
12889,49.0902777777778,5,1632.07,566,52,2.58480769230769,232.069444444444,"United Kingdom",326.414,113.2,45.7447916666667,"4","Loyal Customers","No"
12890,24.2979166666667,20,20783.73,6800,600,3.2409217877095,358.091666666667,"United Kingdom",1039.1865,340,17.5680921052632,"2","Champions / High-Value","Yes"
12891,5.33263888888889,8,1253.1,574,61,2.65852459016393,270.442361111111,"United Kingdom",156.6375,71.75,37.8728174603175,"4","Loyal Customers","No"
12892,7.17986111111111,10,4521.04,1244,128,3.57911764705882,262.016666666667,"United Kingdom",452.104,124.4,28.3152006172839,"2","Champions / High-Value","Yes"
12893,120.836805555556,2,35.74,6,2,6,198.621527777778,"Germany",17.87,3,77.7847222222222,"1","At-Risk / Dormant","No"
12894,17.2944444444444,3,278.2,82,7,6.37,33.0298611111111,"United Kingdom",92.7333333333333,27.3333333333333,7.86770833333333,"1","At-Risk / Dormant","No"
12895,89.8222222222222,1,83.5,17,2,4.235,89.8222222222222,"United Kingdom",83.5,17,89.8222222222222,"1","At-Risk / Dormant","No"
12896,71.9583333333333,3,2180.06,362,39,5.30846153846154,274.190277777778,"United Kingdom",726.686666666667,120.666666666667,101.115972222222,"4","Loyal Customers","No"
12897,92.0930555555556,8,1917.22,775,77,2.47615384615385,323.0875,"United Kingdom",239.6525,96.875,32.9992063492063,"4","Loyal Customers","No"
12898,303.694444444444,1,75.03,35,5,1.934,303.694444444444,"United Kingdom",75.03,35,303.694444444444,"3","Potential / Occasional","No"
12899,32.8465277777778,7,4617.95,1349,144,3.65439189189189,263.227083333333,"United Kingdom",659.707142857143,192.714285714286,38.3967592592593,"2","Champions / High-Value","Yes"
12900,42.1534722222222,3,525.72,108,13,5.24384615384615,53.1069444444444,"Norway",175.24,36,5.47673611111111,"3","Potential / Occasional","No"
12901,39.9770833333333,2,338.68,160,12,2.91333333333333,89.3944444444444,"United Kingdom",169.34,80,49.4173611111111,"3","Potential / Occasional","No"
12902,8.79861111111111,2,150.34,102,11,2.29818181818182,21.0770833333333,"United Kingdom",75.17,51,12.2784722222222,"1","At-Risk / Dormant","No"
12903,10.3875,7,2282.09,907,85,2.92139534883721,108.082638888889,"United Kingdom",326.012857142857,129.571428571429,16.2825231481481,"4","Loyal Customers","No"
12904,16.0520833333333,3,335.02,142,15,2.51933333333333,188.784027777778,"United Kingdom",111.673333333333,47.3333333333333,86.3659722222222,"3","Potential / Occasional","No"
12905,148.734722222222,2,687.32,103,10,6.357,181.932638888889,"United Kingdom",343.66,51.5,33.1979166666667,"3","Potential / Occasional","No"
12906,15.2895833333333,4,391.73,67,9,5.25222222222222,188.019444444444,"United Kingdom",97.9325,16.75,57.5766203703704,"3","Potential / Occasional","No"
12907,57.2791666666667,3,238.24,132,9,2.59777777777778,194.525,"United Kingdom",79.4133333333333,44,68.6229166666667,"3","Potential / Occasional","No"
12908,8.60486111111111,7,892.72,333,34,2.704,289.986111111111,"United Kingdom",127.531428571429,47.5714285714286,46.896875,"4","Loyal Customers","No"
12909,185.052777777778,1,1189.57,66,5,7.914,185.052777777778,"EIRE",1189.57,66,185.052777777778,"3","Potential / Occasional","No"
12910,31.0361111111111,18,20395.15,5359,516,3.91523560209424,353.550694444444,"United Kingdom",1133.06388888889,297.722222222222,18.9714460784314,"2","Champions / High-Value","Yes"
12911,41.1256944444444,8,1879.89,614,68,3.31797101449275,341.239583333333,"United Kingdom",234.98625,76.75,42.8734126984127,"4","Loyal Customers","No"
12912,135.013888888889,1,163.34,56,2,1.805,135.013888888889,"United Kingdom",163.34,56,135.013888888889,"3","Potential / Occasional","No"
12913,71.1118055555555,9,3391.87,1085,106,3.30168224299065,351.786111111111,"United Kingdom",376.874444444444,120.555555555556,35.0842881944444,"4","Loyal Customers","No"
12914,7.60486111111111,9,8097.42,1853,161,3.47136094674556,295.724305555556,"United Kingdom",899.713333333333,205.888888888889,36.0149305555556,"2","Champions / High-Value","Yes"
12915,6.66319444444444,17,9975.41,3096,319,3.33646892655367,363.008333333333,"United Kingdom",586.788823529412,182.117647058824,22.2715711805556,"2","Champions / High-Value","Yes"
12916,12.9777777777778,28,29570.24,7903,703,3.53717067583047,339.440972222222,"Switzerland",1056.08,282.25,12.0912294238683,"2","Champions / High-Value","Yes"
12917,34.0215277777778,11,4878.92,1516,145,3.68405063291139,284.075,"United Kingdom",443.538181818182,137.818181818182,25.0053472222222,"2","Champions / High-Value","Yes"
12918,22.7722222222222,6,915.55,366,33,3.22666666666667,358.545833333333,"United Kingdom",152.591666666667,61,67.1547222222222,"4","Loyal Customers","No"
12919,10.9361111111111,15,8989.89,2471,222,3.60241935483871,343.468055555556,"United Kingdom",599.326,164.733333333333,23.7522817460317,"2","Champions / High-Value","Yes"
12920,2.27916666666667,28,33668.76,10409,897,3.26967458223395,335.340972222222,"United Kingdom",1202.45571428571,371.75,12.3356224279835,"2","Champions / High-Value","Yes"
12921,3.16736111111111,5,954.44,275,35,4.19171428571429,277.011805555556,"United Kingdom",190.888,55,68.4611111111111,"4","Loyal Customers","No"
12922,31.46875,2,82.67,53,9,1.55888888888889,255.736805555556,"United Kingdom",41.335,26.5,224.268055555556,"3","Potential / Occasional","No"
12923,33.1493055555556,19,8769.2,2756,256,3.45652329749104,292.688194444444,"United Kingdom",461.536842105263,145.052631578947,14.4188271604938,"2","Champions / High-Value","Yes"
12924,94.6201388888889,3,199.38,135,8,1.9575,349.465972222222,"United Kingdom",66.46,45,127.422916666667,"3","Potential / Occasional","No"
12925,11.6173611111111,12,8870.81,2603,265,3.36063157894737,264.696527777778,"United Kingdom",739.234166666667,216.916666666667,23.007196969697,"2","Champions / High-Value","Yes"
12926,5.19513888888889,3,363.56,66,9,5.51666666666667,225.169444444444,"United Kingdom",121.186666666667,22,109.987152777778,"3","Potential / Occasional","No"
12927,10.9854166666667,14,4214.44,1492,181,3.04427083333333,355.047222222222,"United Kingdom",301.031428571429,106.571428571429,26.4662927350427,"2","Champions / High-Value","Yes"
12928,11.5548611111111,2,659.49,170,20,4.6605,17.4465277777778,"United Kingdom",329.745,85,5.89166666666667,"3","Potential / Occasional","No"
12929,25.2166666666667,6,990.04,307,38,3.43078947368421,226.806944444444,"United Kingdom",165.006666666667,51.1666666666667,40.3180555555556,"4","Loyal Customers","No"
12930,353.502083333333,1,202.55,92,7,1.36714285714286,353.502083333333,"United Kingdom",202.55,92,353.502083333333,"3","Potential / Occasional","No"
12931,6.03402777777778,10,3877.34,1212,135,3.3743795620438,297.608333333333,"United Kingdom",387.734,121.2,32.3971450617284,"2","Champions / High-Value","Yes"
12932,61.6895833333333,6,1414.47,568,77,2.715375,338.980555555556,"United Kingdom",235.745,94.6666666666667,55.4581944444444,"4","Loyal Customers","No"
12933,17.7645833333333,17,10225.27,2865,301,3.41753846153846,349.351388888889,"United Kingdom",601.486470588235,168.529411764706,20.7241753472222,"2","Champions / High-Value","Yes"
12934,87.2409722222222,3,438.31,200,21,2.68904761904762,165.1375,"United Kingdom",146.103333333333,66.6666666666667,38.9482638888889,"3","Potential / Occasional","No"
12935,123.904166666667,1,14.37,11,2,1.275,123.904166666667,"United Kingdom",14.37,11,123.904166666667,"1","At-Risk / Dormant","No"
12936,11.0381944444444,28,33819.33,10823,861,3.28997297297297,356.890277777778,"France",1207.83321428571,386.535714285714,12.8093364197531,"2","Champions / High-Value","Yes"
12937,164.29375,3,829.01,224,22,2.64318181818182,269.286805555556,"United Kingdom",276.336666666667,74.6666666666667,52.4965277777778,"3","Potential / Occasional","No"
12938,94.125,2,221.04,74,12,2.90416666666667,237.999305555556,"United Kingdom",110.52,37,143.874305555556,"3","Potential / Occasional","No"
12939,26.0576388888889,3,734.06,279,18,2.75222222222222,252.293055555556,"United Kingdom",244.686666666667,93,113.117708333333,"4","Loyal Customers","No"
12940,19.5625,1,91.22,58,3,3.93333333333333,19.5625,"United Kingdom",91.22,58,19.5625,"1","At-Risk / Dormant","No"
12941,48.2951388888889,3,547.92,151,18,4.04722222222222,194.090972222222,"United Kingdom",182.64,50.3333333333333,72.8979166666667,"3","Potential / Occasional","No"
12942,19.6020833333333,2,224.46,65,6,3.20333333333333,322.995833333333,"United Kingdom",112.23,32.5,303.39375,"3","Potential / Occasional","No"
12943,38.0819444444444,4,728.61,370,26,3.17192307692308,254.7125,"United Kingdom",182.1525,92.5,72.2101851851852,"4","Loyal Customers","No"
12944,46.4222222222222,5,635.82,256,32,2.87242424242424,258.406944444444,"United Kingdom",127.164,51.2,52.9961805555556,"4","Loyal Customers","No"
12945,85.8805555555556,2,410.02,95,8,4.38625,174.086805555556,"United Kingdom",205.01,47.5,88.20625,"3","Potential / Occasional","No"
12946,14.6138888888889,14,7106.9,1924,194,3.69230392156863,356.920138888889,"France",507.635714285714,137.428571428571,26.33125,"2","Champions / High-Value","Yes"
12947,173.027083333333,3,421.79,146,14,3.78785714285714,255.806944444444,"United Kingdom",140.596666666667,48.6666666666667,41.3899305555556,"3","Potential / Occasional","No"
12948,18.4701388888889,24,18122.52,5161,523,3.17487684729064,264.724305555556,"United Kingdom",755.105,215.041666666667,10.7067028985507,"2","Champions / High-Value","Yes"
12949,34.0736111111111,6,1624.63,524,55,3.21568965517241,362.385416666667,"United Kingdom",270.771666666667,87.3333333333333,65.6623611111111,"4","Loyal Customers","No"
12950,35.1527777777778,9,2824.38,926,100,3.57307692307692,283.095138888889,"United Kingdom",313.82,102.888888888889,30.9927951388889,"4","Loyal Customers","No"
12951,74.3944444444444,1,30.94,14,3,2.40666666666667,74.3944444444444,"United Kingdom",30.94,14,74.3944444444444,"1","At-Risk / Dormant","No"
12952,18.1368055555556,3,1034.08,333,33,2.87636363636364,234.917361111111,"United Kingdom",344.693333333333,111,108.390277777778,"4","Loyal Customers","No"
12953,9.90138888888889,7,2649.14,788,88,3.61131868131868,164.927777777778,"United Kingdom",378.448571428571,112.571428571429,25.8377314814815,"4","Loyal Customers","No"
12954,34.8944444444444,5,471.97,120,17,3.27352941176471,188.988888888889,"United Kingdom",94.394,24,38.5236111111111,"3","Potential / Occasional","No"
12955,296.492361111111,1,96.05,27,6,3.65,296.492361111111,"United Kingdom",96.05,27,296.492361111111,"3","Potential / Occasional","No"
12956,279.117361111111,1,293.07,109,18,2.51111111111111,279.117361111111,"United Kingdom",293.07,109,279.117361111111,"3","Potential / Occasional","No"
12957,50.90625,4,339.32,178,17,2.30722222222222,167.395138888889,"United Kingdom",84.83,44.5,38.8296296296296,"3","Potential / Occasional","No"
12958,111.786111111111,2,317.73,60,8,5.5025,177.145138888889,"United Kingdom",158.865,30,65.3590277777778,"3","Potential / Occasional","No"
12959,8.62361111111111,9,2244.77,720,88,3.21681818181818,317.855555555556,"United Kingdom",249.418888888889,80,38.6539930555556,"4","Loyal Customers","No"
12960,16.3541666666667,6,1634.64,645,59,2.99866666666667,288.318055555556,"United Kingdom",272.44,107.5,54.3927777777778,"4","Loyal Customers","No"
12961,34.1125,3,380.64,78,14,5.22428571428571,208.969444444444,"United Kingdom",126.88,26,87.4284722222222,"3","Potential / Occasional","No"
12962,62.4048611111111,3,603.12,134,15,3.324,328.050694444444,"Australia",201.04,44.6666666666667,132.822916666667,"3","Potential / Occasional","No"
12963,22.3583333333333,13,5412.93,1885,205,3.08171296296296,304.15,"United Kingdom",416.379230769231,145,23.4826388888889,"2","Champions / High-Value","Yes"
12964,27.1506944444444,6,2820.47,929,83,2.69144578313253,233.748611111111,"United Kingdom",470.078333333333,154.833333333333,41.3195833333333,"4","Loyal Customers","No"
12965,84.1680555555556,7,1027.22,400,39,2.91307692307692,178.592361111111,"United Kingdom",146.745714285714,57.1428571428571,15.7373842592593,"4","Loyal Customers","No"
12966,142.419444444444,1,246.68,50,2,5.135,142.419444444444,"United Kingdom",246.68,50,142.419444444444,"3","Potential / Occasional","No"
12967,19.2951388888889,5,936.7,243,27,4.84222222222222,342.4875,"United Kingdom",187.34,48.6,80.7980902777778,"4","Loyal Customers","No"
12968,95.4666666666667,2,199.28,113,12,1.78666666666667,100.502083333333,"United Kingdom",99.64,56.5,5.03541666666666,"3","Potential / Occasional","No"
12969,26.5875,3,611.51,219,25,3.3588,182.934027777778,"United Kingdom",203.836666666667,73,78.1732638888889,"3","Potential / Occasional","No"
12970,19.2284722222222,20,12355.75,3966,341,3.25226315789474,318.556944444444,"United Kingdom",617.7875,198.3,15.7541301169591,"2","Champions / High-Value","Yes"
12971,4.22708333333333,5,416.16,197,26,2.08538461538462,156.6625,"United Kingdom",83.232,39.4,38.1088541666667,"4","Loyal Customers","No"
12972,47.3833333333333,1,63.64,25,5,2.732,47.3833333333333,"United Kingdom",63.64,25,47.3833333333333,"1","At-Risk / Dormant","No"
12973,101.938888888889,1,14.13,3,1,4.71,101.938888888889,"United Kingdom",14.13,3,101.938888888889,"1","At-Risk / Dormant","No"
12974,20.4201388888889,24,18645.65,4784,445,3.53257367387033,309.75625,"United Kingdom",776.902083333333,199.333333333333,12.5798309178744,"2","Champions / High-Value","Yes"
12975,69.7923611111111,5,868.22,377,32,3.7190625,240.351388888889,"United Kingdom",173.644,75.4,42.6397569444444,"4","Loyal Customers","No"
12976,18.3118055555556,11,3868.33,1024,121,3.43911290322581,334.302777777778,"United Kingdom",351.666363636364,93.0909090909091,31.5990972222222,"4","Loyal Customers","No"
12977,28.7083333333333,22,16536.65,4802,463,3.4605223880597,348.777777777778,"United Kingdom",751.665909090909,218.272727272727,15.2414021164021,"2","Champions / High-Value","Yes"
12978,218.526388888889,3,908.11,176,22,4.46913043478261,319.809722222222,"United Kingdom",302.703333333333,58.6666666666667,50.6416666666667,"3","Potential / Occasional","No"
12979,87.4680555555556,6,993.39,434,42,2.19604651162791,318.246527777778,"United Kingdom",165.565,72.3333333333333,46.1556944444444,"4","Loyal Customers","No"
12980,13.1131944444444,1,39.02,15,2,2.65,13.1131944444444,"France",39.02,15,13.1131944444444,"1","At-Risk / Dormant","No"
12981,280.734027777778,1,135.01,73,5,1.088,280.734027777778,"United Kingdom",135.01,73,280.734027777778,"3","Potential / Occasional","No"
12982,126.015277777778,4,825.3,213,28,3.78071428571429,235.625694444444,"United Kingdom",206.325,53.25,36.5368055555556,"3","Potential / Occasional","No"
12983,56.54375,7,1029.53,366,32,3.325625,288.002083333333,"United Kingdom",147.075714285714,52.2857142857143,38.5763888888889,"4","Loyal Customers","No"
12984,147.741666666667,1,42.87,13,3,2.93333333333333,147.741666666667,"United Kingdom",42.87,13,147.741666666667,"1","At-Risk / Dormant","No"
12985,233.586805555556,4,496.13,158,26,3.28884615384615,285.476388888889,"United Kingdom",124.0325,39.5,17.2965277777778,"3","Potential / Occasional","No"
12986,68.7916666666667,1,69.05,62,5,1.492,68.7916666666667,"United Kingdom",69.05,62,68.7916666666667,"1","At-Risk / Dormant","No"
12987,31.9,5,395.35,192,17,2.41647058823529,237.301388888889,"United Kingdom",79.07,38.4,51.3503472222222,"3","Potential / Occasional","No"
12988,136.738888888889,2,105.9,28,5,4.532,244.820833333333,"United Kingdom",52.95,14,108.081944444444,"1","At-Risk / Dormant","No"
12989,158.554861111111,2,486.77,119,10,4.917,236.659027777778,"United Kingdom",243.385,59.5,78.1041666666667,"3","Potential / Occasional","No"
12990,137.363194444444,3,720.01,167,20,3.5247619047619,260.984722222222,"United Kingdom",240.003333333333,55.6666666666667,61.8107638888889,"3","Potential / Occasional","No"
12991,10.0763888888889,11,3381.55,1025,106,3.64403669724771,288.822916666667,"United Kingdom",307.413636363636,93.1818181818182,27.8746527777778,"4","Loyal Customers","No"
12992,56.6354166666667,6,1917.69,556,54,3.17732142857143,197.233333333333,"United Kingdom",319.615,92.6666666666667,28.1195833333333,"4","Loyal Customers","No"
12993,12.5270833333333,9,4053.01,1349,144,3.11573333333333,315.793055555556,"United Kingdom",450.334444444444,149.888888888889,37.9082465277778,"2","Champions / High-Value","Yes"
12994,37.51875,6,1418.07,381,45,4.48489361702128,336.136111111111,"United Kingdom",236.345,63.5,59.7234722222222,"4","Loyal Customers","No"
12995,65.8652777777778,2,184.84,40,7,4.83142857142857,203.595833333333,"United Kingdom",92.42,20,137.730555555556,"3","Potential / Occasional","No"
12996,81.8,1,68.18,33,5,2.23,81.8,"United Kingdom",68.18,33,81.8,"1","At-Risk / Dormant","No"
12997,218.754861111111,4,220.62,77,13,3.03,308.101388888889,"Denmark",55.155,19.25,29.7821759259259,"3","Potential / Occasional","No"
12998,4.05069444444444,8,1899.79,598,60,3.06066666666667,277.725694444444,"United Kingdom",237.47375,74.75,39.0964285714286,"4","Loyal Customers","No"
12999,16.1652777777778,5,797.75,287,30,2.86833333333333,365.116666666667,"United Kingdom",159.55,57.4,87.2378472222222,"4","Loyal Customers","No"
13000,106.45625,1,240.51,121,6,3.09,106.45625,"United Kingdom",240.51,121,106.45625,"3","Potential / Occasional","No"
13001,39.7972222222222,8,1830.73,695,74,2.80628205128205,163.436111111111,"United Kingdom",228.84125,86.875,17.6626984126984,"4","Loyal Customers","No"
13002,31.5666666666667,6,319.98,117,21,2.99047619047619,329.020833333333,"United Kingdom",53.33,19.5,59.4908333333333,"3","Potential / Occasional","No"
13003,38.7340277777778,6,815.76,280,39,3.19025,318.709027777778,"United Kingdom",135.96,46.6666666666667,55.995,"4","Loyal Customers","No"
13004,10.3,12,7725.91,2298,238,3.24941860465116,343.673611111111,"United Kingdom",643.825833333333,191.5,30.3066919191919,"2","Champions / High-Value","Yes"
13005,115.26875,3,833.3,180,16,3.40125,348.136805555556,"United Kingdom",277.766666666667,60,116.434027777778,"3","Potential / Occasional","No"
13006,36.1791666666667,2,355.52,245,16,2.010625,216.036111111111,"United Kingdom",177.76,122.5,179.856944444444,"3","Potential / Occasional","No"
13007,23.9534722222222,4,2138.26,458,30,5.85354838709677,223.926388888889,"United Kingdom",534.565,114.5,66.6576388888889,"4","Loyal Customers","No"
13008,63.2048611111111,3,564.45,212,22,3.21818181818182,267.748611111111,"United Kingdom",188.15,70.6666666666667,102.271875,"3","Potential / Occasional","No"
13009,15.5944444444444,32,39103.98,11950,982,3.30452456418384,355.435416666667,"United Kingdom",1221.999375,373.4375,10.9626120071685,"2","Champions / High-Value","Yes"
13010,82.8055555555556,2,146.44,33,6,4.75,323.25,"United Kingdom",73.22,16.5,240.444444444444,"3","Potential / Occasional","No"
13011,44.95625,6,1277.91,397,45,3.04659574468085,340.008333333333,"United Kingdom",212.985,66.1666666666667,59.0104166666667,"4","Loyal Customers","No"
13012,181.14375,2,540.66,117,6,5.52166666666667,230.9625,"EIRE",270.33,58.5,49.81875,"3","Potential / Occasional","No"
13013,181.9,1,62.37,41,6,1.585,181.9,"Germany",62.37,41,181.9,"1","At-Risk / Dormant","No"
13014,6.54444444444444,28,29730.99,9426,787,3.19201453790239,316.836111111111,"United Kingdom",1061.82107142857,336.642857142857,11.4922839506173,"2","Champions / High-Value","Yes"
13015,53.8555555555556,8,3316.11,922,75,2.82564102564103,326.84375,"United Kingdom",414.51375,115.25,38.9983134920635,"4","Loyal Customers","No"
13016,146.255555555556,3,756.6,199,22,3.17863636363636,241.376388888889,"United Kingdom",252.2,66.3333333333333,47.5604166666667,"3","Potential / Occasional","No"
13017,59.6159722222222,10,3219.21,1218,127,2.76278195488722,294.4375,"United Kingdom",321.921,121.8,26.0912808641975,"4","Loyal Customers","No"
13018,17.9486111111111,2,375.19,88,10,3.733,218.820833333333,"United Kingdom",187.595,44,200.872222222222,"3","Potential / Occasional","No"
13019,11.2361111111111,11,4880.72,1618,156,3.12158536585366,317.245833333333,"United Kingdom",443.701818181818,147.090909090909,30.6009722222222,"2","Champions / High-Value","Yes"
13020,54.2576388888889,6,55330.48,12906,36,3.21297297297297,203.120138888889,"United Kingdom",9221.74666666667,2151,29.7725,"2","Champions / High-Value","Yes"
13021,38.7527777777778,8,2163.56,899,72,2.80054054054054,246.648611111111,"United Kingdom",270.445,112.375,29.6994047619048,"4","Loyal Customers","No"
13022,34.4736111111111,10,3741.49,963,90,3.64118279569892,335.874305555556,"United Kingdom",374.149,96.3,33.4889660493827,"4","Loyal Customers","No"
13023,86.1472222222222,4,1001.39,262,33,3.84242424242424,230.366666666667,"United Kingdom",250.3475,65.5,48.0731481481481,"4","Loyal Customers","No"
13025,202.727777777778,1,35.82,53,3,1.4,202.727777777778,"United Kingdom",35.82,53,202.727777777778,"1","At-Risk / Dormant","No"
13026,33.9680555555556,2,114.57,28,4,4,165.272916666667,"Germany",57.285,14,131.304861111111,"1","At-Risk / Dormant","No"
13027,74.6423611111111,2,711.49,94,8,4.8425,89.6173611111111,"United Kingdom",355.745,47,14.975,"3","Potential / Occasional","No"
13028,148.038194444444,1,108.11,53,3,3.73666666666667,148.038194444444,"United Kingdom",108.11,53,148.038194444444,"3","Potential / Occasional","No"
13029,115.913194444444,2,346.5,82,9,4.57888888888889,186.713194444444,"United Kingdom",173.25,41,70.8,"3","Potential / Occasional","No"
13030,117.819444444444,3,123.41,32,5,3.552,311.713194444444,"United Kingdom",41.1366666666667,10.6666666666667,96.946875,"1","At-Risk / Dormant","No"
13031,21.6090277777778,32,40305.12,11959,987,3.2147619047619,348.106944444444,"United Kingdom",1259.535,373.71875,10.5321908602151,"2","Champions / High-Value","Yes"
13032,4.09652777777778,5,506.1,209,30,2.92466666666667,290.263888888889,"United Kingdom",101.22,41.8,71.5418402777778,"4","Loyal Customers","No"
13033,18.9104166666667,3,157.93,54,9,2.74777777777778,229.597916666667,"United Kingdom",52.6433333333333,18,105.34375,"3","Potential / Occasional","No"
13034,236.923611111111,2,128.05,70,7,2.18571428571429,325.236111111111,"United Kingdom",64.025,35,88.3125,"3","Potential / Occasional","No"
13035,102.547916666667,4,221.44,65,12,3.14076923076923,264.156944444444,"United Kingdom",55.36,16.25,53.8696759259259,"3","Potential / Occasional","No"
13036,22.2291666666667,8,1568.68,550,54,3.24236363636364,358.39375,"United Kingdom",196.085,68.75,48.0235119047619,"4","Loyal Customers","No"
13037,141.217361111111,2,43.56,24,3,1.895,246.196527777778,"United Kingdom",21.78,12,104.979166666667,"1","At-Risk / Dormant","No"
13038,151.804166666667,1,55.36,34,7,1.73142857142857,151.804166666667,"United Kingdom",55.36,34,151.804166666667,"1","At-Risk / Dormant","No"
13039,22.9826388888889,7,1573.38,630,62,2.566,300.578472222222,"United Kingdom",224.768571428571,90,46.2659722222222,"4","Loyal Customers","No"
13040,2.29236111111111,16,4452.9,1313,148,3.78787096774194,327.4,"United Kingdom",278.30625,82.0625,21.6738425925926,"2","Champions / High-Value","Yes"
13041,7.58958333333333,15,13460.06,2916,245,3.75721804511278,324.415277777778,"United Kingdom",897.337333333333,194.4,22.6304067460317,"2","Champions / High-Value","Yes"
13042,34.1076388888889,3,435.69,158,14,3.43857142857143,301.79375,"United Kingdom",145.23,52.6666666666667,133.843055555556,"3","Potential / Occasional","No"
13043,26.0604166666667,6,2013.03,839,94,3.06234042553191,331.170833333333,"United Kingdom",335.505,139.833333333333,61.0220833333333,"4","Loyal Customers","No"
13044,362.225,1,182.25,52,9,2.97111111111111,362.225,"United Kingdom",182.25,52,362.225,"3","Potential / Occasional","No"
13045,3.56041666666667,4,88.52,40,6,2.36166666666667,210.449305555556,"United Kingdom",22.13,10,68.962962962963,"1","At-Risk / Dormant","No"
13046,107.648611111111,2,579.65,91,9,6.99222222222222,264.929166666667,"United Kingdom",289.825,45.5,157.280555555556,"3","Potential / Occasional","No"
13047,32.2888888888889,12,6966.67,1831,185,3.71005208333333,363.344444444444,"United Kingdom",580.555833333333,152.583333333333,30.0959595959596,"2","Champions / High-Value","Yes"
13048,106.729166666667,3,803.82,178,16,3.93875,285.385416666667,"United Kingdom",267.94,59.3333333333333,89.328125,"3","Potential / Occasional","No"
13049,24.1701388888889,6,797.6,348,40,2.62024390243902,138.986111111111,"United Kingdom",132.933333333333,58,22.9631944444444,"4","Loyal Customers","No"
13050,8.32430555555556,34,43588.57,13042,1060,3.4262729844413,351.444444444444,"United Kingdom",1282.01676470588,383.588235294118,10.39757996633,"2","Champions / High-Value","Yes"
13051,23.5236111111111,4,373.37,136,23,3.195,225.672916666667,"United Kingdom",93.3425,34,67.3831018518519,"3","Potential / Occasional","No"
13052,91.1791666666667,3,1913.74,424,50,3.31941176470588,287.586111111111,"Germany",637.913333333333,141.333333333333,98.2034722222222,"4","Loyal Customers","No"
13053,106.947222222222,3,79.29,37,6,2.76666666666667,156.415277777778,"United Kingdom",26.43,12.3333333333333,24.7340277777778,"1","At-Risk / Dormant","No"
13054,1.49513888888889,22,13844.94,3756,334,3.63700265251989,314.714583333333,"United Kingdom",629.315454545455,170.727272727273,14.9152116402116,"2","Champions / High-Value","Yes"
13055,56.2972222222222,4,126.41,72,15,1.87133333333333,259.927083333333,"United Kingdom",31.6025,18,67.8766203703704,"3","Potential / Occasional","No"
13056,1.19652777777778,29,43272.73,11991,954,3.6215149073328,342.775694444444,"United Kingdom",1492.16310344828,413.48275862069,12.199255952381,"2","Champions / High-Value","Yes"
13057,8.65763888888889,3,325.79,102,18,3.06777777777778,110.703472222222,"United Kingdom",108.596666666667,34,51.0229166666667,"3","Potential / Occasional","No"
13058,84.9763888888889,6,1717.97,589,61,2.98140625,201.957638888889,"United Kingdom",286.328333333333,98.1666666666667,23.39625,"4","Loyal Customers","No"
13059,40.975,3,1707.83,199,13,5.17076923076923,229.420138888889,"United Kingdom",569.276666666667,66.3333333333333,94.2225694444444,"4","Loyal Customers","No"
13060,3.37708333333333,31,37994.62,11385,969,3.27710756972112,305.822222222222,"United Kingdom",1225.63290322581,367.258064516129,10.0815046296296,"2","Champions / High-Value","Yes"
13061,129.35,2,163.28,42,7,4.24714285714286,187.686111111111,"United Kingdom",81.64,21,58.3361111111111,"3","Potential / Occasional","No"
13062,23.3638888888889,2,30.19,14,3,2.38333333333333,188.604166666667,"United Kingdom",15.095,7,165.240277777778,"1","At-Risk / Dormant","No"
13063,15.6222222222222,19,8978.42,2985,275,3.1327027027027,320.788888888889,"United Kingdom",472.548421052632,157.105263157895,16.9537037037037,"2","Champions / High-Value","Yes"
13064,71.7451388888889,5,1154.12,364,29,3.23931034482759,353.093055555556,"United Kingdom",230.824,72.8,70.3369791666667,"4","Loyal Customers","No"
13065,62.4159722222222,5,1087.24,261,33,3.73242424242424,219.302777777778,"United Kingdom",217.448,52.2,39.2217013888889,"4","Loyal Customers","No"
13066,38.6472222222222,19,18260.62,5731,563,3.34894573643411,321.845138888889,"United Kingdom",961.085263157895,301.631578947368,15.7332175925926,"2","Champions / High-Value","Yes"
13067,12.5902777777778,20,12563.56,3618,366,3.39577889447236,292.139583333333,"United Kingdom",628.178,180.9,14.7131213450292,"2","Champions / High-Value","Yes"
13068,158.54375,2,37.61,22,5,1.592,189.456944444444,"United Kingdom",18.805,11,30.9131944444445,"1","At-Risk / Dormant","No"
13069,13.2083333333333,6,312.09,212,20,1.9045,226.310416666667,"United Kingdom",52.015,35.3333333333333,42.6204166666667,"3","Potential / Occasional","No"
13070,7.23819444444444,2,99.53,30,6,3.36666666666667,103.634722222222,"United Kingdom",49.765,15,96.3965277777778,"1","At-Risk / Dormant","No"
13071,132.986805555556,2,1556.56,180,17,5.40823529411765,174.072222222222,"United Kingdom",778.28,90,41.0854166666667,"3","Potential / Occasional","No"
13072,40.0770833333333,13,5878.25,2141,222,3.08827309236948,302.554861111111,"United Kingdom",452.173076923077,164.692307692308,21.8731481481481,"2","Champions / High-Value","Yes"
13073,19.2951388888889,2,66.55,37,8,1.705,57.9125,"United Kingdom",33.275,18.5,38.6173611111111,"1","At-Risk / Dormant","No"
13074,29.9798611111111,5,1118.26,309,35,3.426,192.523611111111,"United Kingdom",223.652,61.8,40.6359375,"4","Loyal Customers","No"
13075,31.7875,9,6579.23,1844,169,3.1074011299435,326.170138888889,"United Kingdom",731.025555555556,204.888888888889,36.7978298611111,"2","Champions / High-Value","Yes"
13076,76.4208333333333,7,1264.63,501,61,2.87854838709677,307.602777777778,"United Kingdom",180.661428571429,71.5714285714286,38.5303240740741,"4","Loyal Customers","No"
13077,1.47847222222222,1,37.08,14,2,2.78,1.47847222222222,"United Kingdom",37.08,14,1.47847222222222,"1","At-Risk / Dormant","No"
13078,18.7027777777778,4,303.56,142,17,2.47470588235294,304.888194444444,"United Kingdom",75.89,35.5,95.3951388888889,"3","Potential / Occasional","No"
13079,28.1625,4,180.58,93,17,2.12117647058824,186.323611111111,"United Kingdom",45.145,23.25,52.7203703703704,"3","Potential / Occasional","No"
13080,36.0145833333333,1,6,8,1,0.75,36.0145833333333,"United Kingdom",6,8,36.0145833333333,"1","At-Risk / Dormant","No"
13081,25.7263888888889,9,3330.2,1297,141,2.80013333333333,347.865277777778,"United Kingdom",370.022222222222,144.111111111111,40.2673611111111,"2","Champions / High-Value","Yes"
13082,166.994444444444,5,557.22,211,29,3.07666666666667,271.209722222222,"United Kingdom",111.444,42.2,26.0538194444444,"3","Potential / Occasional","No"
13083,42.7083333333333,7,1091.02,499,44,3.01244444444444,357.059027777778,"United Kingdom",155.86,71.2857142857143,52.3917824074074,"4","Loyal Customers","No"
13084,71.4847222222222,7,1298.18,439,61,3.25968253968254,279.763888888889,"United Kingdom",185.454285714286,62.7142857142857,34.7131944444444,"4","Loyal Customers","No"
13085,326.525,1,53.48,28,4,2.1175,326.525,"United Kingdom",53.48,28,326.525,"1","At-Risk / Dormant","No"
13086,112.55625,5,1386.6,357,38,3.19184210526316,285.024305555556,"United Kingdom",277.32,71.4,43.1170138888889,"4","Loyal Customers","No"
13087,16.0319444444444,2,177.51,121,13,1.39153846153846,165.572916666667,"United Kingdom",88.755,60.5,149.540972222222,"3","Potential / Occasional","No"
13088,66.7680555555555,6,626.72,267,29,2.89068965517241,286.49375,"Unspecified",104.453333333333,44.5,43.9451388888889,"3","Potential / Occasional","No"
13089,271.102083333333,1,25.76,55,3,1,271.102083333333,"United Kingdom",25.76,55,271.102083333333,"1","At-Risk / Dormant","No"
13090,8.04027777777778,12,7074.95,1923,166,3.3648,340.311805555556,"United Kingdom",589.579166666667,160.25,30.2065025252525,"2","Champions / High-Value","Yes"
13091,80.0770833333333,3,387.58,108,12,5.41583333333333,196.758333333333,"United Kingdom",129.193333333333,36,58.340625,"3","Potential / Occasional","No"
13092,211.635416666667,1,362.15,113,6,3.18833333333333,211.635416666667,"United Kingdom",362.15,113,211.635416666667,"3","Potential / Occasional","No"
13093,1.5875,11,2809.28,610,63,3.30936507936508,264.213194444444,"United Kingdom",255.389090909091,55.4545454545455,26.2625694444444,"4","Loyal Customers","No"
13094,12.9756944444444,23,29419.4,8522,696,3.61041426927503,368.552777777778,"United Kingdom",1279.10434782609,370.521739130435,16.1625946969697,"2","Champions / High-Value","Yes"
13095,218.438194444444,2,58.32,23,4,2.7,324.220138888889,"United Kingdom",29.16,11.5,105.781944444444,"1","At-Risk / Dormant","No"
13096,243.754166666667,3,197.88,36,5,5.882,309.705555555556,"United Kingdom",65.96,12,32.9756944444445,"3","Potential / Occasional","No"
13097,14.0895833333333,16,9233.37,2503,262,3.3518118466899,286.570138888889,"United Kingdom",577.085625,156.4375,18.1653703703704,"2","Champions / High-Value","Yes"
13098,35.8673611111111,9,2360.69,838,69,2.8468115942029,275.311111111111,"United Kingdom",262.298888888889,93.1111111111111,29.93046875,"4","Loyal Customers","No"
13099,166.483333333333,1,26.21,14,3,1.81333333333333,166.483333333333,"United Kingdom",26.21,14,166.483333333333,"1","At-Risk / Dormant","No"
13100,25.0875,12,4201.17,1252,133,3.44007042253521,281.686111111111,"United Kingdom",350.0975,104.333333333333,23.3271464646465,"2","Champions / High-Value","Yes"
13101,89.1277777777778,5,1506.39,530,62,3.30153846153846,255.340972222222,"France",301.278,106,41.5532986111111,"4","Loyal Customers","No"
13102,49.2006944444444,6,1285.05,395,31,3.89129032258065,275.572222222222,"United Kingdom",214.175,65.8333333333333,45.2743055555556,"4","Loyal Customers","No"
13103,255.152777777778,2,11.27,13,2,2.12,278.171527777778,"United Kingdom",5.635,6.5,23.01875,"1","At-Risk / Dormant","No"
13104,53.98125,6,2275.81,643,69,2.869,303.159722222222,"United Kingdom",379.301666666667,107.166666666667,49.8356944444444,"4","Loyal Customers","No"
13105,57.8472222222222,1,43.76,25,3,2.02,57.8472222222222,"United Kingdom",43.76,25,57.8472222222222,"1","At-Risk / Dormant","No"
13106,87.9590277777778,5,213.77,123,14,1.62857142857143,143.440277777778,"United Kingdom",42.754,24.6,13.8703125,"3","Potential / Occasional","No"
13107,97.6576388888889,5,404.03,113,13,5.65230769230769,208.636111111111,"United Kingdom",80.806,22.6,27.7446180555556,"3","Potential / Occasional","No"
13108,142.402777777778,3,364.88,131,15,3.92,202.735416666667,"United Kingdom",121.626666666667,43.6666666666667,30.1663194444445,"3","Potential / Occasional","No"
13109,33.2527777777778,4,1141,636,37,2.28378378378378,245.695833333333,"United Kingdom",285.25,159,70.8143518518518,"4","Loyal Customers","No"
13110,48.4208333333333,4,849.74,400,47,3.17458333333333,287.913888888889,"United Kingdom",212.435,100,79.8310185185185,"4","Loyal Customers","No"
13111,59.5208333333333,5,556.01,136,27,5.00925925925926,245.004861111111,"Germany",111.202,27.2,46.3710069444444,"3","Potential / Occasional","No"
13112,12.8020833333333,4,582.12,238,28,3.17172413793103,324.536111111111,"United Kingdom",145.53,59.5,103.911342592593,"4","Loyal Customers","No"
13113,21.0444444444444,6,1443.08,576,69,3.04915492957746,324.411111111111,"United Kingdom",240.513333333333,96,60.6733333333333,"4","Loyal Customers","No"
13114,227.097222222222,2,215.45,90,13,2.79538461538462,266.307638888889,"United Kingdom",107.725,45,39.2104166666667,"3","Potential / Occasional","No"
13115,56.8590277777778,5,844.12,209,32,3.7240625,268.284027777778,"United Kingdom",168.824,41.8,52.85625,"3","Potential / Occasional","No"
13116,50.2993055555556,7,834.37,302,38,2.83578947368421,350.288888888889,"United Kingdom",119.195714285714,43.1428571428571,49.9982638888889,"4","Loyal Customers","No"
13117,37.5125,5,518.67,254,35,2.37611111111111,250.518055555556,"United Kingdom",103.734,50.8,53.2513888888889,"4","Loyal Customers","No"
13118,74.6520833333333,8,1827.33,361,36,3.44194444444444,235.634027777778,"United Kingdom",228.41625,45.125,22.9974206349206,"4","Loyal Customers","No"
13119,63.1451388888889,3,775.88,182,23,4.46565217391304,86.7645833333333,"United Kingdom",258.626666666667,60.6666666666667,11.8097222222222,"3","Potential / Occasional","No"
13120,11.2472222222222,7,2017.77,757,77,3.15346153846154,334.675694444444,"United Kingdom",288.252857142857,108.142857142857,53.9047453703704,"4","Loyal Customers","No"
13121,93.8965277777778,4,2601.34,425,39,3.82897435897436,234.603472222222,"United Kingdom",650.335,106.25,46.9023148148148,"4","Loyal Customers","No"
13122,59.2715277777778,2,167.94,45,10,4.228,295.10625,"United Kingdom",83.97,22.5,235.834722222222,"3","Potential / Occasional","No"
13123,45.1527777777778,1,71.06,28,5,2.406,45.1527777777778,"United Kingdom",71.06,28,45.1527777777778,"1","At-Risk / Dormant","No"
13124,28.9986111111111,15,5953.13,1814,189,3.0084236453202,361.753472222222,"United Kingdom",396.875333333333,120.933333333333,23.7682043650794,"2","Champions / High-Value","Yes"
13125,62.5145833333333,5,523.5,192,28,2.90862068965517,330.450694444444,"United Kingdom",104.7,38.4,66.9840277777778,"3","Potential / Occasional","No"
13126,214.720138888889,2,680.68,95,7,6.72,355.511111111111,"United Kingdom",340.34,47.5,140.790972222222,"3","Potential / Occasional","No"
13127,64.5875,5,252.08,99,12,3.17583333333333,362.547222222222,"United Kingdom",50.416,19.8,74.4899305555556,"3","Potential / Occasional","No"
13128,47.375,3,377.07,146,19,2.69842105263158,304.914583333333,"United Kingdom",125.69,48.6666666666667,128.769791666667,"3","Potential / Occasional","No"
13129,3.87430555555556,3,387.19,159,21,2.3347619047619,29.2298611111111,"United Kingdom",129.063333333333,53,12.6777777777778,"3","Potential / Occasional","No"
13130,127.813888888889,3,359.26,125,14,3.74357142857143,182.402083333333,"United Kingdom",119.753333333333,41.6666666666667,27.2940972222222,"3","Potential / Occasional","No"
13131,118.279861111111,1,11.17,13,2,0.925,118.279861111111,"United Kingdom",11.17,13,118.279861111111,"1","At-Risk / Dormant","No"
13132,35.1673611111111,25,34473.63,10456,836,3.55475070555033,277.332638888889,"United Kingdom",1378.9452,418.24,10.0902199074074,"2","Champions / High-Value","Yes"
13133,34.0159722222222,4,780,183,27,3.42851851851852,232.995833333333,"United Kingdom",195,45.75,66.3266203703704,"3","Potential / Occasional","No"
13134,125.797916666667,3,544.06,243,24,3.1475,162.172916666667,"United Kingdom",181.353333333333,81,18.1875,"3","Potential / Occasional","No"
13135,281.634027777778,1,7.1,10,2,0.795,281.634027777778,"United Kingdom",7.1,10,281.634027777778,"1","At-Risk / Dormant","No"
13136,42.2402777777778,18,13072.66,3875,370,3.32466666666667,301.006944444444,"United Kingdom",726.258888888889,215.277777777778,15.221568627451,"2","Champions / High-Value","Yes"
13137,8.58611111111111,2,175.09,65,10,2.905,143.694444444444,"United Kingdom",87.545,32.5,135.108333333333,"3","Potential / Occasional","No"
13138,4.46666666666667,12,6152.36,1807,183,3.60066666666667,309.909027777778,"United Kingdom",512.696666666667,150.583333333333,27.7674873737374,"2","Champions / High-Value","Yes"
13139,206.30625,2,192.44,69,9,2.45,210.422916666667,"United Kingdom",96.22,34.5,4.11666666666667,"3","Potential / Occasional","No"
13140,129.015277777778,2,304.5,128,13,3.13153846153846,176.544444444444,"United Kingdom",152.25,64,47.5291666666667,"3","Potential / Occasional","No"
13141,65.4652777777778,3,603.73,114,12,4.15083333333333,232.922222222222,"United Kingdom",201.243333333333,38,83.7284722222222,"3","Potential / Occasional","No"
13142,58.8381944444444,4,508.74,209,22,3.21272727272727,194.729861111111,"United Kingdom",127.185,52.25,45.2972222222222,"3","Potential / Occasional","No"
13143,207.611111111111,1,34.22,22,3,1.58333333333333,207.611111111111,"EIRE",34.22,22,207.611111111111,"1","At-Risk / Dormant","No"
13144,4.3625,5,1116.98,407,39,3.75292682926829,225.220833333333,"United Kingdom",223.396,81.4,55.2145833333333,"4","Loyal Customers","No"
13145,24.8284722222222,16,18222.85,16292,366,3.25733496332518,368.182638888889,"United Kingdom",1138.928125,1018.25,22.8902777777778,"2","Champions / High-Value","Yes"
13146,5.99444444444444,9,2451.68,808,73,3.3852,254.615972222222,"United Kingdom",272.408888888889,89.7777777777778,31.0776909722222,"4","Loyal Customers","No"
13147,67.4583333333333,5,619.76,277,26,2.64346153846154,223.083333333333,"United Kingdom",123.952,55.4,38.90625,"3","Potential / Occasional","No"
13148,4.90208333333333,8,1882.23,568,70,3.88493150684932,301.615972222222,"United Kingdom",235.27875,71,42.3876984126984,"4","Loyal Customers","No"
13149,50.9784722222222,2,653.38,100,10,4.798,258.300694444444,"United Kingdom",326.69,50,207.322222222222,"3","Potential / Occasional","No"
13150,21.7381944444444,3,282.49,81,14,3.07,185.333333333333,"United Kingdom",94.1633333333333,27,81.7975694444444,"3","Potential / Occasional","No"
13151,47.6361111111111,4,349.78,140,20,2.9115,174.830555555556,"United Kingdom",87.445,35,42.3981481481481,"3","Potential / Occasional","No"
13152,117.206944444444,2,134.1,54,4,3.55,309.874305555556,"United Kingdom",67.05,27,192.667361111111,"3","Potential / Occasional","No"
13153,113.039583333333,4,267,47,11,4.90363636363636,302.288194444444,"United Kingdom",66.75,11.75,63.0828703703704,"3","Potential / Occasional","No"
13154,60.7090277777778,4,434.76,227,20,1.9795,272.886111111111,"United Kingdom",108.69,56.75,70.7256944444444,"3","Potential / Occasional","No"
13155,39.0041666666667,12,4759.09,1388,145,3.53,350.241666666667,"United Kingdom",396.590833333333,115.666666666667,28.2943181818182,"2","Champions / High-Value","Yes"
13156,72.3777777777778,6,1835.45,614,53,2.93857142857143,240.95,"United Kingdom",305.908333333333,102.333333333333,33.7144444444444,"4","Loyal Customers","No"
13157,84.9111111111111,5,582.11,123,15,3.624,307.090972222222,"Switzerland",116.422,24.6,55.5449652777778,"3","Potential / Occasional","No"
13158,64.7055555555555,4,666.22,252,26,2.74769230769231,291.808333333333,"United Kingdom",166.555,63,75.7009259259259,"3","Potential / Occasional","No"
13159,10.5034722222222,4,424.56,157,20,2.732,280.492361111111,"United Kingdom",106.14,39.25,89.9962962962963,"3","Potential / Occasional","No"
13160,7.62222222222222,10,5572.21,1747,173,3.25231578947368,338.400694444444,"United Kingdom",557.221,174.7,36.7531635802469,"2","Champions / High-Value","Yes"
13161,11.9555555555556,7,4678.07,1144,110,3.25367521367521,193.228472222222,"United Kingdom",668.295714285714,163.428571428571,30.2121527777778,"2","Champions / High-Value","Yes"
13162,272.840972222222,1,135.9,34,5,4.326,272.840972222222,"United Kingdom",135.9,34,272.840972222222,"3","Potential / Occasional","No"
13163,6.44722222222222,4,481.17,153,27,3.31259259259259,50.7597222222222,"United Kingdom",120.2925,38.25,14.7708333333333,"3","Potential / Occasional","No"
13164,150.879861111111,2,82.13,39,6,2.22666666666667,170.498611111111,"Sweden",41.065,19.5,19.61875,"1","At-Risk / Dormant","No"
13165,23.0597222222222,7,514,180,26,2.93884615384615,342.619444444444,"United Kingdom",73.4285714285714,25.7142857142857,53.2599537037037,"3","Potential / Occasional","No"
13166,212.378472222222,2,411.72,126,14,3.19357142857143,224.026388888889,"United Kingdom",205.86,63,11.6479166666667,"3","Potential / Occasional","No"
13167,52.5541666666667,6,707.53,287,30,2.9459375,318.711111111111,"United Kingdom",117.921666666667,47.8333333333333,53.2313888888889,"4","Loyal Customers","No"
13168,41.4,1,4.83,7,1,0.69,41.4,"United Kingdom",4.83,7,41.4,"1","At-Risk / Dormant","No"
13169,5.8375,2,90.4,24,3,3.52,216.025,"United Kingdom",45.2,12,210.1875,"1","At-Risk / Dormant","No"
13170,2.64791666666667,3,692.34,130,7,4.60571428571429,110.922916666667,"United Kingdom",230.78,43.3333333333333,54.1375,"3","Potential / Occasional","No"
13171,55.4569444444444,5,707.72,299,26,3.89407407407407,228.354861111111,"United Kingdom",141.544,59.8,43.2244791666667,"3","Potential / Occasional","No"
13172,37.7569444444444,5,1958.18,371,36,3.14527777777778,190.475,"United Kingdom",391.636,74.2,38.1795138888889,"4","Loyal Customers","No"
13173,165.734722222222,4,67.94,43,8,1.76375,345.157638888889,"United Kingdom",16.985,10.75,59.8076388888889,"1","At-Risk / Dormant","No"
13174,111.336111111111,1,47.8,10,1,4.78,111.336111111111,"United Kingdom",47.8,10,111.336111111111,"1","At-Risk / Dormant","No"
13175,46.0194444444444,1,28.95,15,2,2.22,46.0194444444444,"United Kingdom",28.95,15,46.0194444444444,"1","At-Risk / Dormant","No"
13176,14.8451388888889,5,1578.81,493,56,3.54107142857143,220.080555555556,"United Kingdom",315.762,98.6,51.3088541666667,"4","Loyal Customers","No"
13177,25.2347222222222,4,211.91,101,18,2.19777777777778,330.13125,"United Kingdom",52.9775,25.25,101.632175925926,"3","Potential / Occasional","No"
13178,226.4,1,131.95,30,5,4.234,226.4,"United Kingdom",131.95,30,226.4,"3","Potential / Occasional","No"
13179,17.95,15,7764.99,2245,224,3.55247967479675,356.751388888889,"United Kingdom",517.666,149.666666666667,24.2000992063492,"2","Champions / High-Value","Yes"
13180,17.3361111111111,4,854.99,335,28,2.42310344827586,134.964583333333,"United Kingdom",213.7475,83.75,39.2094907407407,"4","Loyal Customers","No"
13181,32.6805555555556,4,371.33,206,21,2.47904761904762,297.898611111111,"United Kingdom",92.8325,51.5,88.4060185185185,"3","Potential / Occasional","No"
13182,60.7201388888889,6,2540.29,742,87,2.81532608695652,212.354861111111,"United Kingdom",423.381666666667,123.666666666667,30.3269444444444,"4","Loyal Customers","No"
13183,54.7326388888889,1,243.23,94,10,3.503,54.7326388888889,"United Kingdom",243.23,94,54.7326388888889,"3","Potential / Occasional","No"
13184,5.61666666666667,7,1193.19,403,39,3.06974358974359,367.489583333333,"United Kingdom",170.455714285714,57.5714285714286,60.3121527777778,"4","Loyal Customers","No"
13185,9.41597222222222,7,3063.1,803,71,3.06816901408451,359.527777777778,"United Kingdom",437.585714285714,114.714285714286,58.3519675925926,"4","Loyal Customers","No"
13186,165.865972222222,1,1413.37,82,8,5.01375,165.865972222222,"United Kingdom",1413.37,82,165.865972222222,"3","Potential / Occasional","No"
13187,21.8708333333333,7,3371.06,969,100,3.14076923076923,252.138194444444,"United Kingdom",481.58,138.428571428571,38.3778935185185,"4","Loyal Customers","No"
13188,28.5145833333333,3,512.62,162,20,2.9545,279.893055555556,"United Kingdom",170.873333333333,54,125.689236111111,"3","Potential / Occasional","No"
13189,5.49027777777778,8,1999.3,568,75,3.56733333333333,352.505555555556,"United Kingdom",249.9125,71,49.5736111111111,"4","Loyal Customers","No"
13190,52.4666666666667,10,2560.76,746,75,3.43177215189873,346.372916666667,"United Kingdom",256.076,74.6,32.65625,"4","Loyal Customers","No"
13191,69.6472222222222,5,544.33,260,27,2.56962962962963,267.081944444444,"United Kingdom",108.866,52,49.3586805555556,"3","Potential / Occasional","No"
13192,4.87430555555556,6,1770.85,544,67,3.51830985915493,272.951388888889,"United Kingdom",295.141666666667,90.6666666666667,53.6154166666667,"4","Loyal Customers","No"
13193,56.3333333333333,5,619.45,164,26,3.78153846153846,313.428472222222,"United Kingdom",123.89,32.8,64.2737847222222,"3","Potential / Occasional","No"
13194,148.895138888889,2,72.22,22,5,2.774,307.05,"United Kingdom",36.11,11,158.154861111111,"1","At-Risk / Dormant","No"
13195,108.979861111111,1,239.6,152,12,2.135,108.979861111111,"France",239.6,152,108.979861111111,"3","Potential / Occasional","No"
13196,213.76875,1,273.45,74,6,5.80166666666667,213.76875,"United Kingdom",273.45,74,213.76875,"3","Potential / Occasional","No"
13197,23.9791666666667,19,11054.25,3040,317,3.33343023255814,332.180555555556,"United Kingdom",581.802631578947,160,17.122299382716,"2","Champions / High-Value","Yes"
13198,4.95555555555556,29,30119.76,9200,792,3.18183908045977,349.101388888889,"United Kingdom",1038.6124137931,317.241379310345,12.2909226190476,"2","Champions / High-Value","Yes"
13199,25.8166666666667,3,162.16,82,13,1.87307692307692,96.1513888888889,"United Kingdom",54.0533333333333,27.3333333333333,35.1673611111111,"1","At-Risk / Dormant","No"
13200,45.0548611111111,8,2943.28,914,98,3.03323232323232,316.688194444444,"United Kingdom",367.91,114.25,38.8047619047619,"4","Loyal Customers","No"
13201,124.597916666667,4,177.28,63,13,2.79076923076923,314.673611111111,"United Kingdom",44.32,15.75,63.3585648148148,"3","Potential / Occasional","No"
13202,26.2180555555556,11,3951.69,1001,112,3.11234782608696,338.399305555556,"United Kingdom",359.244545454545,91,31.218125,"4","Loyal Customers","No"
13203,23.8472222222222,16,10115.94,2849,300,3.23363914373089,353.402777777778,"Netherlands",632.24625,178.0625,21.9703703703704,"2","Champions / High-Value","Yes"
13204,253.618055555556,1,7.28,8,1,0.91,253.618055555556,"United Kingdom",7.28,8,253.618055555556,"1","At-Risk / Dormant","No"
13205,114.854861111111,2,220.52,68,9,3.70777777777778,176.467361111111,"United Kingdom",110.26,34,61.6125,"3","Potential / Occasional","No"
13206,21.0381944444444,5,858.95,217,27,4.25851851851852,222.542361111111,"United Kingdom",171.79,43.4,50.3760416666667,"4","Loyal Customers","No"
13207,45.1263888888889,5,2540.52,589,58,3.74586206896552,265.721527777778,"United Kingdom",508.104,117.8,55.1487847222222,"4","Loyal Customers","No"
13208,10.7083333333333,4,194.36,80,13,2.23076923076923,216.990277777778,"United Kingdom",48.59,20,68.7606481481481,"3","Potential / Occasional","No"
13209,18.0284722222222,5,1971.84,463,40,3.8009756097561,95.2861111111111,"United Kingdom",394.368,92.6,19.3144097222222,"4","Loyal Customers","No"
13210,167.56875,1,69.43,16,3,5.3,167.56875,"United Kingdom",69.43,16,167.56875,"1","At-Risk / Dormant","No"
13211,44.8041666666667,2,377.63,156,8,4.7125,67.7326388888889,"United Kingdom",188.815,78,22.9284722222222,"3","Potential / Occasional","No"
13212,52.4569444444444,4,1248.76,363,39,3.22615384615385,240.123611111111,"United Kingdom",312.19,90.75,62.5555555555556,"4","Loyal Customers","No"
13213,80.4284722222222,1,10.37,9,2,1.155,80.4284722222222,"United Kingdom",10.37,9,80.4284722222222,"1","At-Risk / Dormant","No"
13214,33.7243055555556,10,2400.38,865,67,2.72417910447761,369.265277777778,"United Kingdom",240.038,86.5,37.2823302469136,"4","Loyal Customers","No"
13215,239.851388888889,1,221.32,98,14,2.08428571428571,239.851388888889,"United Kingdom",221.32,98,239.851388888889,"3","Potential / Occasional","No"
13216,6.54166666666667,2,270.51,103,13,3.19307692307692,86.99375,"United Kingdom",135.255,51.5,80.4520833333333,"3","Potential / Occasional","No"
13217,238.147916666667,1,32.65,23,3,1.54,238.147916666667,"United Kingdom",32.65,23,238.147916666667,"1","At-Risk / Dormant","No"
13218,64.5229166666667,5,486.99,134,24,4.23291666666667,227.609027777778,"United Kingdom",97.398,26.8,40.7715277777778,"3","Potential / Occasional","No"
13219,23.5993055555556,6,1502.01,666,60,2.90193548387097,232.911805555556,"United Kingdom",250.335,111,41.8625,"4","Loyal Customers","No"
13220,16.4993055555556,11,6713.68,1769,197,3.82720379146919,224.60625,"United Kingdom",610.334545454545,160.818181818182,20.8106944444444,"2","Champions / High-Value","Yes"
13221,5.54652777777778,15,4915.1,1620,177,3.21775510204082,199.672222222222,"United Kingdom",327.673333333333,108,13.866121031746,"2","Champions / High-Value","Yes"
13222,348.713888888889,1,187.8,82,6,3.72833333333333,348.713888888889,"United Kingdom",187.8,82,348.713888888889,"3","Potential / Occasional","No"
13223,19.4423611111111,14,4912.6,1342,158,2.93159509202454,306.798611111111,"United Kingdom",350.9,95.8571428571429,22.1043269230769,"2","Champions / High-Value","Yes"
13224,116.686805555556,1,103.35,16,3,5.86333333333333,116.686805555556,"United Kingdom",103.35,16,116.686805555556,"1","At-Risk / Dormant","No"
13225,107.286805555556,1,10.26,6,1,1.71,107.286805555556,"United Kingdom",10.26,6,107.286805555556,"1","At-Risk / Dormant","No"
13226,297.086111111111,1,330.59,97,9,2.58333333333333,297.086111111111,"United Kingdom",330.59,97,297.086111111111,"3","Potential / Occasional","No"
13227,39.2722222222222,3,577.3,157,19,3.90473684210526,134.409722222222,"United Kingdom",192.433333333333,52.3333333333333,47.56875,"3","Potential / Occasional","No"
13228,41.8618055555556,8,1536.81,484,58,3.12448275862069,286.836805555556,"United Kingdom",192.10125,60.5,34.9964285714286,"4","Loyal Customers","No"
13229,5.64305555555556,7,2418.76,737,68,2.36294117647059,243.008333333333,"United Kingdom",345.537142857143,105.285714285714,39.5608796296296,"4","Loyal Customers","No"
13230,27.6381944444444,4,1024.99,361,43,2.94204545454545,184.340277777778,"United Kingdom",256.2475,90.25,52.2340277777778,"4","Loyal Customers","No"
13231,31.0048611111111,1,304.32,86,7,3.23285714285714,31.0048611111111,"United Kingdom",304.32,86,31.0048611111111,"3","Potential / Occasional","No"
13232,81.6118055555555,4,900.49,223,34,3.37058823529412,226.48125,"United Kingdom",225.1225,55.75,48.2898148148148,"3","Potential / Occasional","No"
13233,4.94236111111111,3,137.21,69,11,2.29545454545455,220.427083333333,"United Kingdom",45.7366666666667,23,107.742361111111,"3","Potential / Occasional","No"
13234,186.384722222222,1,75.79,63,4,1.275,186.384722222222,"United Kingdom",75.79,63,186.384722222222,"3","Potential / Occasional","No"
13235,106.494444444444,3,314.92,99,19,4.00210526315789,323.09375,"United Kingdom",104.973333333333,33,108.299652777778,"3","Potential / Occasional","No"
13236,85.76875,3,892.6,206,14,3.33285714285714,167.464583333333,"United Kingdom",297.533333333333,68.6666666666667,40.8479166666667,"3","Potential / Occasional","No"
13237,5.34375,30,24020.55,7520,669,3.32739877300613,364.699305555556,"United Kingdom",800.685,250.666666666667,12.3915708812261,"2","Champions / High-Value","Yes"
13238,90.4493055555556,8,4082.76,951,95,4.53121212121212,250.164583333333,"United Kingdom",510.345,118.875,22.8164682539683,"4","Loyal Customers","No"
13239,2.73402777777778,4,434.01,202,27,2.06642857142857,197.490972222222,"United Kingdom",108.5025,50.5,64.9189814814815,"4","Loyal Customers","No"
13240,54.2965277777778,14,5819.4,2127,219,3.30991379310345,319.449305555556,"United Kingdom",415.671428571429,151.928571428571,20.3963675213675,"2","Champions / High-Value","Yes"
13241,12.85,18,8877,2712,280,3.37882911392405,342.328472222222,"United Kingdom",493.166666666667,150.666666666667,19.3810866013072,"2","Champions / High-Value","Yes"
13242,217.254861111111,2,838.52,168,15,3.40666666666667,309.515972222222,"United Kingdom",419.26,84,92.2611111111111,"3","Potential / Occasional","No"
13243,54.9125,4,808.77,103,15,6.85333333333333,254.108333333333,"United Kingdom",202.1925,25.75,66.3986111111111,"3","Potential / Occasional","No"
13244,114.274305555556,1,22.43,14,3,1.74,114.274305555556,"United Kingdom",22.43,14,114.274305555556,"1","At-Risk / Dormant","No"
13245,187.810416666667,2,189.95,35,7,4.32428571428571,260.535416666667,"United Kingdom",94.975,17.5,72.725,"3","Potential / Occasional","No"
13246,63.7409722222222,6,841.15,382,42,2.86302325581395,227.254861111111,"United Kingdom",140.191666666667,63.6666666666667,32.7027777777778,"4","Loyal Customers","No"
13247,44.7958333333333,8,3473.19,884,98,3.86333333333333,350.620833333333,"United Kingdom",434.14875,110.5,43.6892857142857,"4","Loyal Customers","No"
13248,256.230555555556,1,68.65,13,3,4.45666666666667,256.230555555556,"United Kingdom",68.65,13,256.230555555556,"1","At-Risk / Dormant","No"
13249,107.382638888889,5,1980.23,421,34,2.83029411764706,334.297222222222,"United Kingdom",396.046,84.2,56.7286458333333,"4","Loyal Customers","No"
13250,8.02152777777778,14,7622.51,1952,192,3.84771028037383,341.085416666667,"United Kingdom",544.465,139.428571428571,25.6202991452991,"2","Champions / High-Value","Yes"
13251,223.913888888889,2,141.01,100,11,1.69909090909091,290.391666666667,"United Kingdom",70.505,50,66.4777777777778,"3","Potential / Occasional","No"
13252,14.4145833333333,19,15663.24,4128,409,3.59152808988764,344.96875,"United Kingdom",824.381052631579,217.263157894737,18.3641203703704,"2","Champions / High-Value","Yes"
13253,72.7604166666667,3,144.59,64,13,2.74230769230769,259.627777777778,"United Kingdom",48.1966666666667,21.3333333333333,93.4336805555556,"3","Potential / Occasional","No"
13254,148.863888888889,1,61.26,30,6,2.54333333333333,148.863888888889,"United Kingdom",61.26,30,148.863888888889,"1","At-Risk / Dormant","No"
13255,64.0375,14,6282.41,2288,264,3.18062717770035,274.027777777778,"United Kingdom",448.743571428571,163.428571428571,16.1530982905983,"2","Champions / High-Value","Yes"
13256,147.690277777778,1,55.87,11,2,3.645,147.690277777778,"Germany",55.87,11,147.690277777778,"1","At-Risk / Dormant","No"
13257,249.452083333333,2,615.66,89,8,4.96375,369.324305555556,"United Kingdom",307.83,44.5,119.872222222222,"3","Potential / Occasional","No"
13258,39.9604166666667,1,27.11,13,3,2.03,39.9604166666667,"United Kingdom",27.11,13,39.9604166666667,"1","At-Risk / Dormant","No"
13259,6.90138888888889,8,1670.86,345,45,4.21978260869565,330.997916666667,"United Kingdom",208.8575,43.125,46.299503968254,"4","Loyal Customers","No"
13260,15.2451388888889,1,43.8,24,3,2.09666666666667,15.2451388888889,"United Kingdom",43.8,24,15.2451388888889,"1","At-Risk / Dormant","No"
13261,21.7569444444444,9,2509.95,813,81,2.89388235294118,274.068055555556,"United Kingdom",278.883333333333,90.3333333333333,31.5388888888889,"4","Loyal Customers","No"
13262,2.05902777777778,25,35078.85,10134,843,3.37750716332378,331.642361111111,"United Kingdom",1403.154,405.36,13.7326388888889,"2","Champions / High-Value","Yes"
13263,61.7388888888889,2,379.32,119,13,4.01384615384615,172.518055555556,"United Kingdom",189.66,59.5,110.779166666667,"3","Potential / Occasional","No"
13264,79.7604166666667,1,36,24,4,1.56,79.7604166666667,"United Kingdom",36,24,79.7604166666667,"1","At-Risk / Dormant","No"
13265,185.568055555556,2,116.55,79,4,2.16,231.405555555556,"Germany",58.275,39.5,45.8375,"3","Potential / Occasional","No"
13266,62.2159722222222,3,234.7,67,15,4.56266666666667,156.813194444444,"United Kingdom",78.2333333333333,22.3333333333333,47.2986111111111,"3","Potential / Occasional","No"
13267,25.5236111111111,29,21493.58,7196,641,3.1245618556701,337.327083333333,"United Kingdom",741.157931034483,248.137931034483,11.1358382936508,"2","Champions / High-Value","Yes"
13268,4.58263888888889,4,748.59,368,21,2.64047619047619,284.256944444444,"United Kingdom",187.1475,92,93.2247685185185,"4","Loyal Customers","No"
13269,12.2125,7,759.66,320,33,2.58575757575758,286.836805555556,"United Kingdom",108.522857142857,45.7142857142857,45.7707175925926,"4","Loyal Customers","No"
13270,145.972916666667,1,21.08,4,1,5.27,145.972916666667,"United Kingdom",21.08,4,145.972916666667,"1","At-Risk / Dormant","No"
13271,37.4847222222222,6,1732.44,578,61,3.35177419354839,338.613194444444,"United Kingdom",288.74,96.3333333333333,60.2256944444444,"4","Loyal Customers","No"
13272,54.8263888888889,14,8589.03,2373,245,3.57593155893536,344.879166666667,"United Kingdom",613.502142857143,169.5,22.3117521367521,"2","Champions / High-Value","Yes"
13273,11.7423611111111,18,15917,4213,404,3.41107066381156,367.998611111111,"United Kingdom",884.277777777778,234.055555555556,20.95625,"2","Champions / High-Value","Yes"
13274,149.209027777778,1,88.56,27,4,2.8575,149.209027777778,"United Kingdom",88.56,27,149.209027777778,"1","At-Risk / Dormant","No"
13275,4.66458333333333,4,531.72,201,26,3.28222222222222,246.729861111111,"United Kingdom",132.93,50.25,80.6884259259259,"4","Loyal Customers","No"
13276,86.1166666666667,4,199.77,81,13,2.49769230769231,240.746527777778,"United Kingdom",49.9425,20.25,51.543287037037,"3","Potential / Occasional","No"
13277,182.601388888889,1,904.56,125,6,6.62833333333333,182.601388888889,"United Kingdom",904.56,125,182.601388888889,"3","Potential / Occasional","No"
13278,12.75625,26,30782.41,9907,840,3.27595145631068,344.370138888889,"United Kingdom",1183.93884615385,381.038461538462,13.2645555555556,"2","Champions / High-Value","Yes"
13279,93.5756944444445,6,1533.43,587,55,2.30964285714286,333.779861111111,"United Kingdom",255.571666666667,97.8333333333333,48.0408333333333,"4","Loyal Customers","No"
13280,19.0930555555556,6,1281.64,449,64,3.1578125,317.059027777778,"United Kingdom",213.606666666667,74.8333333333333,59.5931944444444,"4","Loyal Customers","No"
13281,92.7069444444444,2,331.72,67,11,4.22,358.986805555556,"United Kingdom",165.86,33.5,266.279861111111,"3","Potential / Occasional","No"
13282,102.330555555556,5,1070.56,217,24,5.68625,323.336111111111,"United Kingdom",214.112,43.4,55.2513888888889,"3","Potential / Occasional","No"
13283,1.19305555555556,6,985.72,324,22,3.34181818181818,318.779166666667,"United Kingdom",164.286666666667,54,63.5172222222222,"4","Loyal Customers","No"
13284,83.9368055555556,9,4637.38,1368,113,3.37983193277311,289.713888888889,"United Kingdom",515.264444444445,152,25.7221354166667,"2","Champions / High-Value","Yes"
13285,103.667361111111,3,504.67,129,10,3.099,337.89375,"United Kingdom",168.223333333333,43,117.113194444444,"3","Potential / Occasional","No"
13286,42.9333333333333,9,2733.13,856,95,2.89257425742574,226.055555555556,"United Kingdom",303.681111111111,95.1111111111111,22.8902777777778,"4","Loyal Customers","No"
13287,12.9479166666667,15,9597.41,2663,280,3.50441176470588,359.639583333333,"United Kingdom",639.827333333333,177.533333333333,24.7636904761905,"2","Champions / High-Value","Yes"
13288,100.677083333333,2,132.12,78,8,1.88875,326.669444444444,"United Kingdom",66.06,39,225.992361111111,"3","Potential / Occasional","No"
13289,27.0729166666667,4,529.25,197,28,2.99607142857143,170.978472222222,"United Kingdom",132.3125,49.25,47.9685185185185,"3","Potential / Occasional","No"
13290,30.5902777777778,4,719.4,204,28,3.86357142857143,233.227083333333,"United Kingdom",179.85,51,67.5456018518519,"4","Loyal Customers","No"
13291,9.06458333333333,15,11987.69,3530,324,3.39509749303621,332.843055555556,"United Kingdom",799.179333333333,235.333333333333,23.1270337301587,"2","Champions / High-Value","Yes"
13292,38.3833333333333,7,3986.64,874,86,3.03674157303371,258.379166666667,"United Kingdom",569.52,124.857142857143,36.6659722222222,"4","Loyal Customers","No"
13294,72.5708333333333,6,2353.81,610,65,3.70926470588235,270.747916666667,"United Kingdom",392.301666666667,101.666666666667,39.6354166666667,"4","Loyal Customers","No"
13295,12.2659722222222,12,10475.84,2847,296,3.71052631578947,345.086111111111,"United Kingdom",872.986666666667,237.25,30.2563762626263,"2","Champions / High-Value","Yes"
13296,217.479861111111,2,226.56,65,10,3.067,279.019444444444,"United Kingdom",113.28,32.5,61.5395833333333,"3","Potential / Occasional","No"
13297,3.20902777777778,21,21191.88,6134,554,3.5707488299532,359.490277777778,"United Kingdom",1009.13714285714,292.095238095238,17.8140625,"2","Champions / High-Value","Yes"
13298,69.9083333333333,5,747.34,222,33,3.64090909090909,258.873611111111,"United Kingdom",149.468,44.4,47.2413194444444,"3","Potential / Occasional","No"
13299,17.3965277777778,6,1713.83,640,69,3.30194444444444,166.320138888889,"United Kingdom",285.638333333333,106.666666666667,29.7847222222222,"4","Loyal Customers","No"
13300,125.414583333333,5,223.16,129,12,2.22916666666667,331.461805555556,"United Kingdom",44.632,25.8,51.5118055555556,"3","Potential / Occasional","No"
13301,5.95972222222222,8,1683.63,650,74,2.41628205128205,275.144444444444,"United Kingdom",210.45375,81.25,38.4549603174603,"4","Loyal Customers","No"
13302,59.3722222222222,12,5694.49,1642,204,3.57167441860465,361.277777777778,"United Kingdom",474.540833333333,136.833333333333,27.4459595959596,"2","Champions / High-Value","Yes"
13303,121.81875,7,1488.57,547,73,2.78067567567568,341.232638888889,"United Kingdom",212.652857142857,78.1428571428571,36.5689814814815,"4","Loyal Customers","No"
13304,55.8666666666667,1,318.38,77,6,5.16333333333333,55.8666666666667,"United Kingdom",318.38,77,55.8666666666667,"3","Potential / Occasional","No"
13305,3.07013888888889,5,1116.54,351,46,3.23521739130435,260.054166666667,"United Kingdom",223.308,70.2,64.2460069444444,"4","Loyal Customers","No"
13306,42.9569444444444,4,1691.16,299,32,3.02606060606061,185.170833333333,"United Kingdom",422.79,74.75,47.4046296296296,"4","Loyal Customers","No"
13307,115.327777777778,3,256.23,145,20,2.2375,258.161111111111,"United Kingdom",85.41,48.3333333333333,71.4166666666667,"3","Potential / Occasional","No"
13308,163.543055555556,3,318.68,180,12,2.51916666666667,241.452777777778,"United Kingdom",106.226666666667,60,38.9548611111111,"3","Potential / Occasional","No"
13309,153.344444444444,4,652.55,139,19,3.78315789473684,305.522222222222,"United Kingdom",163.1375,34.75,50.7259259259259,"3","Potential / Occasional","No"
13310,4.14722222222222,4,1172.46,242,25,3.54076923076923,232.528472222222,"United Kingdom",293.115,60.5,76.1270833333333,"4","Loyal Customers","No"
13311,7.86458333333333,25,26167.4,7595,692,3.21397374701671,312.940972222222,"Spain",1046.696,303.8,12.7115162037037,"2","Champions / High-Value","Yes"
13312,3.01458333333333,3,597.97,242,28,2.98285714285714,354.397916666667,"United Kingdom",199.323333333333,80.6666666666667,175.691666666667,"4","Loyal Customers","No"
13313,137.040972222222,5,783.88,201,27,3.78607142857143,261.489583333333,"United Kingdom",156.776,40.2,31.1121527777778,"3","Potential / Occasional","No"
13314,10.3590277777778,7,2048.17,592,60,3.0246875,273.309027777778,"United Kingdom",292.595714285714,84.5714285714286,43.825,"4","Loyal Customers","No"
13315,33.1465277777778,19,19475.56,6118,528,3.42436688311688,309.011111111111,"United Kingdom",1025.02947368421,322,15.3258101851852,"2","Champions / High-Value","Yes"
13316,18.3520833333333,4,500.81,358,17,2.34823529411765,111.653472222222,"United Kingdom",125.2025,89.5,31.100462962963,"3","Potential / Occasional","No"
13317,54.0979166666667,7,1479.96,539,57,3.31186440677966,241.027083333333,"United Kingdom",211.422857142857,77,31.1548611111111,"4","Loyal Customers","No"
13318,1.77569444444444,21,13519.06,4336,436,3.20835728952772,347.600694444444,"United Kingdom",643.764761904762,206.47619047619,17.29125,"2","Champions / High-Value","Yes"
13319,14.9263888888889,5,320.8,105,13,4.11,335.099305555556,"United Kingdom",64.16,21,80.0432291666667,"3","Potential / Occasional","No"
13320,270.297222222222,2,321.28,65,10,6.395,351.992361111111,"United Kingdom",160.64,32.5,81.6951388888889,"3","Potential / Occasional","No"
13321,82.5458333333333,5,691.72,262,36,3.36472222222222,309.016666666667,"United Kingdom",138.344,52.4,56.6177083333333,"3","Potential / Occasional","No"
13322,71.1006944444444,5,400.29,207,16,2.53875,310.048611111111,"United Kingdom",80.058,41.4,59.7369791666667,"3","Potential / Occasional","No"
13324,192.132638888889,2,128.44,38,6,3.73666666666667,274.986805555556,"United Kingdom",64.22,19,82.8541666666667,"3","Potential / Occasional","No"
13325,10.6138888888889,11,3680.58,1386,122,2.82640625,269.927083333333,"United Kingdom",334.598181818182,126,25.9313194444444,"2","Champions / High-Value","Yes"
13326,51.9569444444444,6,650.65,268,31,2.84096774193548,218.394444444444,"Netherlands",108.441666666667,44.6666666666667,33.2875,"3","Potential / Occasional","No"
13327,27.4513888888889,8,3566.29,1284,105,3.12648648648649,259.680555555556,"United Kingdom",445.78625,160.5,33.1755952380952,"4","Loyal Customers","No"
13328,5.78194444444444,15,70696.66,16043,327,3.47791666666667,264.623611111111,"United Kingdom",4713.11066666667,1069.53333333333,18.4886904761905,"2","Champions / High-Value","Yes"
13329,182.353472222222,3,1433.57,234,25,6.3584,284.377777777778,"United Kingdom",477.856666666667,78,51.0121527777778,"3","Potential / Occasional","No"
13330,65.7444444444444,1,1434.53,158,5,7.706,65.7444444444444,"United Kingdom",1434.53,158,65.7444444444444,"3","Potential / Occasional","No"
13331,11.5541666666667,13,4923.83,1893,192,2.89346341463415,308.839583333333,"United Kingdom",378.756153846154,145.615384615385,24.7737847222222,"2","Champions / High-Value","Yes"
13332,11.83125,6,830.31,247,29,3.69206896551724,200.055555555556,"United Kingdom",138.385,41.1666666666667,37.6448611111111,"4","Loyal Customers","No"
13333,26.9236111111111,11,3772.98,1312,136,3.11531468531469,281.180555555556,"France",342.998181818182,119.272727272727,25.4256944444444,"2","Champions / High-Value","Yes"
13334,77.0541666666667,6,999.25,308,39,3.40825,292.218055555556,"United Kingdom",166.541666666667,51.3333333333333,43.0327777777778,"4","Loyal Customers","No"
13335,60.1284722222222,7,1710.47,342,44,3.89090909090909,333.011111111111,"United Kingdom",244.352857142857,48.8571428571429,45.4804398148148,"4","Loyal Customers","No"
13336,163.705555555556,2,296.47,70,5,2.542,272.20625,"United Kingdom",148.235,35,108.500694444444,"3","Potential / Occasional","No"
13337,11.5361111111111,1,479.66,94,7,3.07,11.5361111111111,"United Kingdom",479.66,94,11.5361111111111,"3","Potential / Occasional","No"
13338,131.573611111111,2,427.69,83,13,4.99,212.365972222222,"United Kingdom",213.845,41.5,80.7923611111111,"3","Potential / Occasional","No"
13339,23.1534722222222,7,1656.52,536,73,3.37635135135135,337.964583333333,"United Kingdom",236.645714285714,76.5714285714286,52.4685185185185,"4","Loyal Customers","No"
13340,54.4736111111111,5,2216.81,327,28,3.66714285714286,203.329861111111,"United Kingdom",443.362,65.4,37.2140625,"4","Loyal Customers","No"
13341,2.26666666666667,5,2445.68,456,44,4.46511111111111,352.433333333333,"United Kingdom",489.136,91.2,87.5416666666667,"4","Loyal Customers","No"
13342,4.26805555555556,2,79.37,38,7,2.02285714285714,149.697916666667,"United Kingdom",39.685,19,145.429861111111,"1","At-Risk / Dormant","No"
13343,25.6680555555556,3,259.78,121,12,2.84916666666667,297.913888888889,"Germany",86.5933333333333,40.3333333333333,136.122916666667,"3","Potential / Occasional","No"
13344,100.404861111111,2,122.76,58,9,2.35555555555556,258.069444444444,"United Kingdom",61.38,29,157.664583333333,"3","Potential / Occasional","No"
13345,9.54861111111111,8,1656.67,433,65,3.8865671641791,242.945138888889,"United Kingdom",207.08375,54.125,33.3423611111111,"4","Loyal Customers","No"
13346,30.8034722222222,10,3269.17,880,116,4.06916666666667,326.466666666667,"United Kingdom",326.917,88,32.8514660493827,"4","Loyal Customers","No"
13347,34.3236111111111,13,7878.51,2282,210,3.4895652173913,358.566666666667,"United Kingdom",606.039230769231,175.538461538462,27.0202546296296,"2","Champions / High-Value","Yes"
13348,6.14652777777778,12,4112.61,1354,139,2.98875862068966,273.805555555556,"United Kingdom",342.7175,112.833333333333,24.3326388888889,"2","Champions / High-Value","Yes"
13349,30.75,10,3025.64,1018,92,3.26189473684211,348.395833333333,"United Kingdom",302.564,101.8,35.2939814814815,"4","Loyal Customers","No"
13350,51.6798611111111,7,1524.28,422,48,4.19520833333333,317.366666666667,"United Kingdom",217.754285714286,60.2857142857143,44.2811342592593,"4","Loyal Customers","No"
13351,20.0180555555556,29,34140.96,10324,869,3.34624324324324,359.359027777778,"United Kingdom",1177.27448275862,356,12.1193204365079,"2","Champions / High-Value","Yes"
13352,35.8680555555556,9,1832.13,589,70,3.39625,226.126388888889,"United Kingdom",203.57,65.4444444444444,23.7822916666667,"4","Loyal Customers","No"
13353,4.24583333333333,8,4532.38,1431,128,3.27068702290076,352.515972222222,"United Kingdom",566.5475,178.875,49.752876984127,"2","Champions / High-Value","Yes"
13354,12.8756944444444,3,471.5,148,12,3.055,241.040972222222,"United Kingdom",157.166666666667,49.3333333333333,114.082638888889,"3","Potential / Occasional","No"
13355,232.192361111111,1,41.94,10,2,4.1,232.192361111111,"United Kingdom",41.94,10,232.192361111111,"1","At-Risk / Dormant","No"
13356,25.46875,6,707.19,200,24,3.51875,291.456944444444,"United Kingdom",117.865,33.3333333333333,53.1976388888889,"4","Loyal Customers","No"
13357,80.1583333333333,12,12016.18,3587,366,3.42929113924051,316.170833333333,"United Kingdom",1001.34833333333,298.916666666667,21.4556818181818,"2","Champions / High-Value","Yes"
13358,6.76111111111111,8,6364.37,1930,181,3.37467741935484,307.559027777778,"United Kingdom",795.54625,241.25,42.971130952381,"2","Champions / High-Value","Yes"
13359,111.604166666667,3,274.25,111,12,3.48083333333333,350.422222222222,"United Kingdom",91.4166666666667,37,119.409027777778,"3","Potential / Occasional","No"
13360,43.2375,7,736.43,315,42,2.73581395348837,271.689583333333,"United Kingdom",105.204285714286,45,38.0753472222222,"4","Loyal Customers","No"
13361,26.0611111111111,8,3347.05,1019,101,3.0881308411215,353.001388888889,"United Kingdom",418.38125,127.375,46.705753968254,"4","Loyal Customers","No"
13362,8.49027777777778,6,1614.05,518,62,3.90359375,325.425694444444,"United Kingdom",269.008333333333,86.3333333333333,63.3870833333333,"4","Loyal Customers","No"
13363,49.2895833333333,13,4194.97,1155,117,3.39303278688525,325.302777777778,"United Kingdom",322.69,88.8461538461538,23.001099537037,"4","Loyal Customers","No"
13364,27.9305555555556,17,13992.27,4399,409,3.25549568965517,355.970833333333,"United Kingdom",823.074705882353,258.764705882353,20.5025173611111,"2","Champions / High-Value","Yes"
13365,17.4340277777778,4,1060.26,402,41,2.15333333333333,359.61875,"United Kingdom",265.065,100.5,114.061574074074,"4","Loyal Customers","No"
13366,48.45625,5,493.67,123,23,4.06833333333333,266.490277777778,"United Kingdom",98.734,24.6,54.5085069444444,"3","Potential / Occasional","No"
13367,27.51875,9,2361.23,799,81,2.9147619047619,334.704166666667,"United Kingdom",262.358888888889,88.7777777777778,38.3981770833333,"4","Loyal Customers","No"
13368,209.070138888889,2,600.32,217,16,2.725625,304.88125,"United Kingdom",300.16,108.5,95.8111111111111,"3","Potential / Occasional","No"
13369,6.50208333333333,7,2710.61,831,72,3.32486486486486,249.240972222222,"United Kingdom",387.23,118.714285714286,40.4564814814815,"4","Loyal Customers","No"
13370,119.854166666667,2,187.84,50,9,3.35777777777778,238.806944444444,"United Kingdom",93.92,25,118.952777777778,"3","Potential / Occasional","No"
13371,60.95625,1,148.48,64,4,3.235,60.95625,"United Kingdom",148.48,64,60.95625,"1","At-Risk / Dormant","No"
13372,90.4111111111111,2,681.89,106,11,3.8,243.240972222222,"Netherlands",340.945,53,152.829861111111,"3","Potential / Occasional","No"
13373,12.4145833333333,8,4005.35,874,96,3.97061224489796,285.575694444444,"United Kingdom",500.66875,109.25,39.0230158730159,"4","Loyal Customers","No"
13374,97.0458333333333,4,603.89,212,26,3.20518518518519,238.147916666667,"United Kingdom",150.9725,53,47.0340277777778,"3","Potential / Occasional","No"
13375,50.8958333333333,3,537.48,240,20,2.2145,151.895138888889,"United Kingdom",179.16,80,50.4996527777778,"3","Potential / Occasional","No"
13376,266.302777777778,1,3.39,3,1,1.13,266.302777777778,"United Kingdom",3.39,3,266.302777777778,"1","At-Risk / Dormant","No"
13377,38.9604166666667,2,420.6,124,14,4.465,153.145138888889,"United Kingdom",210.3,62,114.184722222222,"3","Potential / Occasional","No"
13378,52.8770833333333,3,320.81,196,17,2.63882352941176,109.486805555556,"United Kingdom",106.936666666667,65.3333333333333,28.3048611111111,"3","Potential / Occasional","No"
13379,38.975,11,5981.82,1430,134,3.70183098591549,369.484027777778,"United Kingdom",543.801818181818,130,33.0509027777778,"2","Champions / High-Value","Yes"
13380,98.8944444444444,2,138.82,28,6,3.96166666666667,320.176388888889,"United Kingdom",69.41,14,221.281944444444,"3","Potential / Occasional","No"
13381,180.391666666667,1,54.6,21,2,2.25,180.391666666667,"United Kingdom",54.6,21,180.391666666667,"1","At-Risk / Dormant","No"
13382,197.079861111111,1,156.08,25,4,6.225,197.079861111111,"United Kingdom",156.08,25,197.079861111111,"3","Potential / Occasional","No"
13383,26.1333333333333,7,522.31,209,29,2.99689655172414,321.720138888889,"United Kingdom",74.6157142857143,29.8571428571429,49.2644675925926,"4","Loyal Customers","No"
13384,64.3069444444444,5,1087.94,265,26,3.32214285714286,296.618055555556,"United Kingdom",217.588,53,58.0777777777778,"4","Loyal Customers","No"
13385,93.2722222222222,7,1032.92,391,47,2.8468085106383,312.574305555556,"United Kingdom",147.56,55.8571428571429,36.5503472222222,"4","Loyal Customers","No"
13386,25.1861111111111,13,2826.14,979,102,3.2592380952381,337.592361111111,"United Kingdom",217.395384615385,75.3076923076923,26.0338541666667,"4","Loyal Customers","No"
13387,17.7840277777778,7,2448.96,569,64,3.36375,332.381944444444,"United Kingdom",349.851428571429,81.2857142857143,52.4329861111111,"4","Loyal Customers","No"
13388,180.522222222222,1,199.62,37,6,4.68,180.522222222222,"United Kingdom",199.62,37,180.522222222222,"3","Potential / Occasional","No"
13389,18.0659722222222,9,2322.94,844,71,2.82845070422535,342.602777777778,"United Kingdom",258.104444444444,93.7777777777778,40.5671006944444,"4","Loyal Customers","No"
13390,20.9020833333333,8,1137.92,430,57,2.98637931034483,274.630555555556,"United Kingdom",142.24,53.75,36.2469246031746,"4","Loyal Customers","No"
13391,172.70625,4,533.93,226,18,1.89888888888889,277.538194444444,"United Kingdom",133.4825,56.5,34.9439814814815,"3","Potential / Occasional","No"
13392,14.1298611111111,3,310.42,119,12,3.24583333333333,159.972222222222,"United Kingdom",103.473333333333,39.6666666666667,72.9211805555556,"3","Potential / Occasional","No"
13393,77.6972222222222,3,270.24,103,9,2.98,260.835416666667,"United Kingdom",90.08,34.3333333333333,91.5690972222222,"3","Potential / Occasional","No"
13394,15.9777777777778,7,800.99,357,31,2.8458064516129,265.720138888889,"United Kingdom",114.427142857143,51,41.6237268518518,"4","Loyal Customers","No"
13395,161.060416666667,3,440.23,119,19,3.1575,289.911111111111,"United Kingdom",146.743333333333,39.6666666666667,64.4253472222222,"3","Potential / Occasional","No"
13396,126.664583333333,3,406.05,203,19,2.64421052631579,160.975694444444,"United Kingdom",135.35,67.6666666666667,17.1555555555556,"3","Potential / Occasional","No"
13397,1.95208333333333,3,86.63,30,5,2.816,128.585416666667,"France",28.8766666666667,10,63.3166666666667,"1","At-Risk / Dormant","No"
13398,5.82152777777778,4,441.67,93,16,4.141875,252.047222222222,"United Kingdom",110.4175,23.25,82.0752314814815,"3","Potential / Occasional","No"
13399,168.838194444444,5,1655.54,497,63,3.45276923076923,332.861805555556,"United Kingdom",331.108,99.4,41.0059027777778,"4","Loyal Customers","No"
13400,6.85833333333333,17,12496.58,4149,387,3.27594533029613,314.670833333333,"United Kingdom",735.092941176471,244.058823529412,19.23828125,"2","Champions / High-Value","Yes"
13401,21.1541666666667,4,232.5,67,12,3.69416666666667,261.604861111111,"United Kingdom",58.125,16.75,80.1502314814815,"3","Potential / Occasional","No"
13402,154.525,1,20.24,10,2,2.04,154.525,"United Kingdom",20.24,10,154.525,"1","At-Risk / Dormant","No"
13403,47.6493055555556,10,2937.62,935,104,3.29785046728972,354.219444444444,"United Kingdom",293.762,93.5,34.0633487654321,"4","Loyal Customers","No"
13404,36.8715277777778,13,5842.21,1987,212,3.21282511210762,341.348611111111,"United Kingdom",449.400769230769,152.846153846154,25.3730902777778,"2","Champions / High-Value","Yes"
13405,82.1569444444444,2,24.64,18,3,1.39333333333333,346.661805555556,"United Kingdom",12.32,9,264.504861111111,"1","At-Risk / Dormant","No"
13406,59.2777777777778,4,1556.13,495,38,2.70815789473684,331.111805555556,"United Kingdom",389.0325,123.75,90.6113425925926,"4","Loyal Customers","No"
13407,83.3576388888889,4,337.74,72,12,4.86333333333333,273.672916666667,"United Kingdom",84.435,18,63.4384259259259,"3","Potential / Occasional","No"
13408,163.55625,2,57.08,63,5,1.97,195.013194444444,"United Kingdom",28.54,31.5,31.4569444444444,"1","At-Risk / Dormant","No"
13409,74.64375,2,118.14,38,8,3.095,159.872916666667,"United Kingdom",59.07,19,85.2291666666667,"1","At-Risk / Dormant","No"
13410,11.1138888888889,8,3074.19,823,95,3.77204081632653,306.415277777778,"United Kingdom",384.27375,102.875,42.1859126984127,"4","Loyal Customers","No"
13411,78.4131944444444,3,1163.79,225,24,3.77083333333333,321.141666666667,"Germany",387.93,75,121.364236111111,"4","Loyal Customers","No"
13412,30.725,14,8512.91,2192,203,3.46685185185185,342.872222222222,"United Kingdom",608.065,156.571428571429,24.0113247863248,"2","Champions / High-Value","Yes"
13413,73.7479166666667,6,2362.43,644,76,3.58177215189873,301.127083333333,"France",393.738333333333,107.333333333333,45.4758333333333,"4","Loyal Customers","No"
13414,1.34652777777778,4,1222.16,306,30,2.633,189.218055555556,"United Kingdom",305.54,76.5,62.6238425925926,"4","Loyal Customers","No"
13415,282.572916666667,2,116.18,50,10,2.392,334.902777777778,"United Kingdom",58.09,25,52.3298611111111,"3","Potential / Occasional","No"
13416,112.293055555556,7,2400.38,673,66,3.3910447761194,364.129166666667,"United Kingdom",342.911428571429,96.1428571428571,41.9726851851852,"4","Loyal Customers","No"
13417,84.2013888888889,3,536.63,103,14,2.75285714285714,214.013194444444,"United Kingdom",178.876666666667,34.3333333333333,64.9059027777778,"3","Potential / Occasional","No"
13418,85.3833333333333,2,133.22,47,8,3.0375,301.75625,"United Kingdom",66.61,23.5,216.372916666667,"3","Potential / Occasional","No"
13419,16.2631944444444,22,24001.27,6781,608,3.36424076607387,343.699305555556,"United Kingdom",1090.96681818182,308.227272727273,15.5921957671958,"2","Champions / High-Value","Yes"
13420,54.2569444444444,9,4115.52,1407,125,3.324453125,367.6125,"United Kingdom",457.28,156.333333333333,39.1694444444444,"2","Champions / High-Value","Yes"
13421,1.42013888888889,15,10746.44,2995,314,3.20361823361823,292.157638888889,"United Kingdom",716.429333333333,199.666666666667,20.7669642857143,"2","Champions / High-Value","Yes"
13422,12.2826388888889,3,150.89,42,8,4.88625,141.317361111111,"United Kingdom",50.2966666666667,14,64.5173611111111,"1","At-Risk / Dormant","No"
13423,198.229861111111,2,185.22,52,10,3.38,210.913888888889,"United Kingdom",92.61,26,12.6840277777778,"3","Potential / Occasional","No"
13424,81.4576388888889,2,378.85,59,9,6.63444444444444,328.373611111111,"United Kingdom",189.425,29.5,246.915972222222,"3","Potential / Occasional","No"
13425,49.7597222222222,7,3675.62,753,71,4.11890410958904,228.190277777778,"United Kingdom",525.088571428571,107.571428571429,29.7384259259259,"4","Loyal Customers","No"
13426,23.0916666666667,6,1406.73,414,38,3.48512820512821,282.092361111111,"United Kingdom",234.455,69,51.8001388888889,"4","Loyal Customers","No"
13427,49.6763888888889,4,683.75,239,20,2.6155,254.410416666667,"United Kingdom",170.9375,59.75,68.2446759259259,"3","Potential / Occasional","No"
13428,21.5180555555556,5,214.03,147,12,2.00333333333333,350.368055555556,"United Kingdom",42.806,29.4,82.2125,"3","Potential / Occasional","No"
13429,4.13541666666667,6,842.64,225,30,4.65096774193548,269.009722222222,"United Kingdom",140.44,37.5,52.9748611111111,"4","Loyal Customers","No"
13430,351.502083333333,1,34.49,14,4,2.1925,351.502083333333,"United Kingdom",34.49,14,351.502083333333,"1","At-Risk / Dormant","No"
13431,3.44236111111111,2,236.08,61,3,2.93,46.8208333333333,"United Kingdom",118.04,30.5,43.3784722222222,"1","At-Risk / Dormant","No"
13432,40.2930555555556,4,768.3,170,22,4.06090909090909,307.948611111111,"United Kingdom",192.075,42.5,89.2185185185185,"3","Potential / Occasional","No"
13433,33.2479166666667,6,822.08,300,40,3.30682926829268,252.528472222222,"United Kingdom",137.013333333333,50,43.8561111111111,"4","Loyal Customers","No"
13434,98.3666666666667,2,786.42,239,12,2.57416666666667,288.100694444444,"United Kingdom",393.21,119.5,189.734027777778,"3","Potential / Occasional","No"
13435,5.13125,6,1473.56,484,62,3.50428571428571,321.781944444444,"United Kingdom",245.593333333333,80.6666666666667,63.3301388888889,"4","Loyal Customers","No"
13436,212.975694444444,2,224.84,42,7,4.79857142857143,291.665277777778,"Germany",112.42,21,78.6895833333333,"3","Potential / Occasional","No"
13437,76.3048611111111,3,343.32,144,16,3.615625,239.397222222222,"United Kingdom",114.44,48,81.5461805555556,"3","Potential / Occasional","No"
13438,23.1395833333333,7,1109.31,510,46,3.13297872340426,264.438194444444,"United Kingdom",158.472857142857,72.8571428571429,40.2164351851852,"4","Loyal Customers","No"
13439,1.35208333333333,4,305.92,171,14,2.39,294.470138888889,"United Kingdom",76.48,42.75,97.7060185185185,"4","Loyal Customers","No"
13440,3.62430555555556,21,13779.39,4351,426,3.15056962025316,309.846527777778,"United Kingdom",656.161428571429,207.190476190476,15.3111111111111,"2","Champions / High-Value","Yes"
13441,18.3138888888889,15,11936.17,3447,357,3.52638676844784,309.293055555556,"United Kingdom",795.744666666667,229.8,20.7842261904762,"2","Champions / High-Value","Yes"
13442,160.025694444444,2,174.39,18,3,9.99,204.928472222222,"United Kingdom",87.195,9,44.9027777777778,"1","At-Risk / Dormant","No"
13443,54.8048611111111,2,246.89,57,10,5.355,163.247222222222,"United Kingdom",123.445,28.5,108.442361111111,"3","Potential / Occasional","No"
13444,30.0493055555556,16,9523.21,3005,309,3.30382608695652,344.667361111111,"United Kingdom",595.200625,187.8125,20.974537037037,"2","Champions / High-Value","Yes"
13445,8.28819444444444,7,777.55,316,49,2.78352941176471,344.404861111111,"United Kingdom",111.078571428571,45.1428571428571,56.0194444444444,"4","Loyal Customers","No"
13446,4.72847222222222,6,1859.07,734,62,2.64553846153846,273.210416666667,"United Kingdom",309.845,122.333333333333,53.6963888888889,"4","Loyal Customers","No"
13447,26.3645833333333,17,15486.66,4225,389,3.67821510297483,312.102777777778,"United Kingdom",910.98,248.529411764706,17.8586371527778,"2","Champions / High-Value","Yes"
13448,99.6569444444444,7,1440.99,465,45,3.57844444444444,252.222916666667,"United Kingdom",205.855714285714,66.4285714285714,25.427662037037,"4","Loyal Customers","No"
13449,92.0541666666667,3,443.73,153,13,3.60384615384615,106.740972222222,"United Kingdom",147.91,51,7.34340277777778,"3","Potential / Occasional","No"
13450,41.3013888888889,6,1089.43,337,36,3.19916666666667,344.865972222222,"United Kingdom",181.571666666667,56.1666666666667,60.7129166666667,"4","Loyal Customers","No"
13451,24.2708333333333,11,2449.88,994,89,2.91736842105263,223.930555555556,"United Kingdom",222.716363636364,90.3636363636364,19.9659722222222,"4","Loyal Customers","No"
13452,21.8965277777778,5,1768.78,539,59,3.333,286.315972222222,"United Kingdom",353.756,107.8,66.1048611111111,"4","Loyal Customers","No"
13453,115.004861111111,5,440.12,236,25,2.65230769230769,327.150694444444,"United Kingdom",88.024,47.2,53.0364583333333,"3","Potential / Occasional","No"
13454,4.76319444444444,7,2174.68,635,57,3.40559322033898,313.870138888889,"Netherlands",310.668571428571,90.7142857142857,51.5178240740741,"4","Loyal Customers","No"
13455,32.7375,6,1710.54,521,48,3.0924,316.718055555556,"United Kingdom",285.09,86.8333333333333,56.7961111111111,"4","Loyal Customers","No"
13456,33.6875,8,2277.06,680,74,2.91121621621622,350.496527777778,"United Kingdom",284.6325,85,45.2584325396825,"4","Loyal Customers","No"
13457,317.498611111111,1,434.48,62,6,4.235,317.498611111111,"United Kingdom",434.48,62,317.498611111111,"3","Potential / Occasional","No"
13458,54.0006944444444,6,1942.8,535,52,3.91326923076923,318.319444444444,"United Kingdom",323.8,89.1666666666667,52.86375,"4","Loyal Customers","No"
13459,159.244444444444,2,359.48,50,7,7.67285714285714,160.377083333333,"United Kingdom",179.74,25,1.13263888888889,"3","Potential / Occasional","No"
13460,85.7263888888889,1,73.03,23,3,3.35,85.7263888888889,"United Kingdom",73.03,23,85.7263888888889,"1","At-Risk / Dormant","No"
13461,105.2625,5,1132.39,301,49,3.99244897959184,274.291666666667,"United Kingdom",226.478,60.2,42.2572916666667,"4","Loyal Customers","No"
13462,14.9854166666667,16,4988.13,1938,198,3.0688679245283,261.455555555556,"United Kingdom",311.758125,121.125,16.4313425925926,"2","Champions / High-Value","Yes"
13463,31.0013888888889,18,3364.07,1206,154,3.0195,287.451388888889,"United Kingdom",186.892777777778,67,15.0852941176471,"4","Loyal Customers","No"
13464,7.86041666666667,10,8826.2,2349,215,3.15235294117647,315.304861111111,"United Kingdom",882.62,234.9,34.1604938271605,"2","Champions / High-Value","Yes"
13465,71.5305555555556,3,636.87,162,21,4.49857142857143,174.210416666667,"United Kingdom",212.29,54,51.3399305555556,"3","Potential / Occasional","No"
13466,71.7743055555556,5,914.34,232,34,3.35771428571429,334.261111111111,"United Kingdom",182.868,46.4,65.6217013888889,"4","Loyal Customers","No"
13467,14.9833333333333,14,9250.99,2952,301,3.25947852760736,281.026388888889,"United Kingdom",660.785,210.857142857143,20.4648504273504,"2","Champions / High-Value","Yes"
13468,121.548611111111,4,1280.24,450,17,2.53777777777778,246.576388888889,"United Kingdom",320.06,112.5,41.6759259259259,"4","Loyal Customers","No"
13469,71.925,2,246.08,122,15,3.03333333333333,132.897222222222,"United Kingdom",123.04,61,60.9722222222222,"3","Potential / Occasional","No"
13470,139.148611111111,3,82.34,42,8,1.89625,221.634722222222,"United Kingdom",27.4466666666667,14,41.2430555555556,"1","At-Risk / Dormant","No"
13471,182.029166666667,1,88.83,33,5,2.544,182.029166666667,"United Kingdom",88.83,33,182.029166666667,"1","At-Risk / Dormant","No"
13472,59.4131944444444,5,1048.19,609,52,2.10320754716981,188.703472222222,"United Kingdom",209.638,121.8,32.3225694444444,"4","Loyal Customers","No"
13473,3.15486111111111,1,56.86,13,3,4.37333333333333,3.15486111111111,"United Kingdom",56.86,13,3.15486111111111,"1","At-Risk / Dormant","No"
13474,15.1638888888889,9,2549.57,881,80,3.273625,265.160416666667,"United Kingdom",283.285555555556,97.8888888888889,31.2495659722222,"4","Loyal Customers","No"
13475,18.5520833333333,19,14384.23,4278,405,3.23036324786325,278.124305555556,"United Kingdom",757.064736842105,225.157894736842,14.4206790123457,"2","Champions / High-Value","Yes"
13476,11.4013888888889,8,2704.23,816,77,3.12075,294.246527777778,"United Kingdom",338.02875,102,40.4064484126984,"4","Loyal Customers","No"
13477,22.9215277777778,7,3834.65,965,99,3.74288461538462,341.190277777778,"United Kingdom",547.807142857143,137.857142857143,53.0447916666667,"4","Loyal Customers","No"
13478,1.91944444444444,9,2108.79,778,93,3.10852631578947,314.711805555556,"United Kingdom",234.31,86.4444444444444,39.0990451388889,"4","Loyal Customers","No"
13479,2.22222222222222,31,35190.4,11512,948,3.19352845528455,295.559027777778,"United Kingdom",1135.17419354839,371.354838709677,9.77789351851852,"2","Champions / High-Value","Yes"
13480,1.04097222222222,10,1981.91,470,57,4.03083333333333,329.277083333333,"EIRE",198.191,47,36.4706790123457,"4","Loyal Customers","No"
13481,19.6604166666667,10,2957.97,890,87,3.92629213483146,307.459722222222,"United Kingdom",295.797,89,31.977700617284,"4","Loyal Customers","No"
13482,225.341666666667,1,602.65,94,8,3.63666666666667,225.341666666667,"United Kingdom",602.65,94,225.341666666667,"3","Potential / Occasional","No"
13483,136.078472222222,1,137.45,59,5,2.884,136.078472222222,"United Kingdom",137.45,59,136.078472222222,"3","Potential / Occasional","No"
13484,28.3666666666667,10,1747.5,593,72,3.09918918918919,359.592361111111,"United Kingdom",174.75,59.3,36.8028549382716,"4","Loyal Customers","No"
13485,53.0868055555556,3,599.54,203,19,2.99368421052632,216.120138888889,"United Kingdom",199.846666666667,67.6666666666667,81.5166666666667,"3","Potential / Occasional","No"
13486,6.85902777777778,4,868.37,334,41,2.65560975609756,113.032638888889,"France",217.0925,83.5,35.3912037037037,"4","Loyal Customers","No"
13487,42.8381944444444,1,29.96,15,4,1.9475,42.8381944444444,"United Kingdom",29.96,15,42.8381944444444,"1","At-Risk / Dormant","No"
13488,24.8513888888889,3,508.83,172,17,2.59,313.932638888889,"United Kingdom",169.61,57.3333333333333,144.540625,"3","Potential / Occasional","No"
13489,24.8111111111111,8,1489.16,551,62,3.195,269.3875,"Australia",186.145,68.875,34.9394841269841,"4","Loyal Customers","No"
13490,79.4472222222222,3,62.98,43,8,1.47625,320.60625,"United Kingdom",20.9933333333333,14.3333333333333,120.579513888889,"1","At-Risk / Dormant","No"
13491,40.3243055555556,6,1604.56,314,39,3.06439024390244,262.194444444444,"United Kingdom",267.426666666667,52.3333333333333,44.3740277777778,"4","Loyal Customers","No"
13492,131.700694444444,5,842.63,278,25,2.5276,362.821527777778,"United Kingdom",168.526,55.6,57.7802083333333,"3","Potential / Occasional","No"
13493,10.3458333333333,16,10760.33,3317,364,3.36568965517241,269.721527777778,"United Kingdom",672.520625,207.3125,17.291712962963,"2","Champions / High-Value","Yes"
13494,28.8145833333333,1,270.9,56,10,4.05,28.8145833333333,"United Kingdom",270.9,56,28.8145833333333,"1","At-Risk / Dormant","No"
13495,161.241666666667,1,3.32,4,1,0.83,161.241666666667,"United Kingdom",3.32,4,161.241666666667,"1","At-Risk / Dormant","No"
13496,21.5895833333333,4,1196.48,215,16,3.651875,242.797222222222,"United Kingdom",299.12,53.75,73.7358796296296,"4","Loyal Customers","No"
13497,78.2965277777778,2,513.88,136,14,3.84928571428571,214.4125,"United Kingdom",256.94,68,136.115972222222,"3","Potential / Occasional","No"
13498,10.9097222222222,12,5491.89,1304,135,3.70838235294118,331.226388888889,"United Kingdom",457.6575,108.666666666667,29.119696969697,"2","Champions / High-Value","Yes"
13499,136.102083333333,1,23.63,15,4,1.825,136.102083333333,"United Kingdom",23.63,15,136.102083333333,"1","At-Risk / Dormant","No"
13500,8.81666666666667,9,3236.31,938,110,3.09389380530973,286.334722222222,"United Kingdom",359.59,104.222222222222,34.6897569444444,"4","Loyal Customers","No"
13501,39.6548611111111,3,521.02,196,15,2.46933333333333,211.857638888889,"United Kingdom",173.673333333333,65.3333333333333,86.1013888888889,"3","Potential / Occasional","No"
13502,74.4048611111111,6,2057.67,486,53,3.09363636363636,304.445138888889,"United Kingdom",342.945,81,46.0080555555556,"4","Loyal Customers","No"
13503,186.504166666667,3,353.08,154,14,3.85266666666667,275.68125,"Portugal",117.693333333333,51.3333333333333,44.5885416666667,"3","Potential / Occasional","No"
13504,182.757638888889,1,56.68,14,3,4.96333333333333,182.757638888889,"United Kingdom",56.68,14,182.757638888889,"1","At-Risk / Dormant","No"
13505,9.14097222222222,10,2672.56,1146,109,2.65660714285714,339.179166666667,"United Kingdom",267.256,114.6,36.6709104938272,"4","Loyal Customers","No"
13506,6.92291666666667,23,23037.52,6697,611,3.34903271692745,321.670138888889,"United Kingdom",1001.63130434783,291.173913043478,14.3066919191919,"2","Champions / High-Value","Yes"
13507,48.5708333333333,5,446.77,257,29,2.11677419354839,141.561805555556,"United Kingdom",89.354,51.4,23.2477430555556,"3","Potential / Occasional","No"
13508,21.4152777777778,3,392.14,133,18,3.84555555555556,337.270833333333,"United Kingdom",130.713333333333,44.3333333333333,157.927777777778,"3","Potential / Occasional","No"
13509,41.6972222222222,7,2613.96,768,77,4.31089743589744,234.979166666667,"United Kingdom",373.422857142857,109.714285714286,32.2136574074074,"4","Loyal Customers","No"
13510,33.1333333333333,12,4128.12,1341,136,3.26706293706294,296.691666666667,"United Kingdom",344.01,111.75,23.9598484848485,"2","Champions / High-Value","Yes"
13511,2.73541666666667,3,152.13,89,10,2.223,285.053472222222,"United Kingdom",50.71,29.6666666666667,141.159027777778,"3","Potential / Occasional","No"
13512,128.128472222222,2,584.92,74,11,7.02272727272727,155.961111111111,"United Kingdom",292.46,37,27.8326388888889,"3","Potential / Occasional","No"
13513,28.6909722222222,13,3779.71,1435,158,3.20202380952381,312.659027777778,"United Kingdom",290.746923076923,110.384615384615,23.6640046296296,"2","Champions / High-Value","Yes"
13514,45.8673611111111,2,302.01,134,16,1.83,362.892361111111,"United Kingdom",151.005,67,317.025,"3","Potential / Occasional","No"
13515,63.99375,8,1550.71,446,53,3.08849056603774,269.095138888889,"United Kingdom",193.83875,55.75,29.3001984126984,"4","Loyal Customers","No"
13516,172.60625,3,576.38,225,16,2.590625,316.679166666667,"United Kingdom",192.126666666667,75,72.0364583333333,"3","Potential / Occasional","No"
13517,336.970833333333,1,69.8,12,3,5.81666666666667,336.970833333333,"United Kingdom",69.8,12,336.970833333333,"1","At-Risk / Dormant","No"
13518,246.920138888889,1,113.13,15,3,8.06,246.920138888889,"United Kingdom",113.13,15,246.920138888889,"1","At-Risk / Dormant","No"
13519,5.57777777777778,4,515.63,100,15,5.14866666666667,198.472222222222,"United Kingdom",128.9075,25,64.2981481481481,"3","Potential / Occasional","No"
13520,16.9993055555556,5,2165.05,577,50,3.21098039215686,359.921527777778,"United Kingdom",433.01,115.4,85.7305555555556,"4","Loyal Customers","No"
13521,16.7854166666667,1,147.8,150,13,0.940769230769231,16.7854166666667,"United Kingdom",147.8,150,16.7854166666667,"1","At-Risk / Dormant","No"
13522,25.3965277777778,6,1287.41,387,52,3.545,285.002777777778,"United Kingdom",214.568333333333,64.5,51.92125,"4","Loyal Customers","No"
13523,50.0840277777778,26,26849.02,7974,664,3.38266747868453,297.188888888889,"United Kingdom",1032.65461538462,306.692307692308,9.88419444444444,"2","Champions / High-Value","Yes"
13524,13.5173611111111,10,4771.18,1664,144,2.89281045751634,368.679166666667,"France",477.118,166.4,39.4624228395062,"2","Champions / High-Value","Yes"
13525,37.1090277777778,6,607.51,244,26,2.5062962962963,332.922222222222,"United Kingdom",101.251666666667,40.6666666666667,59.1626388888889,"4","Loyal Customers","No"
13526,16.1125,5,154.72,70,14,2.51428571428571,110.471527777778,"United Kingdom",30.944,14,23.5897569444444,"1","At-Risk / Dormant","No"
13527,28.3652777777778,2,561.16,101,8,4.44,169.697222222222,"United Kingdom",280.58,50.5,141.331944444444,"3","Potential / Occasional","No"
13528,48.0152777777778,4,678.45,172,22,4.31681818181818,281.036805555556,"United Kingdom",169.6125,43,77.6738425925926,"3","Potential / Occasional","No"
13529,2.04375,8,3103.86,1137,115,2.93737288135593,337.51875,"United Kingdom",387.9825,142.125,47.925,"2","Champions / High-Value","Yes"
13530,53.2875,17,9522.32,2480,234,4.04015564202335,319.838194444444,"United Kingdom",560.136470588235,145.882352941176,16.6594184027778,"2","Champions / High-Value","Yes"
13531,44.7166666666667,3,83.74,38,9,2.20777777777778,148.172222222222,"United Kingdom",27.9133333333333,12.6666666666667,51.7277777777778,"1","At-Risk / Dormant","No"
13532,105.184722222222,2,380.77,64,5,2.942,346.829861111111,"United Kingdom",190.385,32,241.645138888889,"3","Potential / Occasional","No"
13533,12.4048611111111,6,2216.75,824,67,2.815,278.418055555556,"United Kingdom",369.458333333333,137.333333333333,53.2026388888889,"4","Loyal Customers","No"
13534,132.158333333333,2,199.14,124,11,2.43,177.229861111111,"United Kingdom",99.57,62,45.0715277777778,"3","Potential / Occasional","No"
13535,64.2048611111111,7,1229.23,425,43,2.41863636363636,277.189583333333,"United Kingdom",175.604285714286,60.7142857142857,35.4974537037037,"4","Loyal Customers","No"
13536,22.8881944444444,4,832.59,239,30,2.90233333333333,326.797222222222,"United Kingdom",208.1475,59.75,101.303009259259,"4","Loyal Customers","No"
13537,14.1694444444444,24,27761.17,8415,777,3.23242518059856,339.038194444444,"United Kingdom",1156.71541666667,350.625,14.1247282608696,"2","Champions / High-Value","Yes"
13538,8.35277777777778,5,481.61,222,31,2.49451612903226,312.576388888889,"United Kingdom",96.322,44.4,76.0559027777778,"4","Loyal Customers","No"
13539,36.9625,6,1484.59,518,64,3.13584615384615,310.121527777778,"United Kingdom",247.431666666667,86.3333333333333,54.6318055555556,"4","Loyal Customers","No"
13540,12.6625,5,1044.1,331,35,4.36714285714286,140.622222222222,"United Kingdom",208.82,66.2,31.9899305555556,"4","Loyal Customers","No"
13541,15.8694444444444,4,371.32,101,18,4.02611111111111,239.904166666667,"United Kingdom",92.83,25.25,74.6782407407407,"3","Potential / Occasional","No"
13542,136.347916666667,3,340.09,145,16,2.8375,277.73125,"United Kingdom",113.363333333333,48.3333333333333,70.6916666666667,"3","Potential / Occasional","No"
13543,53.6013888888889,6,2874.92,709,80,3.04,266.636805555556,"United Kingdom",479.153333333333,118.166666666667,42.6070833333333,"4","Loyal Customers","No"
13544,66.9659722222222,1,233.63,77,6,4.67666666666667,66.9659722222222,"United Kingdom",233.63,77,66.9659722222222,"3","Potential / Occasional","No"
13545,20.63125,5,296.14,152,16,2.698125,361.958333333333,"United Kingdom",59.228,30.4,85.3317708333333,"3","Potential / Occasional","No"
13546,28.2444444444444,13,6510.97,2195,230,3.11589641434263,312.536111111111,"United Kingdom",500.843846153846,168.846153846154,23.6909722222222,"2","Champions / High-Value","Yes"
13547,56.5284722222222,6,1575.99,447,61,3.57888888888889,234.721527777778,"United Kingdom",262.665,74.5,35.6386111111111,"4","Loyal Customers","No"
13548,35.3805555555556,4,1532.34,215,17,3.84470588235294,289.268055555556,"United Kingdom",383.085,53.75,84.6291666666667,"4","Loyal Customers","No"
13549,37.1770833333333,8,2148.97,622,70,4.15352112676056,287.486111111111,"Netherlands",268.62125,77.75,35.7584325396825,"4","Loyal Customers","No"
13550,1.26736111111111,6,1192.67,302,38,3.72710526315789,293.051388888889,"United Kingdom",198.778333333333,50.3333333333333,58.3568055555556,"4","Loyal Customers","No"
13551,42.8583333333333,6,676.74,269,34,2.53382352941176,216.147222222222,"United Kingdom",112.79,44.8333333333333,34.6577777777778,"4","Loyal Customers","No"
13552,21.3347222222222,3,396.97,155,16,2.734375,55.4472222222222,"United Kingdom",132.323333333333,51.6666666666667,17.05625,"3","Potential / Occasional","No"
13553,6.60486111111111,3,1040.89,291,20,3.369,172.368055555556,"United Kingdom",346.963333333333,97,82.8815972222222,"4","Loyal Customers","No"
13554,47.4243055555556,2,167.03,125,11,1.50636363636364,181.675694444444,"United Kingdom",83.515,62.5,134.251388888889,"3","Potential / Occasional","No"
13555,5.70902777777778,11,2310,868,92,3.07925531914894,277.954166666667,"Japan",210,78.9090909090909,27.2245138888889,"4","Loyal Customers","No"
13556,4.85069444444444,7,2653.53,590,56,3.34561403508772,260.845138888889,"United Kingdom",379.075714285714,84.2857142857143,42.6657407407407,"4","Loyal Customers","No"
13557,2.32569444444444,8,3121.99,1166,112,2.92247863247863,339.028472222222,"Germany",390.24875,145.75,48.1003968253968,"2","Champions / High-Value","Yes"
13558,196.098611111111,2,442.47,142,17,3.11941176470588,201.144444444444,"United Kingdom",221.235,71,5.04583333333335,"3","Potential / Occasional","No"
13559,23.08125,13,11757.37,3517,336,3.35878627968338,301.690972222222,"United Kingdom",904.413076923077,270.538461538462,23.2174768518519,"2","Champions / High-Value","Yes"
13560,114.232638888889,3,357.29,136,21,2.62857142857143,182.870138888889,"United Kingdom",119.096666666667,45.3333333333333,34.31875,"3","Potential / Occasional","No"
13561,164.460416666667,2,174.47,41,5,4.366,337.8625,"United Kingdom",87.235,20.5,173.402083333333,"3","Potential / Occasional","No"
13562,41.8104166666667,5,937.86,258,24,5.01708333333333,252.917361111111,"United Kingdom",187.572,51.6,52.7767361111111,"4","Loyal Customers","No"
13563,253.011805555556,1,144.01,58,4,1.6525,253.011805555556,"Germany",144.01,58,253.011805555556,"3","Potential / Occasional","No"
13564,28.3805555555556,5,974.35,290,28,4.21678571428571,226.965277777778,"United Kingdom",194.87,58,49.6461805555556,"4","Loyal Customers","No"
13565,36.0930555555556,7,1468.32,596,62,3.1631746031746,319.377083333333,"United Kingdom",209.76,85.1428571428571,47.2140046296296,"4","Loyal Customers","No"
13566,66.8506944444444,5,921.77,367,41,2.41166666666667,283.424305555556,"United Kingdom",184.354,73.4,54.1434027777778,"4","Loyal Customers","No"
13567,2.58819444444444,6,1273.49,388,48,3.85125,238.826388888889,"United Kingdom",212.248333333333,64.6666666666667,47.2476388888889,"4","Loyal Customers","No"
13568,10.7152777777778,24,29192.26,8358,765,3.25,326.108333333333,"United Kingdom",1216.34416666667,348.25,13.7127415458937,"2","Champions / High-Value","Yes"
13569,32.0833333333333,3,387.31,191,17,2.76235294117647,340.780555555556,"United Kingdom",129.103333333333,63.6666666666667,154.348611111111,"3","Potential / Occasional","No"
13570,26.8479166666667,7,2877.74,462,52,3.93269230769231,124.224305555556,"United Kingdom",411.105714285714,66,16.2293981481481,"4","Loyal Customers","No"
13571,72.9458333333333,5,1524.81,339,42,4.51,153.347222222222,"United Kingdom",304.962,67.8,20.1003472222222,"4","Loyal Customers","No"
13572,217.748611111111,5,385.15,121,22,3.52590909090909,331.797222222222,"United Kingdom",77.03,24.2,28.5121527777778,"3","Potential / Occasional","No"
13573,86.6729166666667,1,134.13,40,6,4.12166666666667,86.6729166666667,"United Kingdom",134.13,40,86.6729166666667,"1","At-Risk / Dormant","No"
13574,32.6895833333333,4,460.96,125,21,4.06809523809524,324.3375,"United Kingdom",115.24,31.25,97.2159722222222,"3","Potential / Occasional","No"
13575,252.229861111111,2,93.65,36,8,2.6825,277.350694444444,"United Kingdom",46.825,18,25.1208333333333,"1","At-Risk / Dormant","No"
13576,364.678472222222,1,39.1,18,4,2.6125,364.678472222222,"United Kingdom",39.1,18,364.678472222222,"1","At-Risk / Dormant","No"
13577,43.19375,6,1576.17,269,24,2.92166666666667,360.701388888889,"United Kingdom",262.695,44.8333333333333,63.5015277777778,"4","Loyal Customers","No"
13578,47.6993055555556,6,1409.44,518,57,3.08491228070175,328.695138888889,"United Kingdom",234.906666666667,86.3333333333333,56.1991666666667,"4","Loyal Customers","No"
13579,96.1493055555556,6,860.91,378,43,3.01022727272727,243.715277777778,"United Kingdom",143.485,63,29.5131944444444,"4","Loyal Customers","No"
13580,67.0368055555556,5,495.49,197,28,2.60785714285714,195.171527777778,"United Kingdom",99.098,39.4,32.0336805555556,"3","Potential / Occasional","No"
13581,185.511805555556,3,746.07,200,18,3.74055555555556,299.836111111111,"Germany",248.69,66.6666666666667,57.1621527777778,"3","Potential / Occasional","No"
13582,248.452083333333,2,25.01,11,3,2.38,278.023611111111,"United Kingdom",12.505,5.5,29.5715277777778,"1","At-Risk / Dormant","No"
13583,35.9236111111111,12,10344.3,2496,224,3.68539419087137,242.386111111111,"United Kingdom",862.025,208,18.7693181818182,"2","Champions / High-Value","Yes"
13584,31.1902777777778,4,389.42,158,20,3.347,132.902777777778,"United Kingdom",97.355,39.5,33.9041666666667,"3","Potential / Occasional","No"
13585,232.175,1,2.5,5,1,0.5,232.175,"United Kingdom",2.5,5,232.175,"1","At-Risk / Dormant","No"
13586,6.4375,4,433.26,166,22,3.62636363636364,301.298611111111,"United Kingdom",108.315,41.5,98.287037037037,"4","Loyal Customers","No"
13587,83.5569444444444,4,615.13,184,20,3.0985,274.617361111111,"United Kingdom",153.7825,46,63.6868055555556,"3","Potential / Occasional","No"
13588,19.5798611111111,7,1923.26,582,57,2.87393442622951,215.954861111111,"United Kingdom",274.751428571429,83.1428571428571,32.7291666666667,"4","Loyal Customers","No"
13589,70.4131944444444,2,42.99,21,3,1.97333333333333,269.779861111111,"United Kingdom",21.495,10.5,199.366666666667,"1","At-Risk / Dormant","No"
13590,39.0097222222222,10,2283.11,780,78,3.30457831325301,358.159722222222,"United Kingdom",228.311,78,35.4611111111111,"4","Loyal Customers","No"
13591,41.9694444444444,6,1041.49,511,49,2.54415094339623,342.847916666667,"United Kingdom",173.581666666667,85.1666666666667,60.1756944444444,"4","Loyal Customers","No"
13592,6.48888888888889,30,29551.8,8329,768,3.45205850487541,343.2,"United Kingdom",985.06,277.633333333333,11.6107279693487,"2","Champions / High-Value","Yes"
13593,9.25,4,1103.17,204,27,3.61777777777778,290.102777777778,"United Kingdom",275.7925,51,93.6175925925926,"4","Loyal Customers","No"
13594,6.81041666666667,4,891.69,262,30,3.87966666666667,247.285416666667,"United Kingdom",222.9225,65.5,80.1583333333333,"4","Loyal Customers","No"
13595,12.8347222222222,4,1785.76,557,50,3.6596,277.460416666667,"United Kingdom",446.44,139.25,88.2085648148148,"4","Loyal Customers","No"
13596,13.5048611111111,8,5941.32,1417,139,4.21554054054054,335.542361111111,"United Kingdom",742.665,177.125,46.0053571428571,"2","Champions / High-Value","Yes"
13597,117.379861111111,6,1236.61,463,58,3.32965517241379,333.214583333333,"United Kingdom",206.101666666667,77.1666666666667,43.1669444444444,"4","Loyal Customers","No"
13598,56.8131944444444,4,624.75,214,29,2.95793103448276,191.814583333333,"United Kingdom",156.1875,53.5,45.000462962963,"3","Potential / Occasional","No"
13599,6.99722222222222,5,409.41,252,20,2.202,259.197916666667,"United Kingdom",81.882,50.4,63.0501736111111,"4","Loyal Customers","No"
13600,113.139583333333,5,503.45,136,23,3.83782608695652,323.397916666667,"United Kingdom",100.69,27.2,52.5645833333333,"3","Potential / Occasional","No"
13601,82.0569444444444,2,409.61,142,17,3.49941176470588,161.789583333333,"United Kingdom",204.805,71,79.7326388888889,"3","Potential / Occasional","No"
13602,107.93125,2,228.76,72,3,1.83666666666667,147.384027777778,"United Kingdom",114.38,36,39.4527777777778,"3","Potential / Occasional","No"
13603,149.491666666667,1,22.27,14,3,1.63,149.491666666667,"United Kingdom",22.27,14,149.491666666667,"1","At-Risk / Dormant","No"
13604,88.775,2,301.91,51,10,5.349,232.425694444444,"United Kingdom",150.955,25.5,143.650694444444,"3","Potential / Occasional","No"
13605,7.12708333333333,11,5460.2,1274,139,3.22513888888889,266.700694444444,"United Kingdom",496.381818181818,115.818181818182,25.9573611111111,"2","Champions / High-Value","Yes"
13606,6.69722222222222,2,1515.02,331,27,3.83518518518519,240.391666666667,"France",757.51,165.5,233.694444444444,"4","Loyal Customers","No"
13607,9.32291666666667,11,5203.91,1860,216,3.12231759656652,303.833333333333,"United Kingdom",473.082727272727,169.090909090909,29.4510416666667,"2","Champions / High-Value","Yes"
13608,202.606944444444,1,77.77,34,7,2.30857142857143,202.606944444444,"United Kingdom",77.77,34,202.606944444444,"1","At-Risk / Dormant","No"
13609,6.2875,18,9542.85,2948,320,3.23921739130435,330.603472222222,"United Kingdom",530.158333333333,163.777777777778,19.077410130719,"2","Champions / High-Value","Yes"
13610,61.1479166666667,4,537.5,176,13,3.08461538461538,252.286111111111,"EIRE",134.375,44,63.7127314814815,"3","Potential / Occasional","No"
13611,35.7097222222222,2,1011.98,170,16,4.41875,123.079166666667,"United Kingdom",505.99,85,87.3694444444444,"3","Potential / Occasional","No"
13612,81.9465277777778,9,3885.11,1351,144,3.17928104575163,331.288888888889,"EIRE",431.678888888889,150.111111111111,31.1677951388889,"2","Champions / High-Value","Yes"
13613,34.3020833333333,8,2392.4,727,82,3.34658536585366,313.409027777778,"United Kingdom",299.05,90.875,39.8724206349206,"4","Loyal Customers","No"
13614,31.4472222222222,1,64.41,18,3,3.72,31.4472222222222,"United Kingdom",64.41,18,31.4472222222222,"1","At-Risk / Dormant","No"
13615,30.3159722222222,14,7367.25,2017,238,3.43658914728682,327.218055555556,"United Kingdom",526.232142857143,144.071428571429,22.8386217948718,"2","Champions / High-Value","Yes"
13616,6.10486111111111,6,564.97,227,27,3.80703703703704,118.430555555556,"Portugal",94.1616666666667,37.8333333333333,22.4651388888889,"4","Loyal Customers","No"
13617,36.775,5,1241.51,540,53,2.42851851851852,235.052083333333,"United Kingdom",248.302,108,49.5692708333333,"4","Loyal Customers","No"
13618,2.49652777777778,20,19924.58,5797,550,3.66520376175549,341.511111111111,"United Kingdom",996.229,289.85,17.8428728070175,"2","Champions / High-Value","Yes"
13619,6.1625,5,1149.28,375,35,3.10285714285714,294.394444444444,"United Kingdom",229.856,75,72.0579861111111,"4","Loyal Customers","No"
13620,2.23541666666667,4,492.32,260,27,2.46222222222222,272.23125,"United Kingdom",123.08,65,89.9986111111111,"4","Loyal Customers","No"
13621,32.3333333333333,21,14923.46,4514,415,3.19587368421053,342.515972222222,"United Kingdom",710.640952380952,214.952380952381,15.5091319444444,"2","Champions / High-Value","Yes"
13622,46.0416666666667,4,629.74,257,23,3.07739130434783,325.884027777778,"United Kingdom",157.435,64.25,93.280787037037,"4","Loyal Customers","No"
13624,278.850694444444,1,131.12,42,7,2.82428571428571,278.850694444444,"United Kingdom",131.12,42,278.850694444444,"3","Potential / Occasional","No"
13625,46.7506944444444,15,6575.35,2396,266,3.00749116607774,288.474305555556,"United Kingdom",438.356666666667,159.733333333333,17.2659722222222,"2","Champions / High-Value","Yes"
13626,21.24375,8,1483.61,439,62,3.54629032258065,324.177083333333,"United Kingdom",185.45125,54.875,43.2761904761905,"4","Loyal Customers","No"
13627,161.467361111111,1,59.99,29,4,2.1275,161.467361111111,"United Kingdom",59.99,29,161.467361111111,"1","At-Risk / Dormant","No"
13628,9.30555555555556,5,1096.32,390,37,2.74486486486486,242.957638888889,"United Kingdom",219.264,78,58.4130208333333,"4","Loyal Customers","No"
13629,1.16319444444444,1,11.34,14,2,0.81,1.16319444444444,"United Kingdom",11.34,14,1.16319444444444,"1","At-Risk / Dormant","No"
13630,226.304166666667,1,43.8,16,3,2.99,226.304166666667,"United Kingdom",43.8,16,226.304166666667,"1","At-Risk / Dormant","No"
13631,33.7763888888889,7,2707.63,727,91,3.44935483870968,348.952777777778,"United Kingdom",386.804285714286,103.857142857143,52.5293981481481,"4","Loyal Customers","No"
13632,32.45625,6,2564.69,735,64,3.76257575757576,300.250694444444,"United Kingdom",427.448333333333,122.5,53.5588888888889,"4","Loyal Customers","No"
13633,60.6625,4,1201.99,451,44,3.14931818181818,239.013194444444,"United Kingdom",300.4975,112.75,59.4502314814815,"4","Loyal Customers","No"
13634,5.25069444444444,21,28098.04,7915,736,3.33877252252252,320.006944444444,"United Kingdom",1338.0019047619,376.904761904762,15.7378125,"2","Champions / High-Value","Yes"
13635,1.65,9,1826.77,546,51,3.48596153846154,201.946527777778,"United Kingdom",202.974444444444,60.6666666666667,25.0370659722222,"4","Loyal Customers","No"
13636,70.9451388888889,5,628.33,329,24,2.74458333333333,302.820138888889,"United Kingdom",125.666,65.8,57.96875,"3","Potential / Occasional","No"
13637,23.9354166666667,9,3443.55,621,69,3.81128571428571,267.620138888889,"United Kingdom",382.616666666667,69,30.4605902777778,"4","Loyal Customers","No"
13638,15.6041666666667,8,999.77,435,37,2.4525,308.138194444444,"United Kingdom",124.97125,54.375,41.7905753968254,"4","Loyal Customers","No"
13639,2.69930555555556,13,8718.38,2708,285,3.12777070063694,319.109722222222,"United Kingdom",670.644615384615,208.307692307692,26.3675347222222,"2","Champions / High-Value","Yes"
13640,90.4208333333333,6,420.83,147,24,3.0225,332.615277777778,"United Kingdom",70.1383333333333,24.5,48.4388888888889,"3","Potential / Occasional","No"
13641,215.55,2,515.51,134,14,4.354,248.864583333333,"United Kingdom",257.755,67,33.3145833333333,"3","Potential / Occasional","No"
13642,34.1701388888889,8,1793,454,52,3.38094339622642,350.466666666667,"Switzerland",224.125,56.75,45.1852182539683,"4","Loyal Customers","No"
13643,17.4861111111111,13,8731.44,2691,257,3.70194346289753,268.982638888889,"United Kingdom",671.649230769231,207,20.9580439814815,"2","Champions / High-Value","Yes"
13644,150.482638888889,4,565.64,175,25,2.4136,247.358333333333,"United Kingdom",141.41,43.75,32.2918981481481,"3","Potential / Occasional","No"
13645,51.0472222222222,7,1730.49,699,83,3.22511904761905,224.072222222222,"United Kingdom",247.212857142857,99.8571428571429,28.8375,"4","Loyal Customers","No"
13646,240.2875,1,61.8,19,3,3.62666666666667,240.2875,"United Kingdom",61.8,19,240.2875,"1","At-Risk / Dormant","No"
13647,4.27083333333333,18,11711.57,3700,356,3.15843828715365,324.235416666667,"United Kingdom",650.642777777778,205.555555555556,18.8214460784314,"2","Champions / High-Value","Yes"
13648,107.303472222222,1,103.2,40,5,2.834,107.303472222222,"United Kingdom",103.2,40,107.303472222222,"1","At-Risk / Dormant","No"
13649,118.058333333333,5,1341.85,280,31,4.95322580645161,315.147222222222,"United Kingdom",268.37,56,49.2722222222222,"4","Loyal Customers","No"
13650,33.9055555555556,4,279.03,119,12,3.77666666666667,248.754861111111,"United Kingdom",69.7575,29.75,71.6164351851852,"3","Potential / Occasional","No"
13651,117.530555555556,1,69.64,27,4,2.265,117.530555555556,"United Kingdom",69.64,27,117.530555555556,"1","At-Risk / Dormant","No"
13652,47.8284722222222,4,753.65,207,26,4.17576923076923,193.559027777778,"Norway",188.4125,51.75,48.5768518518518,"3","Potential / Occasional","No"
13653,5.43541666666667,10,4019.06,967,102,4.10831775700935,313.679166666667,"United Kingdom",401.906,96.7,34.2493055555556,"2","Champions / High-Value","Yes"
13654,46.86875,4,279.89,131,20,2.36285714285714,170.029861111111,"United Kingdom",69.9725,32.75,41.0537037037037,"3","Potential / Occasional","No"
13655,16.6013888888889,5,1061.13,418,47,2.91142857142857,320.947222222222,"United Kingdom",212.226,83.6,76.0864583333333,"4","Loyal Customers","No"
13656,4.97430555555556,6,977.38,237,30,4.8558064516129,144.732638888889,"United Kingdom",162.896666666667,39.5,27.9516666666667,"4","Loyal Customers","No"
13657,1.09583333333333,3,1629.08,254,21,4.40904761904762,179.919444444444,"Germany",543.026666666667,84.6666666666667,89.4118055555556,"4","Loyal Customers","No"
13658,28.03125,8,3770.98,708,81,4.00487804878049,255.364583333333,"United Kingdom",471.3725,88.5,32.4761904761905,"4","Loyal Customers","No"
13659,49.4194444444444,5,740.11,210,26,3.61423076923077,362.054166666667,"Netherlands",148.022,42,78.1586805555556,"4","Loyal Customers","No"
13660,81.10625,7,973.21,222,34,3.52294117647059,326.444444444444,"United Kingdom",139.03,31.7142857142857,40.8896990740741,"4","Loyal Customers","No"
13661,64.0388888888889,4,1719.36,313,25,4.87038461538462,193.865277777778,"United Kingdom",429.84,78.25,43.275462962963,"4","Loyal Customers","No"
13662,14.0875,5,528.17,184,21,2.8247619047619,233.894444444444,"United Kingdom",105.634,36.8,54.9517361111111,"3","Potential / Occasional","No"
13663,14.7131944444444,5,714.04,273,34,3.65794117647059,251.413888888889,"United Kingdom",142.808,54.6,59.1751736111111,"4","Loyal Customers","No"
13664,49.1583333333333,3,237.06,46,9,3.74666666666667,186.944444444444,"United Kingdom",79.02,15.3333333333333,68.8930555555556,"3","Potential / Occasional","No"
13665,60.0777777777778,1,143.22,12,2,11.935,60.0777777777778,"United Kingdom",143.22,12,60.0777777777778,"1","At-Risk / Dormant","No"
13666,13.2409722222222,4,824.11,149,19,4.30842105263158,209.664583333333,"United Kingdom",206.0275,37.25,65.474537037037,"4","Loyal Customers","No"
13667,1.375,8,1898.04,515,45,4.19488888888889,278.759027777778,"United Kingdom",237.255,64.375,39.6262896825397,"4","Loyal Customers","No"
13668,18.6840277777778,6,657.29,333,40,2.24375,303.045138888889,"United Kingdom",109.548333333333,55.5,56.8722222222222,"4","Loyal Customers","No"
13669,6.675,7,815.65,352,37,2.96657894736842,285.664583333333,"United Kingdom",116.521428571429,50.2857142857143,46.4982638888889,"4","Loyal Customers","No"
13670,20.8409722222222,8,1811.66,768,91,2.99784946236559,330.520138888889,"France",226.4575,96,44.239880952381,"4","Loyal Customers","No"
13671,7.23541666666667,9,2596.45,883,105,3.05272727272727,341.430555555556,"United Kingdom",288.494444444444,98.1111111111111,41.7743923611111,"4","Loyal Customers","No"
13672,8.95,7,2137.07,712,82,2.91392857142857,256.834722222222,"United Kingdom",305.295714285714,101.714285714286,41.3141203703704,"4","Loyal Customers","No"
13673,4.97013888888889,25,23362.73,6873,601,3.52602797202797,334.141666666667,"United Kingdom",934.5092,274.92,13.7154803240741,"2","Champions / High-Value","Yes"
13674,7.70416666666667,20,14342.37,4015,378,3.25282296650718,336.636805555556,"United Kingdom",717.1185,200.75,17.3122441520468,"2","Champions / High-Value","Yes"
13675,223.920833333333,3,539.31,209,21,3.23904761904762,267.489583333333,"United Kingdom",179.77,69.6666666666667,21.784375,"3","Potential / Occasional","No"
13676,15.8208333333333,12,6934.81,2448,233,3.32872427983539,353.544444444444,"United Kingdom",577.900833333333,204,30.7021464646465,"2","Champions / High-Value","Yes"
13677,222.495833333333,1,76.09,30,4,2.5425,222.495833333333,"United Kingdom",76.09,30,222.495833333333,"1","At-Risk / Dormant","No"
13679,29.0944444444444,7,3375.83,926,112,3.68628318584071,255.486805555556,"United Kingdom",482.261428571429,132.285714285714,37.7320601851852,"4","Loyal Customers","No"
13680,145.361805555556,3,393.88,216,21,1.48954545454545,322.850694444444,"United Kingdom",131.293333333333,72,88.7444444444445,"3","Potential / Occasional","No"
13681,104.947222222222,1,233.01,26,5,8.174,104.947222222222,"United Kingdom",233.01,26,104.947222222222,"1","At-Risk / Dormant","No"
13682,79.0138888888889,5,1176.48,310,34,3.68823529411765,212.294444444444,"United Kingdom",235.296,62,33.3201388888889,"4","Loyal Customers","No"
13683,20.4854166666667,7,1964.05,660,86,3.08906976744186,289.996527777778,"United Kingdom",280.578571428571,94.2857142857143,44.9185185185185,"4","Loyal Customers","No"
13684,135.547916666667,3,202.58,61,12,3.395,294.136111111111,"United Kingdom",67.5266666666667,20.3333333333333,79.2940972222222,"3","Potential / Occasional","No"
13685,3.78819444444444,1,12.53,7,1,1.79,3.78819444444444,"United Kingdom",12.53,7,3.78819444444444,"1","At-Risk / Dormant","No"
13686,29.9840277777778,2,485.82,96,11,4.61083333333333,253.306944444444,"United Kingdom",242.91,48,223.322916666667,"3","Potential / Occasional","No"
13687,46.8930555555556,6,2106.14,777,69,2.39260869565217,185.065972222222,"France",351.023333333333,129.5,27.6345833333333,"4","Loyal Customers","No"
13688,10.1020833333333,13,8281.09,2574,250,3.40197026022305,328.904861111111,"United Kingdom",637.006923076923,198,26.5668981481482,"2","Champions / High-Value","Yes"
13689,18.1,14,9131.61,2643,252,3.1436496350365,351.052083333333,"United Kingdom",652.257857142857,188.785714285714,25.6116987179487,"2","Champions / High-Value","Yes"
13690,1.25347222222222,32,42775.57,13022,1014,3.22036350148368,363.868055555556,"United Kingdom",1336.7365625,406.9375,11.6972446236559,"2","Champions / High-Value","Yes"
13691,40.6604166666667,4,431.21,164,15,3.742,159.195833333333,"United Kingdom",107.8025,41,39.5118055555556,"3","Potential / Occasional","No"
13692,41.0951388888889,7,1515.41,629,46,2.94739130434783,359.492361111111,"United Kingdom",216.487142857143,89.8571428571429,53.0662037037037,"4","Loyal Customers","No"
13693,23.2354166666667,5,1104.39,236,34,3.78352941176471,215.338888888889,"United Kingdom",220.878,47.2,48.0258680555556,"4","Loyal Customers","No"
13694,120.049305555556,1,449.75,60,3,5.98,120.049305555556,"United Kingdom",449.75,60,120.049305555556,"3","Potential / Occasional","No"
13695,1.15347222222222,40,49606.83,15456,1154,3.31020220588235,359.364583333333,"United Kingdom",1240.17075,386.4,9.18490028490029,"2","Champions / High-Value","Yes"
13696,108.533333333333,2,117.86,31,5,3.734,291.874305555556,"United Kingdom",58.93,15.5,183.340972222222,"1","At-Risk / Dormant","No"
13697,132.563888888889,3,237.54,80,7,2.56,277.774305555556,"United Kingdom",79.18,26.6666666666667,72.6052083333333,"3","Potential / Occasional","No"
13698,58.98125,6,3799.49,634,66,4.16075757575758,356.529861111111,"United Kingdom",633.248333333333,105.666666666667,59.5097222222222,"4","Loyal Customers","No"
13699,26.7152777777778,8,37037.94,13858,113,3.76581196581197,223.139583333333,"United Kingdom",4629.7425,1732.25,28.0606150793651,"2","Champions / High-Value","Yes"
13700,3.43680555555556,9,3455.79,1307,133,3.09301470588235,249.772222222222,"France",383.976666666667,145.222222222222,30.7919270833333,"2","Champions / High-Value","Yes"
13701,17.8458333333333,10,3993.96,1129,117,3.46943089430894,330.530555555556,"Belgium",399.396,112.9,34.7427469135802,"2","Champions / High-Value","Yes"
13702,23.1611111111111,4,774.31,188,19,4.05473684210526,240.511805555556,"United Kingdom",193.5775,47,72.4502314814815,"4","Loyal Customers","No"
13703,9.49444444444444,5,675.16,188,26,3.18481481481481,252.724305555556,"France",135.032,37.6,60.8074652777778,"4","Loyal Customers","No"
13704,196.413888888889,1,260.59,58,4,4.005,196.413888888889,"United Kingdom",260.59,58,196.413888888889,"3","Potential / Occasional","No"
13705,216.059722222222,1,41.51,13,3,3.21666666666667,216.059722222222,"United Kingdom",41.51,13,216.059722222222,"1","At-Risk / Dormant","No"
13706,68.2486111111111,6,796.69,282,33,2.62454545454545,257.263888888889,"United Kingdom",132.781666666667,47,37.8030555555556,"4","Loyal Customers","No"
13707,18.4527777777778,5,1189.22,328,37,3.03526315789474,262.210416666667,"United Kingdom",237.844,65.6,60.9394097222222,"4","Loyal Customers","No"
13708,109.369444444444,5,704.78,184,33,3.83606060606061,359.06875,"United Kingdom",140.956,36.8,62.4248263888889,"3","Potential / Occasional","No"
13709,39.9833333333333,1,108,40,7,3.03571428571429,39.9833333333333,"United Kingdom",108,40,39.9833333333333,"1","At-Risk / Dormant","No"
13710,21.5493055555556,11,3112.91,961,104,2.91547169811321,255.482638888889,"United Kingdom",282.991818181818,87.3636363636364,23.3933333333333,"4","Loyal Customers","No"
13711,41.48125,10,3929.8,1313,137,3.25902777777778,269.786805555556,"United Kingdom",392.98,131.3,25.3672839506173,"2","Champions / High-Value","Yes"
13712,147.136805555556,1,243.58,39,7,5.71285714285714,147.136805555556,"United Kingdom",243.58,39,147.136805555556,"3","Potential / Occasional","No"
13713,288.185416666667,1,44.47,27,5,1.69,288.185416666667,"United Kingdom",44.47,27,288.185416666667,"1","At-Risk / Dormant","No"
13714,10.33125,3,1075.88,299,28,3.55034482758621,219.378472222222,"United Kingdom",358.626666666667,99.6666666666667,104.523611111111,"4","Loyal Customers","No"
13715,25.6763888888889,4,550.91,253,23,3.1596,365.661805555556,"United Kingdom",137.7275,63.25,113.328472222222,"4","Loyal Customers","No"
13716,35.0138888888889,4,520.02,168,18,3.43166666666667,303.928472222222,"United Kingdom",130.005,42,89.6381944444444,"3","Potential / Occasional","No"
13717,251.640277777778,3,686.85,144,12,5.62666666666667,285.645138888889,"United Kingdom",228.95,48,17.0024305555555,"3","Potential / Occasional","No"
13718,32.7284722222222,8,4973.38,1221,127,3.6237037037037,345.0625,"United Kingdom",621.6725,152.625,44.6191468253968,"2","Champions / High-Value","Yes"
13719,10.0826388888889,16,12131.8,3498,347,3.38997347480106,340.481944444444,"Germany",758.2375,218.625,22.0266203703704,"2","Champions / High-Value","Yes"
13720,172.688888888889,2,500.2,175,16,3.080625,286.404861111111,"France",250.1,87.5,113.715972222222,"3","Potential / Occasional","No"
13721,71.2166666666667,2,317.73,143,12,3.32916666666667,245.671527777778,"United Kingdom",158.865,71.5,174.454861111111,"3","Potential / Occasional","No"
13723,12.8875,8,3429.08,1111,97,3.09085714285714,284.670833333333,"United Kingdom",428.635,138.875,38.8261904761905,"4","Loyal Customers","No"
13724,64.6701388888889,5,879.23,326,40,3.0875,286.354861111111,"United Kingdom",175.846,65.2,55.4211805555556,"4","Loyal Customers","No"
13725,33.9881944444444,5,2255.43,405,46,3.30808510638298,223.628472222222,"United Kingdom",451.086,81,47.4100694444444,"4","Loyal Customers","No"
13726,6.06736111111111,5,651.43,233,30,2.577,151.667361111111,"EIRE",130.286,46.6,36.4,"4","Loyal Customers","No"
13727,54.6291666666667,1,12.69,3,1,4.23,54.6291666666667,"United Kingdom",12.69,3,54.6291666666667,"1","At-Risk / Dormant","No"
13728,37.1340277777778,13,8055.36,2399,254,3.20913533834586,279.332638888889,"United Kingdom",619.643076923077,184.538461538462,20.1832175925926,"2","Champions / High-Value","Yes"
13729,8.84861111111111,2,173.92,92,14,2.49,52.9555555555556,"United Kingdom",86.96,46,44.1069444444444,"1","At-Risk / Dormant","No"
13730,108.631944444444,1,224.26,24,4,11.45,108.631944444444,"United Kingdom",224.26,24,108.631944444444,"1","At-Risk / Dormant","No"
13731,65.50625,5,332.58,119,22,2.62045454545455,143.999305555556,"United Kingdom",66.516,23.8,19.6232638888889,"3","Potential / Occasional","No"
13732,66.1923611111111,4,635.44,154,12,3.51833333333333,255.138888888889,"United Kingdom",158.86,38.5,62.9821759259259,"3","Potential / Occasional","No"
13733,36.4104166666667,4,538.35,242,34,2.66441176470588,284.495138888889,"United Kingdom",134.5875,60.5,82.6949074074074,"4","Loyal Customers","No"
13734,145.684722222222,2,959.77,221,26,3.95461538461538,271.391666666667,"United Kingdom",479.885,110.5,125.706944444444,"3","Potential / Occasional","No"
13735,72.1208333333333,4,1499.5,501,52,2.78076923076923,152.089583333333,"United Kingdom",374.875,125.25,26.65625,"4","Loyal Customers","No"
13736,190.897916666667,1,819.9,73,6,4.43833333333333,190.897916666667,"United Kingdom",819.9,73,190.897916666667,"3","Potential / Occasional","No"
13737,245.203472222222,2,30.49,15,3,1.98666666666667,325.947222222222,"United Kingdom",15.245,7.5,80.74375,"1","At-Risk / Dormant","No"
13738,23.33125,8,2338.14,825,83,3.24674418604651,295.786805555556,"United Kingdom",292.2675,103.125,38.9222222222222,"4","Loyal Customers","No"
13739,6.29305555555556,12,4668.8,1466,153,3.4429012345679,337.279166666667,"United Kingdom",389.066666666667,122.166666666667,30.0896464646465,"2","Champions / High-Value","Yes"
13740,2.44722222222222,2,278.07,45,5,5.986,216.546527777778,"United Kingdom",139.035,22.5,214.099305555556,"3","Potential / Occasional","No"
13741,316.766666666667,1,85.24,22,4,4.25,316.766666666667,"France",85.24,22,316.766666666667,"1","At-Risk / Dormant","No"
13742,32.2444444444444,30,40453.17,11405,968,3.2544,321.605555555556,"United Kingdom",1348.439,380.166666666667,9.977969348659,"2","Champions / High-Value","Yes"
13743,162.022222222222,1,203.44,47,7,3.66714285714286,162.022222222222,"United Kingdom",203.44,47,162.022222222222,"3","Potential / Occasional","No"
13744,74.0375,5,295.02,110,18,2.67526315789474,299.977083333333,"Germany",59.004,22,56.4848958333333,"3","Potential / Occasional","No"
13745,245.048611111111,1,79.2,10,1,7.92,245.048611111111,"United Kingdom",79.2,10,245.048611111111,"1","At-Risk / Dormant","No"
13746,26.0138888888889,4,1018.86,241,34,4.09176470588235,257.664583333333,"United Kingdom",254.715,60.25,77.2168981481481,"4","Loyal Customers","No"
13747,24.2826388888889,18,15013.96,4050,407,3.5215859030837,273.426388888889,"United Kingdom",834.108888888889,225,14.6555147058824,"2","Champions / High-Value","Yes"
13748,13.0395833333333,17,8452.41,2273,220,3.67247899159664,352.222222222222,"United Kingdom",497.200588235294,133.705882352941,21.1989149305556,"2","Champions / High-Value","Yes"
13749,180.634027777778,1,89.14,28,5,3.054,180.634027777778,"United Kingdom",89.14,28,180.634027777778,"1","At-Risk / Dormant","No"
13750,79.5243055555556,9,3592.79,1262,126,3.27404580152672,332.323611111111,"United Kingdom",399.198888888889,140.222222222222,31.5999131944444,"4","Loyal Customers","No"
13751,13.1986111111111,2,275.76,115,8,2.10875,261.933333333333,"United Kingdom",137.88,57.5,248.734722222222,"3","Potential / Occasional","No"
13752,6.97152777777778,14,5677.92,1991,213,3.28458149779736,327.465972222222,"United Kingdom",405.565714285714,142.214285714286,24.6534188034188,"2","Champions / High-Value","Yes"
13753,10.0847222222222,5,1837.34,408,36,3.78583333333333,310.151388888889,"United Kingdom",367.468,81.6,75.0166666666667,"4","Loyal Customers","No"
13754,114.908333333333,3,546.95,188,14,3.40214285714286,193.94375,"United Kingdom",182.316666666667,62.6666666666667,39.5177083333333,"3","Potential / Occasional","No"
13755,63.3958333333333,13,4288.33,1466,155,3.41390243902439,340.140277777778,"United Kingdom",329.871538461538,112.769230769231,23.062037037037,"2","Champions / High-Value","Yes"
13756,161.688194444444,2,145.31,46,9,2.93666666666667,234.5625,"United Kingdom",72.655,23,72.8743055555556,"3","Potential / Occasional","No"
13757,44.2201388888889,3,431.49,89,7,6.07714285714286,124.16875,"United Kingdom",143.83,29.6666666666667,39.9743055555556,"3","Potential / Occasional","No"
13758,28.8097222222222,3,388.39,165,19,2.64842105263158,75.8541666666667,"United Kingdom",129.463333333333,55,23.5222222222222,"3","Potential / Occasional","No"
13759,52.8868055555556,6,1734.97,665,44,2.26681818181818,292.986805555556,"United Kingdom",289.161666666667,110.833333333333,48.02,"4","Loyal Customers","No"
13760,260.255555555556,1,300.35,83,12,4.315,260.255555555556,"United Kingdom",300.35,83,260.255555555556,"3","Potential / Occasional","No"
13761,7.89930555555556,12,6314.21,1711,166,3.14228571428571,290.690277777778,"United Kingdom",526.184166666667,142.583333333333,25.7082702020202,"2","Champions / High-Value","Yes"
13762,1.97152777777778,13,9508.31,2643,265,3.42714285714286,303.84375,"Portugal",731.408461538462,203.307692307692,25.1560185185185,"2","Champions / High-Value","Yes"
13763,17.8833333333333,7,654.16,196,22,4.535,311.407638888889,"United Kingdom",93.4514285714286,28,48.9207175925926,"4","Loyal Customers","No"
13764,9.78472222222222,22,24119.19,7509,680,3.54748443337484,317.177777777778,"United Kingdom",1096.32681818182,341.318181818182,14.6377645502646,"2","Champions / High-Value","Yes"
13765,312.949305555556,1,44.88,33,4,1.3425,312.949305555556,"United Kingdom",44.88,33,312.949305555556,"1","At-Risk / Dormant","No"
13766,1.39513888888889,8,4647.37,1462,162,3.64482142857143,221.84375,"United Kingdom",580.92125,182.75,31.4926587301587,"2","Champions / High-Value","Yes"
13767,135.170833333333,2,345.51,127,14,3.09142857142857,150.967361111111,"United Kingdom",172.755,63.5,15.7965277777778,"3","Potential / Occasional","No"
13768,22.8347222222222,3,108.88,44,7,2.31857142857143,273.158333333333,"United Kingdom",36.2933333333333,14.6666666666667,125.161805555556,"1","At-Risk / Dormant","No"
13769,46.2444444444444,7,1018.44,378,36,2.65081081081081,265.153472222222,"United Kingdom",145.491428571429,54,36.484837962963,"4","Loyal Customers","No"
13770,30.9798611111111,7,1323.71,303,41,3.74634146341463,329.879861111111,"United Kingdom",189.101428571429,43.2857142857143,49.8166666666667,"4","Loyal Customers","No"
13771,59.2715277777778,1,121.52,80,7,1.8,59.2715277777778,"United Kingdom",121.52,80,59.2715277777778,"1","At-Risk / Dormant","No"
13772,1.46805555555556,2,533.48,98,9,2.55888888888889,239.052777777778,"United Kingdom",266.74,49,237.584722222222,"4","Loyal Customers","No"
13773,11.5020833333333,5,452.35,93,18,4.19888888888889,282.604166666667,"United Kingdom",90.47,18.6,67.7755208333333,"3","Potential / Occasional","No"
13774,4.61805555555556,7,1670.78,409,47,3.32851063829787,306.051388888889,"United Kingdom",238.682857142857,58.4285714285714,50.2388888888889,"4","Loyal Customers","No"
13775,82.1965277777778,1,227.34,71,11,3.42909090909091,82.1965277777778,"United Kingdom",227.34,71,82.1965277777778,"3","Potential / Occasional","No"
13776,28.0673611111111,2,131.72,42,4,4.36,89.4979166666667,"United Kingdom",65.86,21,61.4305555555556,"1","At-Risk / Dormant","No"
13777,90.6881944444444,1,6.15,41,1,0.15,90.6881944444444,"Germany",6.15,41,90.6881944444444,"1","At-Risk / Dormant","No"
13778,255.897916666667,1,178.14,42,6,3.84333333333333,255.897916666667,"United Kingdom",178.14,42,255.897916666667,"3","Potential / Occasional","No"
13779,13.8548611111111,9,2520.04,777,89,3.36571428571429,345.883333333333,"United Kingdom",280.004444444444,86.3333333333333,41.5035590277778,"4","Loyal Customers","No"
13781,60.1201388888889,2,540.39,139,17,3.35882352941176,228.343055555556,"United Kingdom",270.195,69.5,168.222916666667,"3","Potential / Occasional","No"
13782,168.495833333333,1,1910.69,121,5,8.752,168.495833333333,"United Kingdom",1910.69,121,168.495833333333,"3","Potential / Occasional","No"
13783,79.7763888888889,1,12.93,15,4,1.005,79.7763888888889,"United Kingdom",12.93,15,79.7763888888889,"1","At-Risk / Dormant","No"
13784,139.782638888889,3,364.36,147,7,4.28142857142857,267.063194444444,"United Kingdom",121.453333333333,49,63.6402777777778,"3","Potential / Occasional","No"
13785,27.8569444444444,2,17.88,21,3,1.10666666666667,65.2388888888889,"United Kingdom",8.94,10.5,37.3819444444444,"1","At-Risk / Dormant","No"
13786,94.7506944444444,2,197.65,98,12,2.3725,132.590277777778,"United Kingdom",98.825,49,37.8395833333333,"3","Potential / Occasional","No"
13787,12.3972222222222,6,912.36,271,32,4.371875,307.88125,"France",152.06,45.1666666666667,59.0968055555556,"4","Loyal Customers","No"
13788,8.59305555555556,4,860.63,282,30,2.91766666666667,340.402083333333,"United Kingdom",215.1575,70.5,110.603009259259,"4","Loyal Customers","No"
13789,51.0569444444444,2,544,159,13,2.58076923076923,229.640277777778,"United Kingdom",272,79.5,178.583333333333,"3","Potential / Occasional","No"
13790,3.48402777777778,12,5231.64,1665,165,3.34248587570621,322.323611111111,"United Kingdom",435.97,138.75,28.9854166666667,"2","Champions / High-Value","Yes"
13791,17.3958333333333,16,8742.56,2896,276,3.12010033444816,317.040277777778,"France",546.41,181,19.9762962962963,"2","Champions / High-Value","Yes"
13792,254.858333333333,1,35.4,10,2,3.54,254.858333333333,"United Kingdom",35.4,10,254.858333333333,"1","At-Risk / Dormant","No"
13793,133.69375,3,599.22,140,19,3.23684210526316,336.929166666667,"United Kingdom",199.74,46.6666666666667,101.617708333333,"3","Potential / Occasional","No"
13794,6.21944444444444,24,28503.78,9256,795,3.2160970677452,324.524305555556,"France",1187.6575,385.666666666667,13.8393417874396,"2","Champions / High-Value","Yes"
13795,141.26875,3,510.04,178,15,3.472,339.081944444444,"United Kingdom",170.013333333333,59.3333333333333,98.9065972222222,"3","Potential / Occasional","No"
13796,109.919444444444,3,96.48,69,6,1.93666666666667,281.145833333333,"United Kingdom",32.16,23,85.6131944444444,"3","Potential / Occasional","No"
13797,5.23611111111111,2,601.53,110,10,7.115,125.967361111111,"United Kingdom",300.765,55,120.73125,"3","Potential / Occasional","No"
13798,63.8715277777778,4,284.58,108,11,2.36727272727273,284.293055555556,"United Kingdom",71.145,27,73.4738425925926,"3","Potential / Occasional","No"
13799,39.8770833333333,6,426.08,227,24,1.73625,334.596527777778,"United Kingdom",71.0133333333333,37.8333333333333,58.9438888888889,"3","Potential / Occasional","No"
13800,26.84375,1,69.09,49,2,1.285,26.84375,"United Kingdom",69.09,49,26.84375,"1","At-Risk / Dormant","No"
13801,51.9930555555556,5,938.71,322,40,3.54075,313.997916666667,"United Kingdom",187.742,64.4,65.5012152777778,"4","Loyal Customers","No"
13802,134.307638888889,2,203.62,80,9,4.31888888888889,197.24375,"United Kingdom",101.81,40,62.9361111111111,"3","Potential / Occasional","No"
13803,86.74375,2,341.31,128,15,2.10866666666667,335.096527777778,"United Kingdom",170.655,64,248.352777777778,"3","Potential / Occasional","No"
13804,234.025694444444,2,105.72,12,3,14.64,244.866666666667,"United Kingdom",52.86,6,10.8409722222222,"1","At-Risk / Dormant","No"
13805,116.329166666667,3,532.51,97,18,4.80944444444444,273.15625,"Germany",177.503333333333,32.3333333333333,78.4135416666667,"3","Potential / Occasional","No"
13806,204.800694444444,3,796.26,225,14,3.07714285714286,297.992361111111,"United Kingdom",265.42,75,46.5958333333333,"3","Potential / Occasional","No"
13807,59.7381944444444,4,262.43,120,13,3.16230769230769,181.840972222222,"Norway",65.6075,30,40.7009259259259,"3","Potential / Occasional","No"
13808,6.88611111111111,9,3580.8,1200,113,3.35017094017094,210.014583333333,"United Kingdom",397.866666666667,133.333333333333,25.3910590277778,"2","Champions / High-Value","Yes"
13809,179.418055555556,4,388.93,141,13,3.75,302.726388888889,"United Kingdom",97.2325,35.25,41.1027777777778,"3","Potential / Occasional","No"
13810,12.1784722222222,19,11243.78,3943,413,2.9454329004329,319.39375,"United Kingdom",591.777894736842,207.526315789474,17.0675154320988,"2","Champions / High-Value","Yes"
13811,23.7944444444444,3,286.99,102,12,3.21,307.109027777778,"United Kingdom",95.6633333333333,34,141.657291666667,"3","Potential / Occasional","No"
13812,30.24375,4,151.76,53,11,2.92818181818182,237.129861111111,"United Kingdom",37.94,13.25,68.962037037037,"1","At-Risk / Dormant","No"
13813,192.535416666667,2,443.58,188,24,2.90791666666667,281.894444444444,"Germany",221.79,94,89.3590277777778,"3","Potential / Occasional","No"
13814,35.9361111111111,2,58.12,44,5,1.158,125.961111111111,"United Kingdom",29.06,22,90.025,"1","At-Risk / Dormant","No"
13816,164.93125,6,1484.36,351,35,3.77527777777778,294.984027777778,"United Kingdom",247.393333333333,58.5,26.0105555555556,"4","Loyal Customers","No"
13817,131.509027777778,1,47.29,27,4,1.895,131.509027777778,"United Kingdom",47.29,27,131.509027777778,"1","At-Risk / Dormant","No"
13818,74.0375,7,2231.66,728,66,3.02348484848485,288.613888888889,"United Kingdom",318.808571428571,104,35.7627314814815,"4","Loyal Customers","No"
13819,47.2611111111111,6,755.88,271,29,2.58966666666667,323.6,"United Kingdom",125.98,45.1666666666667,55.2677777777778,"4","Loyal Customers","No"
13820,31.2180555555556,4,683.27,248,35,2.79694444444444,299.084722222222,"United Kingdom",170.8175,62,89.2888888888889,"4","Loyal Customers","No"
13821,17.2527777777778,12,4296.36,1080,109,3.89576576576577,337.038888888889,"United Kingdom",358.03,90,29.0714646464646,"4","Loyal Customers","No"
13822,38.4111111111111,2,327.85,58,9,5.71555555555556,193.8125,"United Kingdom",163.925,29,155.401388888889,"3","Potential / Occasional","No"
13823,145.552083333333,4,1726.42,594,59,2.88129032258065,297.329166666667,"United Kingdom",431.605,148.5,50.5923611111111,"4","Loyal Customers","No"
13824,334.35625,1,44.91,16,3,3.47,334.35625,"United Kingdom",44.91,16,334.35625,"1","At-Risk / Dormant","No"
13825,1.98194444444444,30,26135.94,8753,735,3.20822389666308,352.029861111111,"United Kingdom",871.198,291.766666666667,12.070617816092,"2","Champions / High-Value","Yes"
13826,32.9020833333333,5,545,210,30,2.74433333333333,186.582638888889,"United Kingdom",109,42,38.4201388888889,"3","Potential / Occasional","No"
13827,141.280555555556,2,315.67,172,11,1.66545454545455,174.609027777778,"United Kingdom",157.835,86,33.3284722222222,"3","Potential / Occasional","No"
13828,3.40625,4,712.67,240,21,2.61608695652174,253.609027777778,"United Kingdom",178.1675,60,83.4009259259259,"4","Loyal Customers","No"
13829,97.2743055555556,4,2051.56,259,22,4.83636363636364,285.261111111111,"United Kingdom",512.89,64.75,62.6622685185185,"4","Loyal Customers","No"
13830,4.69861111111111,31,34474.37,9864,810,3.48885458167331,331.742361111111,"United Kingdom",1112.0764516129,318.193548387097,10.9014583333333,"2","Champions / High-Value","Yes"
13831,45.1791666666667,6,1200.61,438,36,2.86611111111111,284.868055555556,"United Kingdom",200.101666666667,73,47.9377777777778,"4","Loyal Customers","No"
13832,11.0388888888889,8,1933.74,693,80,2.2916049382716,229.869444444444,"United Kingdom",241.7175,86.625,31.2615079365079,"4","Loyal Customers","No"
13833,163.111111111111,2,823.84,181,29,4.7151724137931,224.40625,"United Kingdom",411.92,90.5,61.2951388888889,"3","Potential / Occasional","No"
13834,2.66319444444444,8,2069.9,665,63,3.66746031746032,294.497916666667,"United Kingdom",258.7375,83.125,41.6906746031746,"4","Loyal Customers","No"
13835,240.834027777778,2,572.27,143,12,4.84083333333333,267.695833333333,"United Kingdom",286.135,71.5,26.8618055555555,"3","Potential / Occasional","No"
13836,186.172222222222,3,1716.05,347,34,4.17647058823529,316.865972222222,"United Kingdom",572.016666666667,115.666666666667,65.346875,"4","Loyal Customers","No"
13837,18.1930555555556,3,556.76,141,20,3.232,192.786111111111,"United Kingdom",185.586666666667,47,87.2965277777778,"3","Potential / Occasional","No"
13838,266.125,2,190.51,127,9,2.48,312.895138888889,"United Kingdom",95.255,63.5,46.7701388888889,"3","Potential / Occasional","No"
13839,30.9715277777778,9,4756.44,1548,133,3.05605633802817,356.784722222222,"United Kingdom",528.493333333333,172,40.7266493055556,"2","Champions / High-Value","Yes"
13840,109.769444444444,3,208.33,70,12,2.77583333333333,167.016666666667,"France",69.4433333333333,23.3333333333333,28.6236111111111,"3","Potential / Occasional","No"
13841,5.07013888888889,4,81.69,80,10,1.525,364.830555555556,"United Kingdom",20.4225,20,119.920138888889,"3","Potential / Occasional","No"
13842,32.8520833333333,3,563,138,14,4.90428571428571,147.774305555556,"United Kingdom",187.666666666667,46,57.4611111111111,"3","Potential / Occasional","No"
13843,105.7625,6,611.81,195,24,4.06833333333333,345.563194444444,"United Kingdom",101.968333333333,32.5,47.9601388888889,"3","Potential / Occasional","No"
13844,9.56666666666667,3,634.57,180,12,3.19083333333333,285.832638888889,"United Kingdom",211.523333333333,60,138.132986111111,"4","Loyal Customers","No"
13845,6.42152777777778,6,1333.28,574,67,2.936,259.7375,"United Kingdom",222.213333333333,95.6666666666667,50.6631944444444,"4","Loyal Customers","No"
13846,47.9590277777778,3,459.93,198,24,2.8844,58.4423611111111,"United Kingdom",153.31,66,5.24166666666667,"3","Potential / Occasional","No"
13847,2.86805555555556,2,177.91,67,9,2.39555555555556,186.76875,"Spain",88.955,33.5,183.900694444444,"3","Potential / Occasional","No"
13848,85.5215277777778,1,50.54,14,1,3.61,85.5215277777778,"United Kingdom",50.54,14,85.5215277777778,"1","At-Risk / Dormant","No"
13849,110.036805555556,3,267.91,131,15,2.74933333333333,277.061111111111,"United Kingdom",89.3033333333333,43.6666666666667,83.5121527777778,"3","Potential / Occasional","No"
13850,6.69166666666667,9,3478.46,1022,85,3.25279069767442,183.860416666667,"United Kingdom",386.495555555556,113.555555555556,22.14609375,"4","Loyal Customers","No"
13851,46.3347222222222,3,452.46,174,28,2.49214285714286,113.305555555556,"Finland",150.82,58,33.4854166666667,"3","Potential / Occasional","No"
13852,15.4444444444444,3,212.68,152,12,2.745,321.976388888889,"Netherlands",70.8933333333333,50.6666666666667,153.265972222222,"3","Potential / Occasional","No"
13853,132.358333333333,1,37.09,27,4,1.355,132.358333333333,"United Kingdom",37.09,27,132.358333333333,"1","At-Risk / Dormant","No"
13854,46.8479166666667,10,5098.73,1637,180,3.30893401015228,344.956944444444,"United Kingdom",509.873,163.7,33.123225308642,"2","Champions / High-Value","Yes"
13855,172.605555555556,2,180.19,95,8,2.86125,173.104861111111,"United Kingdom",90.095,47.5,0.499305555555566,"3","Potential / Occasional","No"
13856,111.484027777778,1,9.52,4,1,2.38,111.484027777778,"France",9.52,4,111.484027777778,"1","At-Risk / Dormant","No"
13857,3.29652777777778,28,27247.49,8631,748,3.36301063829787,335.083333333333,"United Kingdom",973.124642857143,308.25,12.2884002057613,"2","Champions / High-Value","Yes"
13858,2.68125,8,3502,857,79,3.58,268.882638888889,"Belgium",437.75,107.125,38.0287698412698,"4","Loyal Customers","No"
13859,88.9944444444444,8,2340.19,459,48,3.49375,352.938888888889,"United Kingdom",292.52375,57.375,37.7063492063492,"4","Loyal Customers","No"
13860,60.3506944444444,3,211.05,77,7,6.56142857142857,125.777777777778,"United Kingdom",70.35,25.6666666666667,32.7135416666667,"3","Potential / Occasional","No"
13861,78.1993055555556,4,451.79,84,18,4.18333333333333,293.284722222222,"United Kingdom",112.9475,21,71.6951388888889,"3","Potential / Occasional","No"
13862,14.3180555555556,21,11856.22,3402,310,3.42882183908046,332.993055555556,"United Kingdom",564.581904761905,162,15.93375,"2","Champions / High-Value","Yes"
13863,30.0416666666667,11,4442.14,1558,189,3.37616915422886,319.929166666667,"Poland",403.830909090909,141.636363636364,28.98875,"2","Champions / High-Value","Yes"
13864,62.1805555555556,9,1843.52,591,64,3.81348484848485,189.058333333333,"United Kingdom",204.835555555556,65.6666666666667,15.8597222222222,"4","Loyal Customers","No"
13865,30.5708333333333,20,9228.51,2999,328,3.24552197802198,255.117361111111,"United Kingdom",461.4255,149.95,11.8182383040936,"2","Champions / High-Value","Yes"
13866,10.6673611111111,7,366.94,136,26,3.82384615384615,252.365972222222,"United Kingdom",52.42,19.4285714285714,40.2831018518518,"3","Potential / Occasional","No"
13867,23.8395833333333,5,707.2,247,27,3.55333333333333,167.101388888889,"United Kingdom",141.44,49.4,35.8154513888889,"4","Loyal Customers","No"
13868,53.2055555555556,5,774.14,234,23,3.93478260869565,336.85,"United Kingdom",154.828,46.8,70.9111111111111,"4","Loyal Customers","No"
13869,84.2638888888889,10,4580.45,1178,114,3.32983333333333,316.732638888889,"United Kingdom",458.045,117.8,25.8298611111111,"4","Loyal Customers","No"
13870,152.826388888889,3,314.09,219,11,2.00727272727273,189.032638888889,"United Kingdom",104.696666666667,73,18.103125,"3","Potential / Occasional","No"
13871,127.020833333333,4,605.89,211,20,2.9965,291.658333333333,"United Kingdom",151.4725,52.75,54.8791666666667,"3","Potential / Occasional","No"
13872,49.2145833333333,2,247.69,73,5,3.474,298.045833333333,"United Kingdom",123.845,36.5,248.83125,"3","Potential / Occasional","No"
13873,8.34652777777778,5,1895.29,310,21,3.47454545454545,199.7875,"United Kingdom",379.058,62,47.8602430555556,"4","Loyal Customers","No"
13874,88.05625,5,1388.02,354,33,3.12727272727273,267.5125,"United Kingdom",277.604,70.8,44.8640625,"4","Loyal Customers","No"
13875,8.71666666666667,22,26431.43,8016,700,3.53608092485549,306.0625,"United Kingdom",1201.42863636364,364.363636363636,14.1593253968254,"2","Champions / High-Value","Yes"
13876,203.620833333333,5,1010.71,272,30,4.18666666666667,334.235416666667,"United Kingdom",202.142,54.4,32.6536458333333,"3","Potential / Occasional","No"
13877,159.727777777778,1,24.87,14,3,1.61666666666667,159.727777777778,"United Kingdom",24.87,14,159.727777777778,"1","At-Risk / Dormant","No"
13878,10.5243055555556,17,7097.07,2247,242,3.28261538461538,359.665972222222,"United Kingdom",417.474705882353,132.176470588235,21.8213541666667,"2","Champions / High-Value","Yes"
13879,50.3472222222222,2,475.87,185,11,2.08545454545455,304.671527777778,"United Kingdom",237.935,92.5,254.324305555556,"3","Potential / Occasional","No"
13880,23.2041666666667,1,9.3,6,1,1.55,23.2041666666667,"Australia",9.3,6,23.2041666666667,"1","At-Risk / Dormant","No"
13881,27.4277777777778,9,2564.91,546,55,4.41333333333333,292.247222222222,"United Kingdom",284.99,60.6666666666667,33.1024305555556,"4","Loyal Customers","No"
13882,31.5909722222222,8,2122.39,647,59,3.15627118644068,206.417361111111,"United Kingdom",265.29875,80.875,24.9751984126984,"4","Loyal Customers","No"
13883,34.8,17,12562.69,3358,321,3.41536931818182,335.980555555556,"United Kingdom",738.981764705882,197.529411764706,18.8237847222222,"2","Champions / High-Value","Yes"
13884,80.1965277777778,3,109.2,93,7,1.84142857142857,313.404861111111,"United Kingdom",36.4,31,116.604166666667,"3","Potential / Occasional","No"
13885,5.17152777777778,2,140.1,60,10,2.777,92.4694444444444,"United Kingdom",70.05,30,87.2979166666667,"1","At-Risk / Dormant","No"
13886,136.163888888889,7,1912,574,56,3.15034482758621,283.758333333333,"United Kingdom",273.142857142857,82,24.5990740740741,"4","Loyal Customers","No"
13887,143.820833333333,2,272.54,75,13,5.54923076923077,298.353472222222,"United Kingdom",136.27,37.5,154.532638888889,"3","Potential / Occasional","No"
13888,17.7902777777778,6,2240.01,797,89,3.15866666666667,256.811805555556,"United Kingdom",373.335,132.833333333333,47.8043055555556,"4","Loyal Customers","No"
13889,251.41875,1,121.11,31,6,2.92666666666667,251.41875,"United Kingdom",121.11,31,251.41875,"3","Potential / Occasional","No"
13890,57.9041666666667,4,291.08,93,11,2.88181818181818,354.167361111111,"United Kingdom",72.77,23.25,98.7543981481482,"3","Potential / Occasional","No"
13891,207.124305555556,3,815.15,257,29,4.11620689655172,275.020833333333,"United Kingdom",271.716666666667,85.6666666666667,33.9482638888889,"3","Potential / Occasional","No"
13892,13.8381944444444,4,620,188,15,2.18533333333333,331.660416666667,"EIRE",155,47,105.940740740741,"4","Loyal Customers","No"
13893,36.1236111111111,1,54.04,7,1,7.72,36.1236111111111,"United Kingdom",54.04,7,36.1236111111111,"1","At-Risk / Dormant","No"
13894,233.704861111111,2,112.83,42,10,2.652,276.256944444444,"United Kingdom",56.415,21,42.5520833333333,"3","Potential / Occasional","No"
13895,52.0180555555556,2,233.48,145,13,2.02153846153846,68.1319444444444,"United Kingdom",116.74,72.5,16.1138888888889,"3","Potential / Occasional","No"
13896,121.082638888889,3,747.07,254,28,2.89964285714286,188.213888888889,"United Kingdom",249.023333333333,84.6666666666667,33.565625,"3","Potential / Occasional","No"
13897,58.7986111111111,7,1402.33,567,63,2.97206349206349,335.3,"United Kingdom",200.332857142857,81,46.0835648148148,"4","Loyal Customers","No"
13898,29.6215277777778,18,13044.38,4001,349,3.19783715012723,313.229166666667,"United Kingdom",724.687777777778,222.277777777778,16.6828022875817,"2","Champions / High-Value","Yes"
13899,66.9597222222222,3,843.99,311,29,3.215,156.1375,"United Kingdom",281.33,103.666666666667,44.5888888888889,"3","Potential / Occasional","No"
13900,45.9638888888889,11,4600.96,1251,135,3.95478873239437,321.082638888889,"United Kingdom",418.269090909091,113.727272727273,27.511875,"2","Champions / High-Value","Yes"
13901,333.709722222222,1,92.53,28,4,3.1875,333.709722222222,"United Kingdom",92.53,28,333.709722222222,"3","Potential / Occasional","No"
13902,6.8875,8,1370.3,445,53,3.66905660377358,295.405555555556,"United Kingdom",171.2875,55.625,41.2168650793651,"4","Loyal Customers","No"
13903,130.726388888889,2,36.53,13,3,3.06333333333333,285.208333333333,"United Kingdom",18.265,6.5,154.481944444444,"1","At-Risk / Dormant","No"
13904,90.4423611111111,3,376.23,147,17,2.30058823529412,177.883333333333,"United Kingdom",125.41,49,43.7204861111111,"3","Potential / Occasional","No"
13905,65.1868055555556,6,2341.91,526,52,3.67584905660377,327.727083333333,"United Kingdom",390.318333333333,87.6666666666667,52.5080555555556,"4","Loyal Customers","No"
13906,20.0263888888889,7,934.99,288,34,3.00705882352941,315.379166666667,"United Kingdom",133.57,41.1428571428571,49.225462962963,"4","Loyal Customers","No"
13907,122.029166666667,2,308.31,74,5,5.77,193.688194444444,"United Kingdom",154.155,37,71.6590277777778,"3","Potential / Occasional","No"
13908,13.5979166666667,4,531.12,211,22,3.09590909090909,338.579166666667,"Spain",132.78,52.75,108.327083333333,"4","Loyal Customers","No"
13909,26.95625,22,16594.83,4536,444,3.53653923541247,299.708333333333,"United Kingdom",754.310454545454,206.181818181818,12.9881944444444,"2","Champions / High-Value","Yes"
13910,1.68680555555556,14,4328.9,1324,155,3.44993865030675,317.847916666667,"United Kingdom",309.207142857143,94.5714285714286,24.3200854700855,"2","Champions / High-Value","Yes"
13911,87.43125,1,12.48,4,1,3.12,87.43125,"United Kingdom",12.48,4,87.43125,"1","At-Risk / Dormant","No"
13912,10.4666666666667,20,16020.85,4903,484,3.33655797101449,364.277777777778,"United Kingdom",801.0425,245.15,18.6216374269006,"2","Champions / High-Value","Yes"
13913,125.321527777778,2,101.89,45,9,2.28333333333333,228.895138888889,"United Kingdom",50.945,22.5,103.573611111111,"1","At-Risk / Dormant","No"
13914,31.2173611111111,4,1279.17,305,32,2.7215625,294.206944444444,"France",319.7925,76.25,87.6631944444444,"4","Loyal Customers","No"
13915,145.475,1,120.56,44,1,2.74,145.475,"United Kingdom",120.56,44,145.475,"1","At-Risk / Dormant","No"
13916,4.17222222222222,5,1721.05,459,42,4.05302325581395,299.709722222222,"United Kingdom",344.21,91.8,73.884375,"4","Loyal Customers","No"
13917,11.7055555555556,7,3263.27,542,56,4.14322033898305,296.054861111111,"United Kingdom",466.181428571429,77.4285714285714,47.3915509259259,"4","Loyal Customers","No"
13918,6.46458333333333,9,2130.73,811,69,2.61985915492958,305.791666666667,"United Kingdom",236.747777777778,90.1111111111111,37.4158854166667,"4","Loyal Customers","No"
13919,38.9395833333333,6,3367.11,1091,97,3.85884615384615,270.930555555556,"United Kingdom",561.185,181.833333333333,46.3981944444444,"4","Loyal Customers","No"
13920,189.879861111111,5,269.01,189,18,2.03111111111111,235.56875,"United Kingdom",53.802,37.8,11.4222222222222,"3","Potential / Occasional","No"
13921,145.399305555556,3,505.51,112,15,3.25066666666667,309.863194444444,"United Kingdom",168.503333333333,37.3333333333333,82.2319444444445,"3","Potential / Occasional","No"
13922,72.4743055555556,3,55.67,60,6,0.82,279.574305555556,"United Kingdom",18.5566666666667,20,103.55,"1","At-Risk / Dormant","No"
13923,64.7104166666667,8,4789.87,1376,117,3.53578512396694,294.33125,"United Kingdom",598.73375,172,32.8029761904762,"2","Champions / High-Value","Yes"
13924,48.1513888888889,3,194.52,71,15,2.798,207.205555555556,"United Kingdom",64.84,23.6666666666667,79.5270833333333,"3","Potential / Occasional","No"
13925,222.026388888889,1,52.54,20,3,2.52333333333333,222.026388888889,"EIRE",52.54,20,222.026388888889,"1","At-Risk / Dormant","No"
13926,126.956944444444,4,1860.6,336,32,3.63818181818182,332.954166666667,"United Kingdom",465.15,84,68.6657407407407,"4","Loyal Customers","No"
13927,62.48125,6,844.13,377,33,3.395,325.195138888889,"France",140.688333333333,62.8333333333333,52.5427777777778,"4","Loyal Customers","No"
13928,26.2847222222222,4,640.82,123,15,3.55133333333333,275.586805555556,"United Kingdom",160.205,30.75,83.1006944444444,"3","Potential / Occasional","No"
13929,11.0298611111111,7,1076.07,365,42,2.96666666666667,315.150694444444,"United Kingdom",153.724285714286,52.1428571428571,50.6868055555556,"4","Loyal Customers","No"
13930,18.7,5,853.75,241,20,3.934,204.536111111111,"United Kingdom",170.75,48.2,46.4590277777778,"4","Loyal Customers","No"
13931,157.795833333333,4,565.8,248,21,2.9947619047619,237.946527777778,"United Kingdom",141.45,62,26.7168981481482,"3","Potential / Occasional","No"
13932,37.4243055555556,11,3357.78,967,107,3.35138888888889,353.886805555556,"United Kingdom",305.252727272727,87.9090909090909,31.64625,"4","Loyal Customers","No"
13933,97.4069444444444,3,541.12,194,20,3.5805,218.369444444444,"United Kingdom",180.373333333333,64.6666666666667,60.48125,"3","Potential / Occasional","No"
13934,14.2298611111111,14,6535.52,2262,263,2.95985714285714,347.814583333333,"United Kingdom",466.822857142857,161.571428571429,25.6603632478632,"2","Champions / High-Value","Yes"
13935,30.8895833333333,4,725.85,250,30,3.10833333333333,183.882638888889,"United Kingdom",181.4625,62.5,50.9976851851852,"4","Loyal Customers","No"
13936,42.8097222222222,4,857.48,290,37,2.895,177.489583333333,"United Kingdom",214.37,72.5,44.893287037037,"4","Loyal Customers","No"
13937,40.7166666666667,9,3714.28,1208,123,3.31142857142857,205.402083333333,"United Kingdom",412.697777777778,134.222222222222,20.5856770833333,"4","Loyal Customers","No"
13938,23.0652777777778,8,1228.07,478,39,2.84692307692308,262.191666666667,"United Kingdom",153.50875,59.75,34.1609126984127,"4","Loyal Customers","No"
13939,3.96319444444444,9,3560.35,947,85,3.58752941176471,213.439583333333,"Germany",395.594444444444,105.222222222222,26.1845486111111,"4","Loyal Customers","No"
13940,116.880555555556,3,555.27,200,23,2.97391304347826,206.946527777778,"United Kingdom",185.09,66.6666666666667,45.0329861111111,"3","Potential / Occasional","No"
13941,76.8319444444444,1,140.86,30,6,4.195,76.8319444444444,"France",140.86,30,76.8319444444444,"1","At-Risk / Dormant","No"
13942,8.60416666666667,16,17892.85,5277,503,3.42115517241379,308.036111111111,"United Kingdom",1118.303125,329.8125,19.9621296296296,"2","Champions / High-Value","Yes"
13943,25.6486111111111,7,914.61,420,52,2.72301886792453,251.373611111111,"United Kingdom",130.658571428571,60,37.6208333333333,"4","Loyal Customers","No"
13944,13.8402777777778,14,4640.13,1400,132,3.2931914893617,331.704861111111,"United Kingdom",331.437857142857,100,24.4511217948718,"2","Champions / High-Value","Yes"
13945,25.8381944444444,2,13.6,11,2,1.22,214.177777777778,"United Kingdom",6.8,5.5,188.339583333333,"1","At-Risk / Dormant","No"
13946,8.59305555555556,3,94.46,36,7,3.44571428571429,161.334722222222,"United Kingdom",31.4866666666667,12,76.3708333333333,"1","At-Risk / Dormant","No"
13947,165.3625,2,149.85,96,10,2.092,305.620833333333,"United Kingdom",74.925,48,140.258333333333,"3","Potential / Occasional","No"
13948,9.75277777777778,9,4401.2,1302,128,3.31886363636364,298.333333333333,"United Kingdom",489.022222222222,144.666666666667,36.0725694444444,"2","Champions / High-Value","Yes"
13949,9.00347222222222,4,315.1,78,13,4.14307692307692,77.1451388888889,"United Kingdom",78.775,19.5,22.7138888888889,"1","At-Risk / Dormant","No"
13950,34.9069444444444,9,2359.07,839,105,3.43448598130841,291.296527777778,"United Kingdom",262.118888888889,93.2222222222222,32.0486979166667,"4","Loyal Customers","No"
13951,8.84513888888889,3,320.29,76,16,3.768125,169.381944444444,"Germany",106.763333333333,25.3333333333333,80.2684027777778,"3","Potential / Occasional","No"
13952,11.9895833333333,4,410.69,183,21,2.36136363636364,326.609027777778,"United Kingdom",102.6725,45.75,104.873148148148,"4","Loyal Customers","No"
13953,147.934722222222,1,501.8,81,7,4.87857142857143,147.934722222222,"United Kingdom",501.8,81,147.934722222222,"3","Potential / Occasional","No"
13954,56.8263888888889,4,959.07,355,50,2.90196078431373,298.670833333333,"Germany",239.7675,88.75,80.6148148148148,"4","Loyal Customers","No"
13955,19.2423611111111,9,3763.87,1170,131,3.68723880597015,316.543055555556,"United Kingdom",418.207777777778,130,37.1625868055556,"2","Champions / High-Value","Yes"
13956,106.846527777778,4,1227.84,288,25,5.18615384615385,277.634027777778,"United Kingdom",306.96,72,56.9291666666667,"4","Loyal Customers","No"
13957,42.3361111111111,11,5166.37,1253,150,3.6011320754717,345.958333333333,"United Kingdom",469.67,113.909090909091,30.3622222222222,"2","Champions / High-Value","Yes"
13958,174.961805555556,2,105.77,80,5,1.788,271.961805555556,"United Kingdom",52.885,40,97,"3","Potential / Occasional","No"
13959,41.3993055555556,8,1598.03,398,56,4.04220338983051,331.927777777778,"United Kingdom",199.75375,49.75,41.5040674603175,"4","Loyal Customers","No"
13960,41.3777777777778,4,487.48,200,25,3.1952,292.777083333333,"United Kingdom",121.87,50,83.7997685185185,"3","Potential / Occasional","No"
13961,115.975694444444,6,1852.37,608,81,3.1640243902439,297.261111111111,"United Kingdom",308.728333333333,101.333333333333,36.2570833333333,"4","Loyal Customers","No"
13962,5.55694444444444,10,2642.79,862,99,3.8040404040404,298.664583333333,"United Kingdom",264.279,86.2,32.5675154320988,"4","Loyal Customers","No"
13963,35.6763888888889,3,503.91,131,16,2.54411764705882,130.956944444444,"United Kingdom",167.97,43.6666666666667,47.6402777777778,"3","Potential / Occasional","No"
13964,12.7944444444444,6,1006.01,313,37,2.7772972972973,361.898611111111,"United Kingdom",167.668333333333,52.1666666666667,69.8208333333333,"4","Loyal Customers","No"
13965,19.7166666666667,6,860.41,288,39,3.46707317073171,315.092361111111,"United Kingdom",143.401666666667,48,59.0751388888889,"4","Loyal Customers","No"
13966,13.2194444444444,6,1184.62,445,44,2.94127659574468,257.963888888889,"United Kingdom",197.436666666667,74.1666666666667,48.9488888888889,"4","Loyal Customers","No"
13967,48.9465277777778,2,247.31,47,8,4.605,231.1,"United Kingdom",123.655,23.5,182.153472222222,"3","Potential / Occasional","No"
13968,12.125,11,4120.14,1378,151,3.27993506493506,306.826388888889,"France",374.558181818182,125.272727272727,29.4701388888889,"2","Champions / High-Value","Yes"
13969,18.8666666666667,4,526.91,141,18,4.43333333333333,326.529166666667,"United Kingdom",131.7275,35.25,102.554166666667,"3","Potential / Occasional","No"
13970,62.1826388888889,4,1099.84,296,45,3.48066666666667,346.038888888889,"United Kingdom",274.96,74,94.61875,"4","Loyal Customers","No"
13971,30.4694444444444,1,22.2,23,4,0.975,30.4694444444444,"United Kingdom",22.2,23,30.4694444444444,"1","At-Risk / Dormant","No"
13972,91.6041666666667,2,310.9,117,12,3.06083333333333,117.990277777778,"United Kingdom",155.45,58.5,26.3861111111111,"3","Potential / Occasional","No"
13973,239.069444444444,2,100.43,71,5,2.458,282.335416666667,"United Kingdom",50.215,35.5,43.2659722222222,"3","Potential / Occasional","No"
13974,62.3722222222222,10,5293.38,2036,192,2.78759615384615,288.542361111111,"United Kingdom",529.338,203.6,25.1300154320988,"2","Champions / High-Value","Yes"
13975,17.6993055555556,3,262.22,151,21,1.87238095238095,313.044444444444,"Spain",87.4066666666667,50.3333333333333,147.672569444444,"3","Potential / Occasional","No"
13976,131.284027777778,3,584.85,173,21,3.64238095238095,190.674305555556,"United Kingdom",194.95,57.6666666666667,29.6951388888889,"3","Potential / Occasional","No"
13977,119.248611111111,2,63.58,26,5,2.888,274.116666666667,"United Kingdom",31.79,13,154.868055555556,"1","At-Risk / Dormant","No"
13978,3.60277777777778,15,5492.64,1653,178,3.45329787234043,279.495138888889,"United Kingdom",366.176,110.2,19.7065972222222,"2","Champions / High-Value","Yes"
13979,113.625694444444,6,1103.5,319,39,3.17358974358974,275.186805555556,"United Kingdom",183.916666666667,53.1666666666667,32.3122222222222,"4","Loyal Customers","No"
13980,145.996527777778,1,81.15,24,4,3.7025,145.996527777778,"United Kingdom",81.15,24,145.996527777778,"1","At-Risk / Dormant","No"
13981,30.6083333333333,11,3398.49,938,80,3.54870588235294,275.624305555556,"United Kingdom",308.953636363636,85.2727272727273,24.5015972222222,"4","Loyal Customers","No"
13982,62.5256944444444,5,591.41,204,22,3.73652173913043,282.097222222222,"United Kingdom",118.282,40.8,54.8928819444444,"3","Potential / Occasional","No"
13983,65.2118055555556,1,8.88,4,1,2.22,65.2118055555556,"United Kingdom",8.88,4,65.2118055555556,"1","At-Risk / Dormant","No"
13984,203.002083333333,2,299.64,86,9,5.73444444444444,206.868055555556,"United Kingdom",149.82,43,3.86597222222221,"3","Potential / Occasional","No"
13985,126.997916666667,3,995.63,104,10,6.656,192.286111111111,"United Kingdom",331.876666666667,34.6666666666667,32.6440972222222,"3","Potential / Occasional","No"
13986,5.93125,13,5645.68,2046,221,2.99535864978903,334.461805555556,"United Kingdom",434.283076923077,157.384615384615,27.3775462962963,"2","Champions / High-Value","Yes"
13987,79.2895833333333,1,143.75,35,5,3.166,79.2895833333333,"United Kingdom",143.75,35,79.2895833333333,"1","At-Risk / Dormant","No"
13988,195.3375,1,173.31,35,6,5.71833333333333,195.3375,"United Kingdom",173.31,35,195.3375,"3","Potential / Occasional","No"
13989,22.26875,8,2745.82,606,59,3.49081967213115,335.079861111111,"United Kingdom",343.2275,75.75,44.6873015873016,"4","Loyal Customers","No"
13990,15.19375,6,2205.83,555,60,4.06754098360656,229.61875,"United Kingdom",367.638333333333,92.5,42.885,"4","Loyal Customers","No"
13991,87.3701388888889,4,545.26,235,23,3.01608695652174,352.881944444444,"Spain",136.315,58.75,88.5039351851852,"3","Potential / Occasional","No"
13992,31.7777777777778,3,938.38,206,19,5.26842105263158,243.288888888889,"United Kingdom",312.793333333333,68.6666666666667,105.755555555556,"4","Loyal Customers","No"
13993,43.51875,6,1481.16,558,59,3.13728813559322,198.090277777778,"EIRE",246.86,93,30.9143055555556,"4","Loyal Customers","No"
13994,230.072222222222,3,289.75,115,15,2.22133333333333,251.988194444444,"United Kingdom",96.5833333333333,38.3333333333333,10.9579861111111,"3","Potential / Occasional","No"
13995,47.2319444444444,3,528.45,160,18,3.21888888888889,145.458333333333,"United Kingdom",176.15,53.3333333333333,49.1131944444444,"3","Potential / Occasional","No"
13996,68.6430555555555,1,227.93,81,8,3.98125,68.6430555555555,"Spain",227.93,81,68.6430555555555,"3","Potential / Occasional","No"
13997,2.5875,21,25663.71,7668,618,3.49501960784314,328.269444444444,"United Kingdom",1222.08142857143,365.142857142857,16.2840972222222,"2","Champions / High-Value","Yes"
13998,6.38680555555556,9,3100.85,905,106,3.41792792792793,307.648611111111,"United Kingdom",344.538888888889,100.555555555556,37.6577256944444,"4","Loyal Customers","No"
13999,2.41319444444444,15,14259.98,4174,397,3.45388157894737,319.761111111111,"United Kingdom",950.665333333333,278.266666666667,22.6677083333333,"2","Champions / High-Value","Yes"
14000,47.7347222222222,2,93.9,24,3,4.84,202.620138888889,"United Kingdom",46.95,12,154.885416666667,"1","At-Risk / Dormant","No"
14001,9.61458333333333,10,2815.66,867,87,2.91863636363636,315.471527777778,"United Kingdom",281.566,86.7,33.9841049382716,"4","Loyal Customers","No"
14002,139.056944444444,2,82.77,23,4,3.2825,228.396527777778,"United Kingdom",41.385,11.5,89.3395833333333,"1","At-Risk / Dormant","No"
14003,25.2298611111111,4,538.15,165,26,3.62192307692308,173.165277777778,"United Kingdom",134.5375,41.25,49.3118055555556,"3","Potential / Occasional","No"
14004,15.2618055555556,9,3387.33,1024,114,3.39301724137931,318.565972222222,"United Kingdom",376.37,113.777777777778,37.9130208333333,"4","Loyal Customers","No"
14005,22.6763888888889,7,720.43,297,36,2.61944444444444,349.288888888889,"United Kingdom",102.918571428571,42.4285714285714,54.4354166666667,"4","Loyal Customers","No"
14006,24.1263888888889,20,14876.91,4964,460,3.25488073394495,311.820833333333,"United Kingdom",743.8455,248.2,15.1418128654971,"2","Champions / High-Value","Yes"
14007,33.9111111111111,11,5315.84,1509,167,3.1664606741573,348.273611111111,"United Kingdom",483.258181818182,137.181818181818,31.43625,"2","Champions / High-Value","Yes"
14008,10.04375,13,4813.2,1582,179,3.29974358974359,355.330555555556,"United Kingdom",370.246153846154,121.692307692308,28.773900462963,"2","Champions / High-Value","Yes"
14009,12.4756944444444,6,1143.97,369,43,3.87955555555556,203.7625,"United Kingdom",190.661666666667,61.5,38.2573611111111,"4","Loyal Customers","No"
14010,32.7763888888889,3,207.81,69,7,4.38428571428571,189.522222222222,"United Kingdom",69.27,23,78.3729166666667,"3","Potential / Occasional","No"
14011,51.5819444444444,3,1204.22,337,23,3.95695652173913,269.441666666667,"United Kingdom",401.406666666667,112.333333333333,108.929861111111,"4","Loyal Customers","No"
14012,79.7597222222222,2,42.14,57,3,1.44666666666667,199.958333333333,"United Kingdom",21.07,28.5,120.198611111111,"1","At-Risk / Dormant","No"
14013,53.0284722222222,2,329.86,125,12,3.73083333333333,263.407638888889,"United Kingdom",164.93,62.5,210.379166666667,"3","Potential / Occasional","No"
14014,74.59375,3,487.97,146,23,3.66217391304348,213.145833333333,"United Kingdom",162.656666666667,48.6666666666667,69.2760416666667,"3","Potential / Occasional","No"
14015,45.9861111111111,2,267.55,75,12,2.48416666666667,166.852777777778,"United Kingdom",133.775,37.5,120.866666666667,"3","Potential / Occasional","No"
14016,46.4069444444444,3,704.22,243,21,3.69954545454545,313.452777777778,"United Kingdom",234.74,81,133.522916666667,"4","Loyal Customers","No"
14017,181.595833333333,1,34.26,17,2,2.025,181.595833333333,"United Kingdom",34.26,17,181.595833333333,"1","At-Risk / Dormant","No"
14018,147.906944444444,3,393.73,140,22,4.55318181818182,296.972916666667,"United Kingdom",131.243333333333,46.6666666666667,74.5329861111111,"3","Potential / Occasional","No"
14019,36.1180555555556,1,78.51,29,4,3.1925,36.1180555555556,"United Kingdom",78.51,29,36.1180555555556,"1","At-Risk / Dormant","No"
14020,55.0048611111111,4,401.3,41,7,6.44142857142857,258.733333333333,"United Kingdom",100.325,10.25,67.9094907407408,"3","Potential / Occasional","No"
14021,99.9631944444444,5,1106.92,417,36,2.80444444444444,326.351388888889,"United Kingdom",221.384,83.4,56.5970486111111,"4","Loyal Customers","No"
14022,277.488194444444,3,491.21,185,30,2.68129032258065,369.86875,"United Kingdom",163.736666666667,61.6666666666667,46.1902777777778,"3","Potential / Occasional","No"
14023,49.3631944444444,15,7454.44,2228,224,3.21855967078189,347.236805555556,"United Kingdom",496.962666666667,148.533333333333,21.2766865079365,"2","Champions / High-Value","Yes"
14024,34.5284722222222,10,2043.75,646,68,3.10308823529412,269.4375,"United Kingdom",204.375,64.6,26.1010030864198,"4","Loyal Customers","No"
14025,11.4229166666667,8,1022.04,362,44,3.05272727272727,265.884027777778,"United Kingdom",127.755,45.25,36.3515873015873,"4","Loyal Customers","No"
14026,13.1284722222222,6,671.26,244,37,3.29921052631579,340.503472222222,"United Kingdom",111.876666666667,40.6666666666667,65.475,"4","Loyal Customers","No"
14027,24.3534722222222,2,113.46,51,8,1.96875,178.136111111111,"United Kingdom",56.73,25.5,153.782638888889,"1","At-Risk / Dormant","No"
14028,155.248611111111,3,56156.44,12868,35,3.06085714285714,243.569444444444,"United Kingdom",18718.8133333333,4289.33333333333,44.1604166666667,"2","Champions / High-Value","Yes"
14029,41.8368055555556,2,219.61,78,7,2.99285714285714,353.617361111111,"United Kingdom",109.805,39,311.780555555556,"3","Potential / Occasional","No"
14030,74.2381944444444,3,782.96,135,9,3.57777777777778,253.35625,"United Kingdom",260.986666666667,45,89.5590277777778,"3","Potential / Occasional","No"
14031,4.39166666666667,7,1776.69,435,40,3.89348837209302,288.804861111111,"United Kingdom",253.812857142857,62.1428571428571,47.4021990740741,"4","Loyal Customers","No"
14032,210.006944444444,2,238.29,135,15,1.80125,297.642361111111,"United Kingdom",119.145,67.5,87.6354166666666,"3","Potential / Occasional","No"
14033,121.227777777778,4,608.58,143,19,3.46210526315789,177.804861111111,"United Kingdom",152.145,35.75,18.8590277777778,"3","Potential / Occasional","No"
14034,104.339583333333,3,603.83,259,18,3.10111111111111,221.770138888889,"United Kingdom",201.276666666667,86.3333333333333,58.7152777777778,"3","Potential / Occasional","No"
14035,15.7611111111111,6,1560.1,435,54,3.57107142857143,305.120833333333,"United Kingdom",260.016666666667,72.5,57.8719444444444,"4","Loyal Customers","No"
14036,168.044444444444,8,789.65,412,48,2.13156862745098,317.631944444444,"United Kingdom",98.70625,51.5,21.3696428571429,"4","Loyal Customers","No"
14037,18.6111111111111,4,774.56,265,23,2.92086956521739,362.752777777778,"United Kingdom",193.64,66.25,114.713888888889,"4","Loyal Customers","No"
14038,269.290972222222,1,184.15,92,7,2.86428571428571,269.290972222222,"Belgium",184.15,92,269.290972222222,"3","Potential / Occasional","No"
14039,128.277083333333,2,192.18,24,4,9.055,239.660416666667,"United Kingdom",96.09,12,111.383333333333,"1","At-Risk / Dormant","No"
14040,140.434027777778,5,1554.56,593,74,3.17272727272727,307.961805555556,"United Kingdom",310.912,118.6,41.8819444444444,"4","Loyal Customers","No"
14041,68.9597222222222,3,660.74,160,12,3.75,127.901388888889,"United Kingdom",220.246666666667,53.3333333333333,29.4708333333333,"3","Potential / Occasional","No"
14042,25.1270833333333,1,186.1,41,6,3.70333333333333,25.1270833333333,"United Kingdom",186.1,41,25.1270833333333,"1","At-Risk / Dormant","No"
14044,11.7798611111111,9,1585.27,415,48,4.88395833333333,322.214583333333,"United Kingdom",176.141111111111,46.1111111111111,38.8043402777778,"4","Loyal Customers","No"
14045,43.3138888888889,10,3417.44,1085,106,3.34277777777778,309.861111111111,"United Kingdom",341.744,108.5,29.6163580246914,"4","Loyal Customers","No"
14046,94.0916666666667,5,1221.36,421,49,3.518,305.644444444444,"United Kingdom",244.272,84.2,52.8881944444444,"4","Loyal Customers","No"
14047,21.6486111111111,8,3020.79,795,79,3.0485,353.406944444444,"United Kingdom",377.59875,99.375,47.3940476190476,"4","Loyal Customers","No"
14048,32.775,2,105.66,55,4,2.325,149.165972222222,"United Kingdom",52.83,27.5,116.390972222222,"1","At-Risk / Dormant","No"
14049,13.4090277777778,4,927.22,278,37,3.83,244.270833333333,"United Kingdom",231.805,69.5,76.9539351851852,"4","Loyal Customers","No"
14050,26.1569444444444,14,8166.43,2159,208,3.39175675675676,373.531944444444,"United Kingdom",583.316428571429,154.214285714286,26.7211538461538,"2","Champions / High-Value","Yes"
14051,20.4319444444444,2,268.69,49,9,5.45666666666667,102.252777777778,"United Kingdom",134.345,24.5,81.8208333333333,"3","Potential / Occasional","No"
14052,190.018055555556,6,731.67,317,35,2.54428571428571,310.235416666667,"United Kingdom",121.945,52.8333333333333,24.0434722222222,"3","Potential / Occasional","No"
14053,7.29652777777778,11,5267.43,1565,168,3.58355555555556,345.2375,"United Kingdom",478.857272727273,142.272727272727,33.7940972222222,"2","Champions / High-Value","Yes"
14054,101.765277777778,3,174.54,122,12,1.8525,334.777083333333,"United Kingdom",58.18,40.6666666666667,116.505902777778,"3","Potential / Occasional","No"
14055,42.8208333333333,2,203.16,76,13,2.83769230769231,173.558333333333,"United Kingdom",101.58,38,130.7375,"3","Potential / Occasional","No"
14056,31.6180555555556,8,925.63,351,40,2.99837209302326,320.6125,"EIRE",115.70375,43.875,41.2849206349206,"4","Loyal Customers","No"
14057,6.62569444444444,8,2283.48,656,77,3.364625,355.259722222222,"United Kingdom",285.435,82,49.8048611111111,"4","Loyal Customers","No"
14058,24.6611111111111,15,9782.63,2790,290,3.62643312101911,315.234027777778,"United Kingdom",652.175333333333,186,20.7552083333333,"2","Champions / High-Value","Yes"
14059,76.5256944444444,3,742.84,181,13,4.24692307692308,258.580555555556,"United Kingdom",247.613333333333,60.3333333333333,91.0274305555556,"3","Potential / Occasional","No"
14060,29.6493055555556,15,5185.77,1534,166,3.62284153005464,345.94375,"United Kingdom",345.718,102.266666666667,22.5924603174603,"2","Champions / High-Value","Yes"
14061,8.55,3,418.27,223,18,3.36222222222222,182.815972222222,"United Kingdom",139.423333333333,74.3333333333333,87.1329861111111,"4","Loyal Customers","No"
14062,6.42986111111111,5,422.64,114,16,3.496875,298.682638888889,"United Kingdom",84.528,22.8,73.0631944444444,"3","Potential / Occasional","No"
14063,23.9409722222222,2,60.88,41,8,1.77625,112.329861111111,"United Kingdom",30.44,20.5,88.3888888888889,"1","At-Risk / Dormant","No"
14064,3.46944444444444,3,1243.81,307,31,2.9153125,326.41875,"United Kingdom",414.603333333333,102.333333333333,161.474652777778,"4","Loyal Customers","No"
14065,22.7715277777778,5,1022.08,360,41,2.65238095238095,245.732638888889,"United Kingdom",204.416,72,55.7402777777778,"4","Loyal Customers","No"
14066,31.1041666666667,18,15153.34,4699,431,3.46829702970297,249.95,"United Kingdom",841.852222222222,261.055555555556,12.8732843137255,"2","Champions / High-Value","Yes"
14067,10.9618055555556,16,9007.8,2946,296,3.11705521472393,324.909722222222,"United Kingdom",562.9875,184.125,20.9298611111111,"2","Champions / High-Value","Yes"
14068,24.9875,6,777.65,273,31,3.02290322580645,234.543055555556,"United Kingdom",129.608333333333,45.5,41.9111111111111,"4","Loyal Customers","No"
14069,106.350694444444,1,14.75,16,3,1.53333333333333,106.350694444444,"United Kingdom",14.75,16,106.350694444444,"1","At-Risk / Dormant","No"
14070,77.0395833333333,10,3891.32,1125,101,3.64190476190476,235.903472222222,"United Kingdom",389.132,112.5,17.6515432098765,"4","Loyal Customers","No"
14071,28.8972222222222,7,2442.89,670,70,3.82106666666667,187.616666666667,"United Kingdom",348.984285714286,95.7142857142857,26.4532407407407,"4","Loyal Customers","No"
14072,34.8354166666667,4,598.54,177,20,3.6755,225.176388888889,"United Kingdom",149.635,44.25,63.4469907407407,"3","Potential / Occasional","No"
14073,16.8118055555556,4,970.04,213,15,4.47733333333333,250.355555555556,"United Kingdom",242.51,53.25,77.8479166666667,"4","Loyal Customers","No"
14074,127.058333333333,3,748.19,285,20,3.27,286.984722222222,"Germany",249.396666666667,95,79.9631944444444,"3","Potential / Occasional","No"
14075,41.4006944444444,3,601.54,104,16,6.125,250.367361111111,"United Kingdom",200.513333333333,34.6666666666667,104.483333333333,"3","Potential / Occasional","No"
14076,91.2631944444445,6,788.31,275,19,4.63,252.727777777778,"United Kingdom",131.385,45.8333333333333,32.2929166666667,"3","Potential / Occasional","No"
14077,7.0375,6,1241.02,422,52,2.93461538461538,257.083333333333,"United Kingdom",206.836666666667,70.3333333333333,50.0091666666667,"4","Loyal Customers","No"
14079,96.6895833333333,3,95.2,40,8,2.37375,274.047222222222,"United Kingdom",31.7333333333333,13.3333333333333,88.6788194444444,"1","At-Risk / Dormant","No"
14080,55.8222222222222,1,11.4,4,1,2.85,55.8222222222222,"United Kingdom",11.4,4,55.8222222222222,"1","At-Risk / Dormant","No"
14081,39.5631944444444,7,2186.1,665,78,3.49060975609756,351.23125,"United Kingdom",312.3,95,51.9446759259259,"4","Loyal Customers","No"
14082,14.5881944444444,3,320.45,88,15,4.06866666666667,248.766666666667,"EIRE",106.816666666667,29.3333333333333,117.089236111111,"3","Potential / Occasional","No"
14083,23.6944444444444,2,249.42,66,10,3.966,116.190277777778,"United Kingdom",124.71,33,92.4958333333333,"3","Potential / Occasional","No"
14084,131.677777777778,9,3932.16,1075,101,3.62701923076923,360.147222222222,"USA",436.906666666667,119.444444444444,28.5586805555556,"4","Loyal Customers","No"
14085,9.97430555555556,12,5488.03,1668,189,3.33592783505155,343.065972222222,"United Kingdom",457.335833333333,139,30.2810606060606,"2","Champions / High-Value","Yes"
14086,48.9979166666667,9,3864.41,1174,129,3.32221374045802,329.365972222222,"United Kingdom",429.378888888889,130.444444444444,35.0460069444444,"4","Loyal Customers","No"
14087,20.5465277777778,7,2537.83,774,70,3.27857142857143,166.177777777778,"United Kingdom",362.547142857143,110.571428571429,24.271875,"4","Loyal Customers","No"
14088,35.9138888888889,7,1133.92,490,36,2.91702702702703,365.69375,"Portugal",161.988571428571,70,54.9633101851852,"4","Loyal Customers","No"
14089,71.5305555555556,2,139.44,76,10,1.826,183.79375,"United Kingdom",69.72,38,112.263194444444,"3","Potential / Occasional","No"
14090,178.153472222222,3,223.02,78,14,3.12714285714286,301.052083333333,"United Kingdom",74.34,26,61.4493055555555,"3","Potential / Occasional","No"
14091,163.63125,3,260.36,86,11,3.42454545454545,325.639583333333,"United Kingdom",86.7866666666667,28.6666666666667,81.0041666666667,"3","Potential / Occasional","No"
14092,28.95,10,3906.12,1392,139,3.16513888888889,285.315277777778,"United Kingdom",390.612,139.2,28.4850308641975,"2","Champions / High-Value","Yes"
14093,15.2555555555556,5,986.04,246,31,3.71129032258064,253.533333333333,"United Kingdom",197.208,49.2,59.5694444444444,"4","Loyal Customers","No"
14094,90.6569444444444,4,677.13,199,21,3.75904761904762,362.617361111111,"United Kingdom",169.2825,49.75,90.6534722222222,"3","Potential / Occasional","No"
14095,16.1097222222222,6,1186.44,386,46,3.28217391304348,157.747916666667,"United Kingdom",197.74,64.3333333333333,28.3276388888889,"4","Loyal Customers","No"
14096,60.5944444444444,5,915.24,286,30,3.58833333333333,309.458333333333,"United Kingdom",183.048,57.2,62.2159722222222,"4","Loyal Customers","No"
14098,199.545138888889,2,150.72,25,4,4.035,224.098611111111,"United Kingdom",75.36,12.5,24.5534722222222,"1","At-Risk / Dormant","No"
14099,17.99375,7,3728.35,991,77,4.39051282051282,216.289583333333,"United Kingdom",532.621428571429,141.571428571429,33.0493055555556,"4","Loyal Customers","No"
14100,15.3013888888889,8,2644.96,764,82,3.68494117647059,330.016666666667,"United Kingdom",330.62,95.5,44.9593253968254,"4","Loyal Customers","No"
14101,206.168055555556,1,0.96,3,1,0.32,206.168055555556,"France",0.96,3,206.168055555556,"1","At-Risk / Dormant","No"
14103,32.6743055555556,4,496.82,253,24,2.16,222.904861111111,"United Kingdom",124.205,63.25,63.4101851851852,"3","Potential / Occasional","No"
14104,58.6034722222222,4,475.43,183,19,2.40052631578947,349.259722222222,"United Kingdom",118.8575,45.75,96.8854166666667,"3","Potential / Occasional","No"
14105,11.0659722222222,7,1261.57,359,48,3.143125,266.926388888889,"Norway",180.224285714286,51.2857142857143,42.6434027777778,"4","Loyal Customers","No"
14106,114.402777777778,1,176.97,44,7,4.31,114.402777777778,"United Kingdom",176.97,44,114.402777777778,"3","Potential / Occasional","No"
14107,42.2840277777778,5,675.9,333,32,2.9890625,345.499305555556,"United Kingdom",135.18,66.6,75.8038194444444,"4","Loyal Customers","No"
14108,41.7868055555556,9,3192.88,1132,131,2.94007407407407,327.375,"United Kingdom",354.764444444444,125.777777777778,35.6985243055556,"4","Loyal Customers","No"
14109,1.76736111111111,8,2568.57,953,87,3.17295454545455,346.200694444444,"United Kingdom",321.07125,119.125,49.2047619047619,"4","Loyal Customers","No"
14110,3.26111111111111,30,27549.18,8349,744,3.30196182396607,339.86875,"United Kingdom",918.306,278.3,11.6071599616858,"2","Champions / High-Value","Yes"
14111,134.41875,4,216.52,88,13,3.06538461538462,292.175694444444,"United Kingdom",54.13,22,52.5856481481482,"3","Potential / Occasional","No"
14112,129.416666666667,2,1261.03,205,15,6.44866666666667,132.011805555556,"United Kingdom",630.515,102.5,2.5951388888889,"3","Potential / Occasional","No"
14113,196.055555555556,1,6.79,7,1,0.97,196.055555555556,"United Kingdom",6.79,7,196.055555555556,"1","At-Risk / Dormant","No"
14114,2.75972222222222,17,6886.51,2560,247,2.72650735294118,337.276388888889,"United Kingdom",405.088823529412,150.588235294118,20.9072916666667,"2","Champions / High-Value","Yes"
14115,207.392361111111,1,68.77,19,3,4.39333333333333,207.392361111111,"United Kingdom",68.77,19,207.392361111111,"1","At-Risk / Dormant","No"
14116,65.0770833333333,2,218.35,124,13,2.75384615384615,271.641666666667,"United Kingdom",109.175,62,206.564583333333,"3","Potential / Occasional","No"
14117,19.1180555555556,7,1632.51,570,58,2.57620689655172,222.396527777778,"United Kingdom",233.215714285714,81.4285714285714,33.8797453703704,"4","Loyal Customers","No"
14118,48.0402777777778,3,211.28,67,7,3.40714285714286,226.047916666667,"United Kingdom",70.4266666666667,22.3333333333333,89.0038194444444,"3","Potential / Occasional","No"
14119,17.5923611111111,2,345.08,72,6,3.62833333333333,135.0125,"United Kingdom",172.54,36,117.420138888889,"3","Potential / Occasional","No"
14120,108.891666666667,4,1535.96,364,34,4.41457142857143,325.686805555556,"United Kingdom",383.99,91,72.2650462962963,"4","Loyal Customers","No"
14121,196.543055555556,1,262.77,61,11,3.91272727272727,196.543055555556,"United Kingdom",262.77,61,196.543055555556,"3","Potential / Occasional","No"
14122,18.9798611111111,1,460.29,85,6,3.01166666666667,18.9798611111111,"United Kingdom",460.29,85,18.9798611111111,"3","Potential / Occasional","No"
14123,16.1652777777778,11,3180.21,792,75,4.06415584415584,329.832638888889,"United Kingdom",289.11,72,31.3667361111111,"4","Loyal Customers","No"
14124,13.5152777777778,17,201996.33,77212,287,3.15480519480519,297.361805555556,"United Kingdom",11882.1370588235,4541.88235294118,17.7404079861111,"2","Champions / High-Value","Yes"
14125,68.7076388888889,3,262.4,76,13,3.85384615384615,332.494444444444,"United Kingdom",87.4666666666667,25.3333333333333,131.893402777778,"3","Potential / Occasional","No"
14126,29.6833333333333,4,324.7,112,19,3.38,115.203472222222,"United Kingdom",81.175,28,28.506712962963,"3","Potential / Occasional","No"
14127,62.8465277777778,5,1082.39,315,31,3.27516129032258,183.921527777778,"United Kingdom",216.478,63,30.26875,"4","Loyal Customers","No"
14128,21.4416666666667,17,11508.68,3376,321,3.58681034482759,338.532638888889,"Germany",676.981176470588,198.588235294118,19.8181857638889,"2","Champions / High-Value","Yes"
14129,51.3381944444444,5,525.53,285,27,2.45555555555556,344.659027777778,"United Kingdom",105.106,57,73.3302083333333,"4","Loyal Customers","No"
14130,50.9451388888889,4,593.56,152,22,4.40772727272727,148.824305555556,"United Kingdom",148.39,38,32.6263888888889,"3","Potential / Occasional","No"
14131,16.0527777777778,6,1195.24,360,45,3.79739130434783,214.308333333333,"United Kingdom",199.206666666667,60,39.6511111111111,"4","Loyal Customers","No"
14132,17.4701388888889,6,609.39,162,21,4.01285714285714,240.964583333333,"France",101.565,27,44.6988888888889,"3","Potential / Occasional","No"
14133,78.6902777777778,3,157.6,72,12,2.47666666666667,291.027083333333,"United Kingdom",52.5333333333333,24,106.168402777778,"3","Potential / Occasional","No"
14134,75.6673611111111,4,1132.88,319,28,3.69642857142857,234.930555555556,"United Kingdom",283.22,79.75,53.0877314814815,"4","Loyal Customers","No"
14135,42.6138888888889,2,68.38,22,5,2.766,88.9770833333333,"United Kingdom",34.19,11,46.3631944444445,"1","At-Risk / Dormant","No"
14136,2.38541666666667,7,2637.73,957,97,3.36543689320388,254.653472222222,"Netherlands",376.818571428571,136.714285714286,42.0446759259259,"4","Loyal Customers","No"
14137,187.41875,2,415.26,83,12,4.8225,226.300694444444,"United Kingdom",207.63,41.5,38.8819444444445,"3","Potential / Occasional","No"
14138,21.8972222222222,2,321.35,109,9,4.06333333333333,102.128472222222,"United Kingdom",160.675,54.5,80.23125,"3","Potential / Occasional","No"
14139,89.1180555555556,2,192,106,9,2.041,103.852777777778,"United Kingdom",96,53,14.7347222222222,"3","Potential / Occasional","No"
14140,101.472222222222,3,538.46,212,20,3.1935,323.321527777778,"United Kingdom",179.486666666667,70.6666666666667,110.924652777778,"3","Potential / Occasional","No"
14141,72.7638888888889,3,125.12,67,5,1.922,275.645138888889,"United Kingdom",41.7066666666667,22.3333333333333,101.440625,"3","Potential / Occasional","No"
14142,25.9076388888889,6,1628.38,373,39,4.95307692307692,300.684027777778,"United Kingdom",271.396666666667,62.1666666666667,54.9552777777778,"4","Loyal Customers","No"
14143,10.8604166666667,4,661.09,228,24,3.73375,334.060416666667,"United Kingdom",165.2725,57,107.733333333333,"4","Loyal Customers","No"
14144,11.3479166666667,12,5002.19,1778,198,3.04414285714286,289.208333333333,"United Kingdom",416.849166666667,148.166666666667,25.2600378787879,"2","Champions / High-Value","Yes"
14145,147.980555555556,1,49.27,11,2,5.795,147.980555555556,"United Kingdom",49.27,11,147.980555555556,"1","At-Risk / Dormant","No"
14146,10.4569444444444,1,94.31,23,3,4.03666666666667,10.4569444444444,"United Kingdom",94.31,23,10.4569444444444,"1","At-Risk / Dormant","No"
14147,104.393055555556,4,644.13,181,20,5.1505,238.686805555556,"United Kingdom",161.0325,45.25,44.7645833333333,"3","Potential / Occasional","No"
14148,165.197222222222,1,133.17,38,6,3.60166666666667,165.197222222222,"United Kingdom",133.17,38,165.197222222222,"3","Potential / Occasional","No"
14149,24.5597222222222,23,23979.92,7741,770,3.27649517684887,351.736111111111,"United Kingdom",1042.6052173913,336.565217391304,14.871654040404,"2","Champions / High-Value","Yes"
14150,12.2701388888889,3,267.16,87,14,3.11533333333333,248.928472222222,"United Kingdom",89.0533333333333,29,118.329166666667,"3","Potential / Occasional","No"
14151,44.7819444444444,3,575.09,221,17,3.80411764705882,176.777083333333,"France",191.696666666667,73.6666666666667,65.9975694444445,"3","Potential / Occasional","No"
14152,252.295138888889,1,44.27,20,5,2.216,252.295138888889,"United Kingdom",44.27,20,252.295138888889,"1","At-Risk / Dormant","No"
14153,11.2888888888889,9,4740.64,1416,134,3.49654676258993,313.909722222222,"United Kingdom",526.737777777778,157.333333333333,37.8276041666667,"2","Champions / High-Value","Yes"
14154,5.45763888888889,6,300.09,142,21,2.92095238095238,182.815277777778,"United Kingdom",50.015,23.6666666666667,35.4715277777778,"3","Potential / Occasional","No"
14156,11.4138888888889,7,782.74,234,32,2.58,316.453472222222,"United Kingdom",111.82,33.4285714285714,50.8399305555556,"4","Loyal Customers","No"
14157,39.1048611111111,4,904.81,190,23,3.82652173913043,287.831944444444,"United Kingdom",226.2025,47.5,82.9090277777778,"4","Loyal Customers","No"
14158,215.400694444444,2,481.52,183,15,2.29333333333333,255.604166666667,"Spain",240.76,91.5,40.2034722222222,"3","Potential / Occasional","No"
14159,21.0138888888889,24,29821.37,9689,799,3.22027944111776,361.795833333333,"France",1242.55708333333,403.708333333333,14.8166062801932,"2","Champions / High-Value","Yes"
14160,89.1840277777778,3,203.27,83,10,2.469,225.71875,"United Kingdom",67.7566666666667,27.6666666666667,68.2673611111111,"3","Potential / Occasional","No"
14161,86.6381944444445,5,946.91,455,34,2.67794117647059,330.001388888889,"United Kingdom",189.382,91,60.8407986111111,"4","Loyal Customers","No"
14162,59.6930555555556,2,97.19,42,6,2.39666666666667,207.030555555556,"United Kingdom",48.595,21,147.3375,"1","At-Risk / Dormant","No"
14163,23.3756944444444,5,423.21,127,16,3.343125,294.645138888889,"United Kingdom",84.642,25.4,67.8173611111111,"3","Potential / Occasional","No"
14164,31.6027777777778,6,2218.32,569,89,3.57217391304348,272.664583333333,"United Kingdom",369.72,94.8333333333333,48.2123611111111,"4","Loyal Customers","No"
14165,4.39791666666667,3,174.21,67,6,4.00166666666667,209.452083333333,"United Kingdom",58.07,22.3333333333333,102.527083333333,"3","Potential / Occasional","No"
14166,62.7020833333333,9,5603.56,1971,195,2.93921568627451,286.010416666667,"United Kingdom",622.617777777778,219,27.9135416666667,"2","Champions / High-Value","Yes"
14167,145.532638888889,1,295.71,145,10,3.312,145.532638888889,"United Kingdom",295.71,145,145.532638888889,"3","Potential / Occasional","No"
14168,9.55902777777778,2,175.49,42,7,4.43,292.429166666667,"EIRE",87.745,21,282.870138888889,"3","Potential / Occasional","No"
14169,157.947222222222,1,293,135,14,2.96857142857143,157.947222222222,"United Kingdom",293,135,157.947222222222,"3","Potential / Occasional","No"
14170,42.1958333333333,1,111.44,54,3,2.53333333333333,42.1958333333333,"United Kingdom",111.44,54,42.1958333333333,"1","At-Risk / Dormant","No"
14171,19.8826388888889,8,2529.13,637,65,3.76257575757576,280.553472222222,"United Kingdom",316.14125,79.625,37.2386904761905,"4","Loyal Customers","No"
14172,6.87916666666667,27,33246.83,10454,862,3.235189289012,340.690972222222,"Germany",1231.36407407407,387.185185185185,12.8389155982906,"2","Champions / High-Value","Yes"
14173,38.2458333333333,4,501.08,279,31,2.30375,319.660416666667,"United Kingdom",125.27,69.75,93.8048611111111,"4","Loyal Customers","No"
14174,39.3826388888889,3,1206.2,336,36,3.45583333333333,190.116666666667,"United Kingdom",402.066666666667,112,75.3670138888889,"4","Loyal Customers","No"
14175,3.73680555555556,25,29897.23,9415,830,3.19945023696682,278.924305555556,"Germany",1195.8892,376.6,11.4661458333333,"2","Champions / High-Value","Yes"
14176,47.4652777777778,4,524.54,252,25,2.9056,338.472916666667,"United Kingdom",131.135,63,97.0025462962963,"3","Potential / Occasional","No"
14177,11.58125,13,5847.32,1797,188,3.39374358974359,317.211805555556,"United Kingdom",449.793846153846,138.230769230769,25.469212962963,"2","Champions / High-Value","Yes"
14178,181.3375,1,5.2,5,1,1.04,181.3375,"United Kingdom",5.2,5,181.3375,"1","At-Risk / Dormant","No"
14179,5.63402777777778,6,2746.66,920,73,3.00773333333333,279.086805555556,"United Kingdom",457.776666666667,153.333333333333,54.6905555555556,"4","Loyal Customers","No"
14180,91.0770833333333,3,335.87,124,20,2.58,235.282638888889,"United Kingdom",111.956666666667,41.3333333333333,72.1027777777778,"3","Potential / Occasional","No"
14181,3.9375,30,39340.64,11949,927,3.36994970662196,286.505555555556,"United Kingdom",1311.35466666667,398.3,9.74372605363985,"2","Champions / High-Value","Yes"
14182,38.9652777777778,6,1738.2,568,44,3.64804347826087,283.402777777778,"United Kingdom",289.7,94.6666666666667,48.8875,"4","Loyal Customers","No"
14183,60.7125,3,157.87,38,8,3.6025,238.652777777778,"United Kingdom",52.6233333333333,12.6666666666667,88.9701388888889,"1","At-Risk / Dormant","No"
14184,88.5229166666667,7,2687.98,1044,109,2.99683760683761,245.468055555556,"United Kingdom",383.997142857143,149.142857142857,26.1575231481481,"4","Loyal Customers","No"
14185,55.8993055555556,4,671.72,181,17,4.52529411764706,362.477777777778,"United Kingdom",167.93,45.25,102.192824074074,"3","Potential / Occasional","No"
14186,34.9395833333333,7,1110,279,44,4.45363636363636,188.290972222222,"United Kingdom",158.571428571429,39.8571428571429,25.5585648148148,"4","Loyal Customers","No"
14187,8.66180555555556,4,671.6,207,20,2.407,150.674305555556,"United Kingdom",167.9,51.75,47.3375,"4","Loyal Customers","No"
14188,18.0930555555556,9,2844.66,587,86,4.02043956043956,257.195833333333,"Finland",316.073333333333,65.2222222222222,29.8878472222222,"4","Loyal Customers","No"
14189,235.510416666667,1,382.08,108,7,4.64,235.510416666667,"United Kingdom",382.08,108,235.510416666667,"3","Potential / Occasional","No"
14190,41.0715277777778,3,571.44,257,20,2.62,272.925694444444,"United Kingdom",190.48,85.6666666666667,115.927083333333,"3","Potential / Occasional","No"
14191,229.209027777778,1,135.47,35,5,3.046,229.209027777778,"United Kingdom",135.47,35,229.209027777778,"3","Potential / Occasional","No"
14192,55.1756944444444,17,14699.79,4682,451,3.32409615384615,337.305555555556,"United Kingdom",864.693529411765,275.411764705882,17.6331163194444,"2","Champions / High-Value","Yes"
14193,48.1131944444444,6,1965.93,473,53,4.34537037037037,300.495138888889,"United Kingdom",327.655,78.8333333333333,50.4763888888889,"4","Loyal Customers","No"
14194,45.0729166666667,3,280.43,107,10,3.869,106.596527777778,"United Kingdom",93.4766666666667,35.6666666666667,30.7618055555556,"3","Potential / Occasional","No"
14195,161.613194444444,9,2139.83,604,74,3.4964,264.9,"United Kingdom",237.758888888889,67.1111111111111,12.9108506944444,"4","Loyal Customers","No"
14196,16.3368055555556,2,1145.8,160,13,4.31538461538462,267.254166666667,"United Kingdom",572.9,80,250.917361111111,"4","Loyal Customers","No"
14197,37.7756944444444,8,4513.45,1353,121,3.54370967741935,228.195138888889,"United Kingdom",564.18125,169.125,27.2027777777778,"2","Champions / High-Value","Yes"
14198,101.280555555556,2,263.79,99,10,2.399,297.114583333333,"United Kingdom",131.895,49.5,195.834027777778,"3","Potential / Occasional","No"
14199,122.215277777778,2,1109.18,164,8,4.1575,203.749305555556,"United Kingdom",554.59,82,81.5340277777778,"3","Potential / Occasional","No"
14200,6.77708333333333,4,1117.47,338,26,3.7937037037037,218.595138888889,"United Kingdom",279.3675,84.5,70.6060185185185,"4","Loyal Customers","No"
14201,80.5770833333333,3,998.52,369,30,2.739,219.401388888889,"United Kingdom",332.84,123,69.4121527777778,"4","Loyal Customers","No"
14202,78.0472222222222,4,359.89,123,17,4.40823529411765,255.602777777778,"United Kingdom",89.9725,30.75,59.1851851851852,"3","Potential / Occasional","No"
14203,30.1090277777778,1,83.34,11,2,6.39,30.1090277777778,"United Kingdom",83.34,11,30.1090277777778,"1","At-Risk / Dormant","No"
14204,13.4791666666667,18,13650.18,4260,395,3.51904231625835,322.4125,"United Kingdom",758.343333333333,236.666666666667,18.1725490196078,"2","Champions / High-Value","Yes"
14205,87.6381944444445,4,568.47,163,15,4.32,219.377777777778,"United Kingdom",142.1175,40.75,43.9131944444444,"3","Potential / Occasional","No"
14206,198.955555555556,3,506.52,187,19,2.91105263157895,240.79375,"United Kingdom",168.84,62.3333333333333,20.9190972222222,"3","Potential / Occasional","No"
14207,21.5888888888889,5,737.65,223,33,3.09575757575758,326.836111111111,"United Kingdom",147.53,44.6,76.3118055555556,"4","Loyal Customers","No"
14208,31.4659722222222,2,233.02,142,11,2.59636363636364,146.200694444444,"United Kingdom",116.51,71,114.734722222222,"3","Potential / Occasional","No"
14209,3.08194444444444,24,18025.78,5747,504,3.12084033613445,307.240972222222,"United Kingdom",751.074166666667,239.458333333333,13.2243055555556,"2","Champions / High-Value","Yes"
14210,66.54375,6,1209.7,287,31,4.18483870967742,196.115277777778,"United Kingdom",201.616666666667,47.8333333333333,25.9143055555556,"4","Loyal Customers","No"
14211,53.6354166666667,5,492.49,281,32,2.1346875,325.983333333333,"United Kingdom",98.498,56.2,68.0869791666667,"3","Potential / Occasional","No"
14212,11.8652777777778,2,269.62,113,18,2.46222222222222,181.377083333333,"United Kingdom",134.81,56.5,169.511805555556,"3","Potential / Occasional","No"
14213,17.4833333333333,17,14173.47,4633,437,3.47524096385542,282.994444444444,"United Kingdom",833.733529411765,272.529411764706,16.5944444444444,"2","Champions / High-Value","Yes"
14214,53.7111111111111,2,193.04,75,12,2.18615384615385,102.7125,"United Kingdom",96.52,37.5,49.0013888888889,"3","Potential / Occasional","No"
14215,8.3625,9,3144.04,741,82,3.89802325581395,288.1625,"Italy",349.337777777778,82.3333333333333,34.975,"4","Loyal Customers","No"
14216,82.6625,14,5082.33,1691,174,3.27294117647059,301.590972222222,"United Kingdom",363.023571428571,120.785714285714,16.8406517094017,"2","Champions / High-Value","Yes"
14217,17.3736111111111,4,1198.47,232,22,4.18409090909091,346.291666666667,"United Kingdom",299.6175,58,109.639351851852,"4","Loyal Customers","No"
14218,4.51180555555556,14,10869.57,2655,281,4.03632786885246,352.904166666667,"United Kingdom",776.397857142857,189.642857142857,26.7994123931624,"2","Champions / High-Value","Yes"
14219,16.1569444444444,3,1145.7,226,26,5.37884615384615,247.4125,"Australia",381.9,75.3333333333333,115.627777777778,"4","Loyal Customers","No"
14220,239.167361111111,1,18.55,7,1,2.65,239.167361111111,"United Kingdom",18.55,7,239.167361111111,"1","At-Risk / Dormant","No"
14221,5.71805555555556,27,20755.1,7259,660,3.10524752475248,272.365972222222,"United Kingdom",768.707407407407,268.851851851852,10.2556891025641,"2","Champions / High-Value","Yes"
14222,57.5201388888889,1,237.6,10,1,23.76,57.5201388888889,"United Kingdom",237.6,10,57.5201388888889,"1","At-Risk / Dormant","No"
14223,15.0861111111111,1,72.86,19,3,3.85,15.0861111111111,"United Kingdom",72.86,19,15.0861111111111,"1","At-Risk / Dormant","No"
14224,50.9090277777778,6,1229.8,431,45,3.29173913043478,200.710416666667,"United Kingdom",204.966666666667,71.8333333333333,29.9602777777778,"4","Loyal Customers","No"
14225,4.41527777777778,12,4999.3,1244,114,3.51905982905983,342.39375,"United Kingdom",416.608333333333,103.666666666667,30.7253156565657,"2","Champions / High-Value","Yes"
14226,252.870138888889,1,198.28,77,7,2.77428571428571,252.870138888889,"United Kingdom",198.28,77,252.870138888889,"3","Potential / Occasional","No"
14227,277.390972222222,1,15.87,21,4,1.0625,277.390972222222,"United Kingdom",15.87,21,277.390972222222,"1","At-Risk / Dormant","No"
14228,209.308333333333,2,401.55,135,17,2.92588235294118,249.141666666667,"United Kingdom",200.775,67.5,39.8333333333333,"3","Potential / Occasional","No"
14229,99.4111111111111,2,2768.88,192,19,5.916,173.838194444444,"Portugal",1384.44,96,74.4270833333333,"4","Loyal Customers","No"
14230,72.7006944444445,5,1035.78,462,49,2.5368,247.027777777778,"United Kingdom",207.156,92.4,43.5817708333333,"4","Loyal Customers","No"
14231,34.6180555555556,2,142.69,29,6,4.315,186.03125,"United Kingdom",71.345,14.5,151.413194444444,"1","At-Risk / Dormant","No"
14232,23.1784722222222,8,1989.83,756,79,3.482125,292.234722222222,"United Kingdom",248.72875,94.5,38.4366071428571,"4","Loyal Customers","No"
14233,19.7222222222222,5,518.75,284,27,2.30111111111111,295.418055555556,"Germany",103.75,56.8,68.9239583333333,"4","Loyal Customers","No"
14234,52.7083333333333,4,577.6,158,18,2.88944444444444,339.069444444444,"United Kingdom",144.4,39.5,95.4537037037037,"3","Potential / Occasional","No"
14235,227.647916666667,1,4.62,6,1,0.77,227.647916666667,"United Kingdom",4.62,6,227.647916666667,"1","At-Risk / Dormant","No"
14236,89.9736111111111,3,22.12,19,5,1.162,168.352777777778,"United Kingdom",7.37333333333333,6.33333333333333,39.1895833333333,"1","At-Risk / Dormant","No"
14237,62.5291666666667,12,6391.62,1709,170,3.39859550561798,282.786111111111,"United Kingdom",532.635,142.416666666667,20.0233585858586,"2","Champions / High-Value","Yes"
14238,21.1118055555556,5,765.72,306,27,2.57111111111111,319.585416666667,"Spain",153.144,61.2,74.6184027777778,"4","Loyal Customers","No"
14239,113.456944444444,1,47.52,20,4,2.4225,113.456944444444,"United Kingdom",47.52,20,113.456944444444,"1","At-Risk / Dormant","No"
14240,37.3701388888889,10,4163.71,1137,132,3.76283582089552,329.499305555556,"United Kingdom",416.371,113.7,32.4587962962963,"4","Loyal Customers","No"
14241,24.0041666666667,8,4172.4,843,94,3.81217821782178,168.729861111111,"EIRE",521.55,105.375,20.6750992063492,"4","Loyal Customers","No"
14242,11.1277777777778,2,405.02,154,15,3.31733333333333,30.4041666666667,"United Kingdom",202.51,77,19.2763888888889,"3","Potential / Occasional","No"
14243,15.9298611111111,21,9419.63,2724,273,3.48927835051546,331.895833333333,"United Kingdom",448.553809523809,129.714285714286,15.7982986111111,"2","Champions / High-Value","Yes"
14244,123.027083333333,4,83.54,43,7,2.14285714285714,254.264583333333,"United Kingdom",20.885,10.75,43.7458333333333,"1","At-Risk / Dormant","No"
14245,2.5125,2,67.31,30,5,1.962,271.238888888889,"United Kingdom",33.655,15,268.726388888889,"1","At-Risk / Dormant","No"
14246,15.7326388888889,9,3511.68,1115,110,2.91126126126126,364.169444444444,"United Kingdom",390.186666666667,123.888888888889,43.5546006944444,"4","Loyal Customers","No"
14247,18.3326388888889,6,1724.18,564,62,3.44483870967742,360.434722222222,"United Kingdom",287.363333333333,94,68.4204166666667,"4","Loyal Customers","No"
14248,18.45625,9,6771.12,1809,199,3.77917050691244,291.217361111111,"United Kingdom",752.346666666667,201,34.0951388888889,"2","Champions / High-Value","Yes"
14249,39.5430555555556,3,352.2,170,16,2.221875,351.3625,"United Kingdom",117.4,56.6666666666667,155.909722222222,"3","Potential / Occasional","No"
14250,14.1944444444444,25,24802.16,7343,646,3.38343434343434,347.693055555556,"United Kingdom",992.0864,293.72,13.895775462963,"2","Champions / High-Value","Yes"
14251,1.40416666666667,9,2215.67,595,51,3.19230769230769,315.042361111111,"United Kingdom",246.185555555556,66.1111111111111,39.2047743055556,"4","Loyal Customers","No"
14252,14.29375,17,11925.31,3484,331,3.18334269662921,271.551388888889,"United Kingdom",701.488823529412,204.941176470588,16.0786024305556,"2","Champions / High-Value","Yes"
14253,12.8791666666667,1,86.65,39,7,2.81714285714286,12.8791666666667,"United Kingdom",86.65,39,12.8791666666667,"1","At-Risk / Dormant","No"
14254,112.288888888889,5,669.93,267,26,2.93481481481481,349.976388888889,"United Kingdom",133.986,53.4,59.421875,"3","Potential / Occasional","No"
14255,9.31319444444444,7,2716.72,1157,89,2.6041935483871,265.536805555556,"United Kingdom",388.102857142857,165.285714285714,42.7039351851852,"4","Loyal Customers","No"
14256,26.6444444444444,3,355.33,96,14,3.50285714285714,147.413194444444,"United Kingdom",118.443333333333,32,60.384375,"3","Potential / Occasional","No"
14257,7.97708333333333,4,452.12,168,20,3.328,346.638888888889,"United Kingdom",113.03,42,112.887268518519,"4","Loyal Customers","No"
14258,72.8805555555556,3,972.53,328,31,3.91875,279.460416666667,"United Kingdom",324.176666666667,109.333333333333,103.289930555556,"4","Loyal Customers","No"
14259,10.2708333333333,4,457.82,247,24,1.9,262.947916666667,"United Kingdom",114.455,61.75,84.2256944444444,"4","Loyal Customers","No"
14260,17.6430555555556,10,3084.52,1293,127,3.22789473684211,309.4125,"United Kingdom",308.452,129.3,32.4188271604938,"4","Loyal Customers","No"
14261,2.20277777777778,30,36610,11471,935,3.17961632653061,368.072222222222,"United Kingdom",1220.33333333333,382.366666666667,12.6161877394636,"2","Champions / High-Value","Yes"
14262,59.88125,8,219484.15,75222,99,3.42633663366337,354.4875,"United Kingdom",27435.51875,9402.75,42.0866071428571,"2","Champions / High-Value","Yes"
14263,11.8715277777778,5,629.95,219,27,3.65111111111111,364.046527777778,"United Kingdom",125.99,43.8,88.04375,"4","Loyal Customers","No"
14264,2.34444444444444,10,1924.48,743,80,2.77162790697674,303.415972222222,"United Kingdom",192.448,74.3,33.4523919753086,"4","Loyal Customers","No"
14265,65.3645833333333,7,1024.22,416,41,2.78285714285714,307.54375,"Netherlands",146.317142857143,59.4285714285714,40.3631944444444,"4","Loyal Customers","No"
14266,7.81041666666667,13,7447.29,2311,235,3.23507692307692,352.681944444444,"United Kingdom",572.868461538462,177.769230769231,28.7392939814815,"2","Champions / High-Value","Yes"
14267,17.9666666666667,7,1759.5,396,47,4.291875,281.338194444444,"Germany",251.357142857143,56.5714285714286,43.8952546296296,"4","Loyal Customers","No"
14268,27.4958333333333,7,2319.59,471,55,3.83339285714286,350.540972222222,"United Kingdom",331.37,67.2857142857143,53.8408564814815,"4","Loyal Customers","No"
14269,6.89722222222222,7,455.18,304,25,1.7348,302.313194444444,"United Kingdom",65.0257142857143,43.4285714285714,49.2359953703704,"4","Loyal Customers","No"
14270,66.2506944444444,1,6.79,7,1,0.97,66.2506944444444,"United Kingdom",6.79,7,66.2506944444444,"1","At-Risk / Dormant","No"
14271,66.9819444444445,4,1890.43,378,34,3.99647058823529,278.366666666667,"United Kingdom",472.6075,94.5,70.4615740740741,"4","Loyal Customers","No"
14272,35.2631944444444,3,408.57,148,11,2.70454545454545,318.740277777778,"United Kingdom",136.19,49.3333333333333,141.738541666667,"3","Potential / Occasional","No"
14273,16.5861111111111,4,899.9,192,21,4.21782608695652,267.128472222222,"United Kingdom",224.975,48,83.5141203703704,"4","Loyal Customers","No"
14274,4.86041666666667,7,2460.24,561,55,2.85018181818182,286.484027777778,"United Kingdom",351.462857142857,80.1428571428571,46.9372685185185,"4","Loyal Customers","No"
14275,20.0027777777778,28,35788.66,10748,922,3.26365284974093,338.432638888889,"United Kingdom",1278.16642857143,383.857142857143,11.7936985596708,"2","Champions / High-Value","Yes"
14276,19.2479166666667,15,8268.98,2327,226,3.40572016460905,339.138888888889,"United Kingdom",551.265333333333,155.133333333333,22.8493551587302,"2","Champions / High-Value","Yes"
14277,229.195833333333,1,140.41,47,7,3.50375,229.195833333333,"United Kingdom",140.41,47,229.195833333333,"3","Potential / Occasional","No"
14278,46.4638888888889,4,698.52,173,21,3.29809523809524,203.534027777778,"United Kingdom",174.63,43.25,52.356712962963,"3","Potential / Occasional","No"
14279,23.7263888888889,8,1146.36,489,47,2.21142857142857,360.570138888889,"United Kingdom",143.295,61.125,48.1205357142857,"4","Loyal Customers","No"
14280,82.9069444444444,4,477.79,244,10,1.67,322.759027777778,"United Kingdom",119.4475,61,79.9506944444444,"3","Potential / Occasional","No"
14281,11.3034722222222,5,469.8,146,25,3.3088,266.19375,"United Kingdom",93.96,29.2,63.7225694444445,"3","Potential / Occasional","No"
14282,263.741666666667,1,97.96,22,4,3.3125,263.741666666667,"United Kingdom",97.96,22,263.741666666667,"1","At-Risk / Dormant","No"
14283,19.4993055555556,7,3158.92,853,80,4.36607142857143,297.457638888889,"United Kingdom",451.274285714286,121.857142857143,46.3263888888889,"4","Loyal Customers","No"
14284,4.15833333333333,4,341.54,152,19,2.4625,330.034722222222,"United Kingdom",85.385,38,108.625462962963,"4","Loyal Customers","No"
14285,18.4347222222222,2,181.13,75,10,2.846,347.0875,"United Kingdom",90.565,37.5,328.652777777778,"3","Potential / Occasional","No"
14286,4.54444444444444,20,13061.29,3936,390,3.32293706293706,330.111111111111,"United Kingdom",653.0645,196.8,17.1350877192982,"2","Champions / High-Value","Yes"
14287,155.722916666667,1,31.47,8,2,3.305,155.722916666667,"Australia",31.47,8,155.722916666667,"1","At-Risk / Dormant","No"
14288,55.3347222222222,3,121.16,68,11,1.80636363636364,192.277777777778,"France",40.3866666666667,22.6666666666667,68.4715277777778,"3","Potential / Occasional","No"
14289,183.2125,5,565.14,262,32,3.17625,360.963888888889,"United Kingdom",113.028,52.4,44.4378472222222,"3","Potential / Occasional","No"
14290,26.9097222222222,6,1310.04,382,43,3.82255813953488,353.81875,"United Kingdom",218.34,63.6666666666667,65.3818055555556,"4","Loyal Customers","No"
14291,58.5944444444444,2,313.29,131,9,2.14333333333333,62.5076388888889,"United Kingdom",156.645,65.5,3.91319444444445,"3","Potential / Occasional","No"
14292,154.608333333333,2,258.81,97,13,2.64461538461538,361.908333333333,"United Kingdom",129.405,48.5,207.3,"3","Potential / Occasional","No"
14293,35.8215277777778,11,3506.15,1087,137,3.25468085106383,352.30625,"United Kingdom",318.740909090909,98.8181818181818,31.6484722222222,"4","Loyal Customers","No"
14294,52.7784722222222,10,3085.42,756,65,3.54820895522388,314.798611111111,"United Kingdom",308.542,75.6,29.1133487654321,"4","Loyal Customers","No"
14295,225.026388888889,1,19.17,7,2,2.49,225.026388888889,"United Kingdom",19.17,7,225.026388888889,"1","At-Risk / Dormant","No"
14296,7.24722222222222,2,218.7,168,6,2.83166666666667,177.850694444444,"Switzerland",109.35,84,170.603472222222,"3","Potential / Occasional","No"
14297,96.8590277777778,1,37.37,7,2,4.82,96.8590277777778,"United Kingdom",37.37,7,96.8590277777778,"1","At-Risk / Dormant","No"
14298,13.1902777777778,2,225.43,97,10,3.257,146.413194444444,"United Kingdom",112.715,48.5,133.222916666667,"3","Potential / Occasional","No"
14299,85.0104166666667,4,312.4,66,13,3.86307692307692,226.252083333333,"Belgium",78.1,16.5,47.0805555555556,"3","Potential / Occasional","No"
14300,2.82083333333333,9,2405.48,898,88,2.76415730337079,327.9125,"United Kingdom",267.275555555556,99.7777777777778,40.6364583333333,"4","Loyal Customers","No"
14301,3.73333333333333,22,26130.02,8354,699,3.21078612716763,343.6625,"United Kingdom",1187.72818181818,379.727272727273,16.1871031746032,"2","Champions / High-Value","Yes"
14302,92.8902777777778,5,1011.42,266,29,4.40172413793103,200.284722222222,"United Kingdom",202.284,53.2,26.8486111111111,"3","Potential / Occasional","No"
14303,158.227083333333,2,548.61,154,9,3.23333333333333,291.542361111111,"United Kingdom",274.305,77,133.315277777778,"3","Potential / Occasional","No"
14304,2.36180555555556,6,2838.29,615,83,3.5102380952381,320.505555555556,"United Kingdom",473.048333333333,102.5,63.62875,"4","Loyal Customers","No"
14305,7.12291666666667,14,7197.85,2016,208,3.88160714285714,297.613194444444,"United Kingdom",514.132142857143,144,22.345405982906,"2","Champions / High-Value","Yes"
14306,125.536805555556,1,20.94,10,3,2.01333333333333,125.536805555556,"United Kingdom",20.94,10,125.536805555556,"1","At-Risk / Dormant","No"
14307,50.6125,5,1493.95,474,59,3.39271186440678,351.313194444444,"United Kingdom",298.79,94.8,75.1751736111111,"4","Loyal Customers","No"
14308,29.9909722222222,10,3728.04,1119,126,3.06176923076923,284.563194444444,"United Kingdom",372.804,111.9,28.2858024691358,"4","Loyal Customers","No"
14309,66.2819444444444,8,2142.18,632,67,3.10927536231884,363.251388888889,"United Kingdom",267.7725,79,42.4242063492064,"4","Loyal Customers","No"
14310,115.234027777778,2,146.27,43,8,3.44875,322.55,"United Kingdom",73.135,21.5,207.315972222222,"3","Potential / Occasional","No"
14311,116.677777777778,1,628.26,82,7,8.39285714285714,116.677777777778,"United Kingdom",628.26,82,116.677777777778,"3","Potential / Occasional","No"
14312,30.0826388888889,14,6658.62,2042,202,3.41668161434978,352.795833333333,"France",475.615714285714,145.857142857143,24.8240918803419,"2","Champions / High-Value","Yes"
14313,30.1277777777778,4,509.32,249,18,2.83166666666667,159.018055555556,"United Kingdom",127.33,62.25,42.9634259259259,"3","Potential / Occasional","No"
14314,16.7534722222222,8,3707.07,755,63,4.11030769230769,333.768055555556,"United Kingdom",463.38375,94.375,45.2877976190476,"4","Loyal Customers","No"
14315,8.71111111111111,10,3730.57,1114,100,3.54114285714286,223.302083333333,"United Kingdom",373.057,111.4,23.8434413580247,"4","Loyal Customers","No"
14316,24.7840277777778,4,289.88,121,15,2.654,289.539583333333,"United Kingdom",72.47,30.25,88.2518518518518,"3","Potential / Occasional","No"
14317,28.0979166666667,4,360.01,109,13,2.17384615384615,352.002777777778,"United Kingdom",90.0025,27.25,107.968287037037,"3","Potential / Occasional","No"
14318,84.4465277777778,2,104.49,43,7,2.16142857142857,183.418055555556,"United Kingdom",52.245,21.5,98.9715277777778,"1","At-Risk / Dormant","No"
14319,2.39236111111111,19,17535.13,5312,500,3.22242268041237,344.725694444444,"United Kingdom",922.901578947368,279.578947368421,19.0185185185185,"2","Champions / High-Value","Yes"
14320,57.5430555555556,6,535.15,188,24,3.73208333333333,348.882638888889,"United Kingdom",89.1916666666667,31.3333333333333,58.2679166666667,"3","Potential / Occasional","No"
14321,10.7319444444444,1,60.42,15,3,4.19,10.7319444444444,"Germany",60.42,15,10.7319444444444,"1","At-Risk / Dormant","No"
14322,60.9430555555556,2,328.49,64,11,4.29,82.9972222222222,"Germany",164.245,32,22.0541666666667,"3","Potential / Occasional","No"
14323,97.6569444444444,2,470.56,121,14,5.54214285714286,251.993055555556,"United Kingdom",235.28,60.5,154.336111111111,"3","Potential / Occasional","No"
14324,245.824305555556,1,344.44,46,2,4.295,245.824305555556,"United Kingdom",344.44,46,245.824305555556,"3","Potential / Occasional","No"
14325,192.022916666667,2,440.66,53,7,7.04285714285714,202.295138888889,"United Kingdom",220.33,26.5,10.2722222222222,"3","Potential / Occasional","No"
14326,111.961111111111,1,127.85,29,4,4.3475,111.961111111111,"United Kingdom",127.85,29,111.961111111111,"1","At-Risk / Dormant","No"
14327,60.6388888888889,7,1535.26,606,80,2.72765432098765,320.702777777778,"United Kingdom",219.322857142857,86.5714285714286,43.3439814814815,"4","Loyal Customers","No"
14328,10.2340277777778,4,451.34,180,25,2.73923076923077,334.769444444444,"United Kingdom",112.835,45,108.178472222222,"4","Loyal Customers","No"
14329,20.7284722222222,6,1742.93,518,49,3.185,307.786111111111,"United Kingdom",290.488333333333,86.3333333333333,57.4115277777778,"4","Loyal Customers","No"
14330,149.901388888889,2,887.39,278,25,3.37192307692308,297.494444444444,"United Kingdom",443.695,139,147.593055555556,"3","Potential / Occasional","No"
14331,70.3333333333333,13,7712.08,1737,163,3.53576470588235,359.28125,"United Kingdom",593.236923076923,133.615384615385,24.0789930555556,"2","Champions / High-Value","Yes"
14332,2.80694444444444,4,275.79,90,14,3.04,272.503472222222,"United Kingdom",68.9475,22.5,89.8988425925926,"3","Potential / Occasional","No"
14333,113.01875,3,294.22,132,12,3.1925,256.851388888889,"United Kingdom",98.0733333333333,44,71.9163194444444,"3","Potential / Occasional","No"
14334,11.0368055555556,8,1729.74,594,71,3.27888888888889,288.565972222222,"United Kingdom",216.2175,74.25,39.6470238095238,"4","Loyal Customers","No"
14335,84.5354166666667,10,3204.62,1098,131,3.12149253731343,329.154166666667,"United Kingdom",320.462,109.8,27.1798611111111,"4","Loyal Customers","No"
14336,28.6270833333333,7,1042.3,134,18,5.25333333333333,369.107638888889,"United Kingdom",148.9,19.1428571428571,56.7467592592593,"4","Loyal Customers","No"
14337,13.8888888888889,5,2246.26,628,54,2.87709090909091,246.784027777778,"United Kingdom",449.252,125.6,58.2237847222222,"4","Loyal Customers","No"
14338,17.5402777777778,1,7.13,13,2,0.545,17.5402777777778,"United Kingdom",7.13,13,17.5402777777778,"1","At-Risk / Dormant","No"
14339,59.2041666666667,1,56,51,2,1.41,59.2041666666667,"United Kingdom",56,51,59.2041666666667,"1","At-Risk / Dormant","No"
14340,103.367361111111,6,536.07,250,23,3.24913043478261,311.472916666667,"United Kingdom",89.345,41.6666666666667,41.6211111111111,"3","Potential / Occasional","No"
14341,136.253472222222,1,270.36,131,5,1.41,136.253472222222,"United Kingdom",270.36,131,136.253472222222,"3","Potential / Occasional","No"
14342,24.7576388888889,12,5922.71,1702,168,3.59674157303371,252.632638888889,"Sweden",493.559166666667,141.833333333333,20.7159090909091,"2","Champions / High-Value","Yes"
14343,47.9055555555556,3,1368.09,325,24,3.63541666666667,249.281944444444,"United Kingdom",456.03,108.333333333333,100.688194444444,"4","Loyal Customers","No"
14344,62.8145833333333,4,374.33,127,17,2.35882352941176,222.209722222222,"United Kingdom",93.5825,31.75,53.131712962963,"3","Potential / Occasional","No"
14345,9.02986111111111,4,459.4,131,15,4.36066666666667,219.783333333333,"United Kingdom",114.85,32.75,70.2511574074074,"3","Potential / Occasional","No"
14346,74.4645833333333,5,1794.25,473,47,3.29085106382979,229.969444444444,"United Kingdom",358.85,94.6,38.8762152777778,"4","Loyal Customers","No"
14347,225.464583333333,3,696.52,150,12,3.68,327.577083333333,"United Kingdom",232.173333333333,50,51.05625,"3","Potential / Occasional","No"
14348,74.26875,6,733.65,297,41,2.29853658536585,340.164583333333,"United Kingdom",122.275,49.5,53.1791666666667,"4","Loyal Customers","No"
14349,35.6215277777778,5,1048.07,435,45,2.41978723404255,295.235416666667,"United Kingdom",209.614,87,64.9034722222222,"4","Loyal Customers","No"
14350,63.2,14,5972.02,1928,199,3.41022727272727,269.445833333333,"United Kingdom",426.572857142857,137.714285714286,15.8650641025641,"2","Champions / High-Value","Yes"
14351,18.6743055555556,3,283.88,92,14,2.77928571428571,360.226388888889,"United Kingdom",94.6266666666667,30.6666666666667,170.776041666667,"3","Potential / Occasional","No"
14352,229.888194444444,3,649.84,180,15,3.02533333333333,239.970138888889,"United Kingdom",216.613333333333,60,5.04097222222222,"3","Potential / Occasional","No"
14353,20.7784722222222,11,3750.3,1201,120,3.10861538461538,325.700694444444,"United Kingdom",340.936363636364,109.181818181818,30.4922222222222,"4","Loyal Customers","No"
14354,232.7875,1,72.31,25,4,3.6725,232.7875,"United Kingdom",72.31,25,232.7875,"1","At-Risk / Dormant","No"
14355,29.6020833333333,6,857,367,40,3.07878048780488,224.25625,"United Kingdom",142.833333333333,61.1666666666667,38.9308333333333,"4","Loyal Customers","No"
14356,105.06875,4,85.53,35,6,2.19833333333333,209.477777777778,"United Kingdom",21.3825,8.75,34.8030092592593,"1","At-Risk / Dormant","No"
14357,87.3791666666667,2,241.41,80,5,2.302,286.248611111111,"United Kingdom",120.705,40,198.869444444444,"3","Potential / Occasional","No"
14358,110.730555555556,3,201.8,56,10,4.012,306.234722222222,"United Kingdom",67.2666666666667,18.6666666666667,97.7520833333333,"3","Potential / Occasional","No"
14359,143.80625,1,54.11,17,3,2.54666666666667,143.80625,"United Kingdom",54.11,17,143.80625,"1","At-Risk / Dormant","No"
14360,123.827777777778,2,254.97,73,6,3.82,271.361111111111,"United Kingdom",127.485,36.5,147.533333333333,"3","Potential / Occasional","No"
14361,56.2854166666667,6,1298.31,285,27,3.46,265.925694444444,"United Kingdom",216.385,47.5,41.9280555555556,"4","Loyal Customers","No"
14362,32.4131944444444,5,1823.24,432,54,3.34293103448276,247.522916666667,"United Kingdom",364.648,86.4,53.7774305555556,"4","Loyal Customers","No"
14363,158.188194444444,1,257.8,51,4,3.0075,158.188194444444,"United Kingdom",257.8,51,158.188194444444,"3","Potential / Occasional","No"
14364,14.6875,4,723.83,273,31,2.88645161290323,324.727083333333,"United Kingdom",180.9575,68.25,103.346527777778,"4","Loyal Customers","No"
14365,209.594444444444,1,213.29,60,9,3.83444444444444,209.594444444444,"United Kingdom",213.29,60,209.594444444444,"3","Potential / Occasional","No"
14366,3.47708333333333,4,321.5,116,12,2.34583333333333,120.132638888889,"EIRE",80.375,29,38.8851851851852,"3","Potential / Occasional","No"
14367,30.7902777777778,3,410.72,96,9,5.55555555555556,107.640972222222,"United Kingdom",136.906666666667,32,38.4253472222222,"3","Potential / Occasional","No"
14368,110.973611111111,1,29.75,13,2,1.96,110.973611111111,"United Kingdom",29.75,13,110.973611111111,"1","At-Risk / Dormant","No"
14369,24.4736111111111,9,3214.32,928,88,3.25359550561798,284.045833333333,"United Kingdom",357.146666666667,103.111111111111,32.4465277777778,"4","Loyal Customers","No"
14370,44.9965277777778,2,177.58,44,8,3.87125,363.506944444444,"United Kingdom",88.79,22,318.510416666667,"3","Potential / Occasional","No"
14371,6.475,5,1606.97,351,47,3.74489361702128,338.218055555556,"United Kingdom",321.394,70.2,82.9357638888889,"4","Loyal Customers","No"
14372,58.3430555555556,3,752.83,167,27,4.98392857142857,281.135416666667,"United Kingdom",250.943333333333,55.6666666666667,111.396180555556,"3","Potential / Occasional","No"
14373,92.5986111111111,1,1.68,4,1,0.42,92.5986111111111,"United Kingdom",1.68,4,92.5986111111111,"1","At-Risk / Dormant","No"
14374,40.975,8,1756.22,568,43,3.6225,281.708333333333,"United Kingdom",219.5275,71,34.3904761904762,"4","Loyal Customers","No"
14375,89.1347222222222,3,299,79,14,3.80142857142857,235.709027777778,"United Kingdom",99.6666666666667,26.3333333333333,73.2871527777778,"3","Potential / Occasional","No"
14376,201.959027777778,3,164.21,57,9,2.42333333333333,271.644444444444,"United Kingdom",54.7366666666667,19,34.8427083333333,"3","Potential / Occasional","No"
14377,151.879861111111,1,7.3,5,1,1.46,151.879861111111,"United Kingdom",7.3,5,151.879861111111,"1","At-Risk / Dormant","No"
14378,77.8277777777778,1,196.47,52,3,2.37333333333333,77.8277777777778,"United Kingdom",196.47,52,77.8277777777778,"3","Potential / Occasional","No"
14379,11.9069444444444,15,9444.18,3271,292,3.1386119873817,330.813194444444,"United Kingdom",629.612,218.066666666667,22.7790178571429,"2","Champions / High-Value","Yes"
14380,3.37430555555556,7,1989.74,534,49,3.83816326530612,280.90625,"United Kingdom",284.248571428571,76.2857142857143,46.2553240740741,"4","Loyal Customers","No"
14381,64.3034722222222,3,604.95,141,11,2.15636363636364,146.082638888889,"Finland",201.65,47,40.8895833333333,"3","Potential / Occasional","No"
14382,1.08541666666667,2,128.56,21,3,7.34666666666667,156.222916666667,"United Kingdom",64.28,10.5,155.1375,"1","At-Risk / Dormant","No"
14383,64.8152777777778,8,2010.36,460,55,3.91054545454545,348.021527777778,"United Kingdom",251.295,57.5,40.4580357142857,"4","Loyal Customers","No"
14384,12.2361111111111,17,9083,2727,305,3.46601173020528,348.009722222222,"United Kingdom",534.294117647059,160.411764705882,20.9858506944444,"2","Champions / High-Value","Yes"
14385,82.2743055555556,1,111.24,17,4,6.28,82.2743055555556,"United Kingdom",111.24,17,82.2743055555556,"1","At-Risk / Dormant","No"
14386,12.9534722222222,8,1250.86,476,53,2.95056603773585,314.045833333333,"United Kingdom",156.3575,59.5,43.0131944444444,"4","Loyal Customers","No"
14387,74.1104166666667,2,189.38,48,5,3.77666666666667,170.479166666667,"United Kingdom",94.69,24,96.36875,"3","Potential / Occasional","No"
14388,224.831944444444,3,795.32,102,10,4.569,329.708333333333,"United Kingdom",265.106666666667,34,52.4381944444444,"3","Potential / Occasional","No"
14389,336.468055555556,1,197.59,69,5,2.188,336.468055555556,"United Kingdom",197.59,69,336.468055555556,"3","Potential / Occasional","No"
14390,274.215277777778,1,21.12,10,2,2.485,274.215277777778,"United Kingdom",21.12,10,274.215277777778,"1","At-Risk / Dormant","No"
14391,51.2729166666667,15,10253.02,3490,319,3.04335243553009,306.679166666667,"United Kingdom",683.534666666667,232.666666666667,18.2433035714286,"2","Champions / High-Value","Yes"
14392,175.626388888889,1,28.76,16,3,1.65666666666667,175.626388888889,"United Kingdom",28.76,16,175.626388888889,"1","At-Risk / Dormant","No"
14393,99.2326388888889,4,1835.73,357,25,3.6904,237.072916666667,"United Kingdom",458.9325,89.25,45.9467592592593,"4","Loyal Customers","No"
14394,196.180555555556,2,391.49,88,15,4.576,214.819444444444,"United Kingdom",195.745,44,18.6388888888889,"3","Potential / Occasional","No"
14395,70.2298611111111,3,240.66,92,12,4.23916666666667,101.397916666667,"France",80.22,30.6666666666667,15.5840277777778,"3","Potential / Occasional","No"
14396,9.23333333333333,1,133.11,67,6,2.965,9.23333333333333,"United Kingdom",133.11,67,9.23333333333333,"1","At-Risk / Dormant","No"
14397,125.079861111111,5,726.25,304,29,2.84310344827586,313.995833333333,"United Kingdom",145.25,60.8,47.2289930555556,"3","Potential / Occasional","No"
14398,10.6194444444444,7,2977.31,1192,139,3.00099290780142,202.05,"United Kingdom",425.33,170.285714285714,31.9050925925926,"2","Champions / High-Value","Yes"
14399,60.8201388888889,2,107.9,24,5,3.966,66.46875,"United Kingdom",53.95,12,5.64861111111111,"1","At-Risk / Dormant","No"
14400,152.343055555556,1,7.76,4,1,1.94,152.343055555556,"United Kingdom",7.76,4,152.343055555556,"1","At-Risk / Dormant","No"
14401,16.9708333333333,3,100.47,25,4,4.425,160.363888888889,"United Kingdom",33.49,8.33333333333333,71.6965277777778,"1","At-Risk / Dormant","No"
14402,139.942361111111,2,136.05,88,7,1.77142857142857,203.913888888889,"United Kingdom",68.025,44,63.9715277777778,"3","Potential / Occasional","No"
14403,195.393055555556,1,65.44,42,5,1.416,195.393055555556,"United Kingdom",65.44,42,195.393055555556,"1","At-Risk / Dormant","No"
14404,13.0618055555556,4,3234.62,267,19,5.51238095238095,271.936111111111,"United Kingdom",808.655,66.75,86.2914351851852,"4","Loyal Customers","No"
14405,57.0909722222222,4,585.73,265,29,1.66448275862069,175.904166666667,"United Kingdom",146.4325,66.25,39.6043981481481,"3","Potential / Occasional","No"
14406,16.6673611111111,6,1490.23,549,45,2.52733333333333,248.573611111111,"United Kingdom",248.371666666667,91.5,46.38125,"4","Loyal Customers","No"
14407,38.0986111111111,8,2009.29,564,60,3.27096774193548,342.280555555556,"United Kingdom",251.16125,70.5,43.4545634920635,"4","Loyal Customers","No"
14408,46.3381944444444,6,1456.46,427,49,3.2166,303.711805555556,"United Kingdom",242.743333333333,71.1666666666667,51.4747222222222,"4","Loyal Customers","No"
14409,28.8618055555556,12,4008.45,1135,131,3.76164179104478,314.770833333333,"United Kingdom",334.0375,94.5833333333333,25.9917297979798,"4","Loyal Customers","No"
14410,36.0118055555556,8,1427.09,581,55,3.00666666666667,299.9625,"United Kingdom",178.38625,72.625,37.7072420634921,"4","Loyal Customers","No"
14411,79.4319444444444,2,255.42,86,10,2.024,93.6652777777778,"United Kingdom",127.71,43,14.2333333333333,"3","Potential / Occasional","No"
14412,29.4590277777778,5,2085.63,712,66,3.12955223880597,339.720833333333,"United Kingdom",417.126,142.4,77.5654513888889,"4","Loyal Customers","No"
14413,21.6354166666667,6,1449.41,304,33,5.04727272727273,266.867361111111,"United Kingdom",241.568333333333,50.6666666666667,49.0463888888889,"4","Loyal Customers","No"
14414,96.2659722222222,2,437.39,89,8,3.58,146.811111111111,"United Kingdom",218.695,44.5,50.5451388888889,"3","Potential / Occasional","No"
14415,20.6625,7,2031.12,619,64,3.58738461538462,337.311111111111,"United Kingdom",290.16,88.4285714285714,52.7747685185185,"4","Loyal Customers","No"
14416,147.376388888889,1,96.3,48,6,1.98666666666667,147.376388888889,"United Kingdom",96.3,48,147.376388888889,"3","Potential / Occasional","No"
14417,12.6652777777778,5,753.93,262,24,2.8125,303.805555555556,"Germany",150.786,52.4,72.7850694444444,"4","Loyal Customers","No"
14418,43.2208333333333,5,324.43,133,14,3.27785714285714,311.020833333333,"United Kingdom",64.886,26.6,66.95,"3","Potential / Occasional","No"
14419,45.1861111111111,10,2065.81,671,104,3.10066037735849,295.407638888889,"United Kingdom",206.581,67.1,27.8023919753086,"4","Loyal Customers","No"
14420,108.236805555556,2,372.62,126,13,3.44692307692308,255.085416666667,"United Kingdom",186.31,63,146.848611111111,"3","Potential / Occasional","No"
14421,46.3451388888889,2,748.95,198,20,4.0895,327.695833333333,"United Kingdom",374.475,99,281.350694444444,"4","Loyal Customers","No"
14422,25.6798611111111,4,1543.61,246,22,3.89652173913043,344.009027777778,"United Kingdom",385.9025,61.5,106.109722222222,"4","Loyal Customers","No"
14423,87.25,4,174.03,78,7,3.30142857142857,341.329861111111,"United Kingdom",43.5075,19.5,84.693287037037,"3","Potential / Occasional","No"
14424,87.41875,3,105.2,52,10,2.497,132.895833333333,"United Kingdom",35.0666666666667,17.3333333333333,22.7385416666667,"1","At-Risk / Dormant","No"
14425,10.1375,1,6.65,5,1,1.33,10.1375,"United Kingdom",6.65,5,10.1375,"1","At-Risk / Dormant","No"
14426,7.3,17,12467.88,3944,378,3.26483412322275,310.009027777778,"United Kingdom",733.404705882353,232,18.9193142361111,"2","Champions / High-Value","Yes"
14427,9.31597222222222,16,12098.02,4086,387,3.38397701149425,333.625694444444,"United Kingdom",756.12625,255.375,21.6206481481481,"2","Champions / High-Value","Yes"
14428,39.6847222222222,10,1912.71,747,81,2.53469879518072,354.454166666667,"United Kingdom",191.271,74.7,34.9743827160494,"4","Loyal Customers","No"
14429,48.4965277777778,8,2023.05,503,53,3.63240740740741,347.530555555556,"United Kingdom",252.88125,62.875,42.7191468253968,"4","Loyal Customers","No"
14430,77.3986111111111,3,342.09,111,12,3.89666666666667,220.640972222222,"United Kingdom",114.03,37,71.6211805555556,"3","Potential / Occasional","No"
14431,38.9256944444444,6,15675.07,13288,81,3.40380952380952,198.209722222222,"United Kingdom",2612.51166666667,2214.66666666667,31.8568055555556,"2","Champions / High-Value","Yes"
14432,157.515972222222,3,1845.86,170,14,4.57785714285714,192.729861111111,"United Kingdom",615.286666666667,56.6666666666667,17.6069444444445,"3","Potential / Occasional","No"
14433,84.0125,1,55.53,18,5,3.796,84.0125,"United Kingdom",55.53,18,84.0125,"1","At-Risk / Dormant","No"
14434,32.1479166666667,5,396.41,149,27,2.90222222222222,227.948611111111,"United Kingdom",79.282,29.8,48.9501736111111,"3","Potential / Occasional","No"
14435,45.2284722222222,4,902.42,281,45,3.574,118.828472222222,"United Kingdom",225.605,70.25,24.5333333333333,"4","Loyal Customers","No"
14436,44.6881944444444,4,524.46,175,25,3.1632,249.499305555556,"United Kingdom",131.115,43.75,68.2703703703704,"3","Potential / Occasional","No"
14437,70.0923611111111,7,2597.07,683,78,3.78518987341772,327.506944444444,"United Kingdom",371.01,97.5714285714286,42.9024305555556,"4","Loyal Customers","No"
14438,38.4263888888889,10,1673.49,542,62,3.0468253968254,361.295138888889,"United Kingdom",167.349,54.2,35.8743055555556,"4","Loyal Customers","No"
14439,267.55625,1,20.29,13,2,1.585,267.55625,"United Kingdom",20.29,13,267.55625,"1","At-Risk / Dormant","No"
14440,20.78125,5,1824.44,573,67,2.71940298507463,158.784027777778,"United Kingdom",364.888,114.6,34.5006944444444,"4","Loyal Customers","No"
14441,248.095833333333,1,125.11,37,6,3.44833333333333,248.095833333333,"United Kingdom",125.11,37,248.095833333333,"3","Potential / Occasional","No"
14442,129.489583333333,3,915.96,330,35,3.32342857142857,223.535416666667,"United Kingdom",305.32,110,47.0229166666667,"4","Loyal Customers","No"
14443,11.6236111111111,3,182.06,34,5,4.332,235.570138888889,"United Kingdom",60.6866666666667,11.3333333333333,111.973263888889,"1","At-Risk / Dormant","No"
14444,112.454166666667,1,7.83,9,1,0.87,112.454166666667,"United Kingdom",7.83,9,112.454166666667,"1","At-Risk / Dormant","No"
14445,99.2652777777778,3,1386.76,187,19,3.41052631578947,342.915972222222,"United Kingdom",462.253333333333,62.3333333333333,121.825347222222,"3","Potential / Occasional","No"
14446,14.5076388888889,13,4739.99,1515,154,3.2241717791411,326.822222222222,"United Kingdom",364.614615384615,116.538461538462,26.0262152777778,"2","Champions / High-Value","Yes"
14447,33.1034722222222,2,222.62,92,9,4.41777777777778,204.899305555556,"United Kingdom",111.31,46,171.795833333333,"3","Potential / Occasional","No"
14448,297.472222222222,2,66.29,34,6,1.755,329.690972222222,"United Kingdom",33.145,17,32.21875,"1","At-Risk / Dormant","No"
14449,22.3666666666667,4,725.57,205,29,3.11241379310345,210.729166666667,"United Kingdom",181.3925,51.25,62.7875,"4","Loyal Customers","No"
14450,108.31875,4,347.06,122,20,2.7355,239.990972222222,"United Kingdom",86.765,30.5,43.8907407407407,"3","Potential / Occasional","No"
14451,20.6930555555556,5,423.48,139,17,3.65352941176471,157.725,"United Kingdom",84.696,27.8,34.2579861111111,"3","Potential / Occasional","No"
14452,241.522916666667,3,673.59,315,19,2.86157894736842,274.561111111111,"France",224.53,105,16.5190972222222,"3","Potential / Occasional","No"
14453,34.6875,7,670.87,299,31,2.77032258064516,331.747916666667,"United Kingdom",95.8385714285714,42.7142857142857,49.5100694444444,"4","Loyal Customers","No"
14454,30.2472222222222,5,561.49,234,27,3.29185185185185,264.061111111111,"United Kingdom",112.298,46.8,58.4534722222222,"4","Loyal Customers","No"
14455,130.70625,2,59.71,20,3,2.9,208.541666666667,"United Kingdom",29.855,10,77.8354166666666,"1","At-Risk / Dormant","No"
14456,64.0555555555556,6,2240.69,557,47,3.95446808510638,351.755555555556,"United Kingdom",373.448333333333,92.8333333333333,57.54,"4","Loyal Customers","No"
14457,76.4979166666667,7,3358.84,1053,113,3.06550847457627,288.697916666667,"United Kingdom",479.834285714286,150.428571428571,35.3666666666667,"4","Loyal Customers","No"
14458,22.1180555555556,6,3169.51,797,86,3.54397727272727,280.399305555556,"United Kingdom",528.251666666667,132.833333333333,51.65625,"4","Loyal Customers","No"
14459,16.7888888888889,6,665.06,258,30,2.706,119.245138888889,"United Kingdom",110.843333333333,43,20.49125,"4","Loyal Customers","No"
14460,121.259027777778,1,1068.69,105,4,9.1875,121.259027777778,"Germany",1068.69,105,121.259027777778,"3","Potential / Occasional","No"
14461,17.6423611111111,5,461,153,26,3.29384615384615,267.016666666667,"United Kingdom",92.2,30.6,62.3435763888889,"3","Potential / Occasional","No"
14462,19.91875,6,1326,362,50,2.6678431372549,312.142361111111,"United Kingdom",221,60.3333333333333,58.4447222222222,"4","Loyal Customers","No"
14463,157.857638888889,2,673,121,9,3.06444444444444,183.674305555556,"United Kingdom",336.5,60.5,25.8166666666667,"3","Potential / Occasional","No"
14464,162.085416666667,3,503.05,212,19,3.37421052631579,332.376388888889,"United Kingdom",167.683333333333,70.6666666666667,85.1454861111111,"3","Potential / Occasional","No"
14465,54.9381944444444,6,1794.01,449,37,3.76162162162162,286.34375,"United Kingdom",299.001666666667,74.8333333333333,46.2811111111111,"4","Loyal Customers","No"
14466,245.676388888889,3,1083.19,364,25,3.74846153846154,332.370833333333,"United Kingdom",361.063333333333,121.333333333333,43.3472222222222,"3","Potential / Occasional","No"
14467,72.2729166666667,6,986.44,462,32,3.07352941176471,311.13125,"United Kingdom",164.406666666667,77,47.7716666666667,"4","Loyal Customers","No"
14468,249.416666666667,3,257.29,86,15,2.878,343.061805555556,"United Kingdom",85.7633333333333,28.6666666666667,46.8225694444445,"3","Potential / Occasional","No"
14469,6.99791666666667,10,2654.77,637,63,3.99369230769231,167.002777777778,"United Kingdom",265.477,63.7,17.7783179012346,"4","Loyal Customers","No"
14470,11.2479166666667,9,1925.06,843,72,2.94202702702703,233.730555555556,"United Kingdom",213.895555555556,93.6666666666667,27.8103298611111,"4","Loyal Customers","No"
14471,10.0430555555556,12,3247.45,1306,122,3.01126984126984,325.739583333333,"United Kingdom",270.620833333333,108.833333333333,28.6996843434343,"2","Champions / High-Value","Yes"
14472,48.7909722222222,3,127.24,88,12,1.41666666666667,68.5902777777778,"United Kingdom",42.4133333333333,29.3333333333333,9.89965277777777,"1","At-Risk / Dormant","No"
14473,9.98194444444444,7,1142.47,490,39,2.67205128205128,159.463194444444,"United Kingdom",163.21,70,24.9135416666667,"4","Loyal Customers","No"
14474,44.48125,2,340.64,104,9,3.17333333333333,275.068055555556,"Germany",170.32,52,230.586805555556,"3","Potential / Occasional","No"
14475,56.6590277777778,1,31.73,19,3,1.70333333333333,56.6590277777778,"Austria",31.73,19,56.6590277777778,"1","At-Risk / Dormant","No"
14476,54.7027777777778,10,4631.28,1454,108,3.15189189189189,354.709027777778,"United Kingdom",463.128,145.4,33.3340277777778,"2","Champions / High-Value","Yes"
14477,31.7,2,203.19,89,8,1.65875,102.209027777778,"United Kingdom",101.595,44.5,70.5090277777778,"3","Potential / Occasional","No"
14478,38.0347222222222,2,581.99,118,17,4.34470588235294,183.902083333333,"United Kingdom",290.995,59,145.867361111111,"3","Potential / Occasional","No"
14479,28.8618055555556,1,117.89,24,4,4.0725,28.8618055555556,"United Kingdom",117.89,24,28.8618055555556,"1","At-Risk / Dormant","No"
14480,42.3347222222222,2,261.41,112,12,3.41916666666667,201.140972222222,"United Kingdom",130.705,56,158.80625,"3","Potential / Occasional","No"
14481,47.7041666666667,3,481.79,62,11,7.81818181818182,232.504861111111,"United Kingdom",160.596666666667,20.6666666666667,92.4003472222222,"3","Potential / Occasional","No"
14482,7.38819444444444,4,197.04,55,10,4.572,326.932638888889,"United Kingdom",49.26,13.75,106.514814814815,"3","Potential / Occasional","No"
14483,90.4756944444444,3,231.45,125,18,2.015,126.186805555556,"United Kingdom",77.15,41.6666666666667,17.8555555555556,"3","Potential / Occasional","No"
14484,30.2048611111111,11,6152.38,2244,200,3.23187214611872,268.088194444444,"United Kingdom",559.307272727273,204,23.7883333333333,"2","Champions / High-Value","Yes"
14485,35.4048611111111,3,838.71,181,18,3.28944444444444,136.648611111111,"United Kingdom",279.57,60.3333333333333,50.621875,"3","Potential / Occasional","No"
14486,32.15,6,756.05,361,31,2.69354838709677,328.594444444444,"United Kingdom",126.008333333333,60.1666666666667,59.2888888888889,"4","Loyal Customers","No"
14487,131.746527777778,3,155.46,60,12,2.55333333333333,193.735416666667,"United Kingdom",51.82,20,30.9944444444445,"3","Potential / Occasional","No"
14488,7.51875,11,4885.82,1638,164,3.31162790697674,274.796527777778,"United Kingdom",444.165454545455,148.909090909091,26.7277777777778,"2","Champions / High-Value","Yes"
14489,5.29513888888889,25,29135.27,8675,782,3.2435240040858,362.717361111111,"United Kingdom",1165.4108,347,14.8925925925926,"2","Champions / High-Value","Yes"
14490,5.48333333333333,3,652.48,173,14,4.41,118.20625,"United Kingdom",217.493333333333,57.6666666666667,56.3614583333333,"4","Loyal Customers","No"
14491,41.95625,4,826.44,249,22,4.65304347826087,306.777083333333,"United Kingdom",206.61,62.25,88.2736111111111,"4","Loyal Customers","No"
14492,147.04375,6,1546.6,430,39,3.01658536585366,301.835416666667,"United Kingdom",257.766666666667,71.6666666666667,30.9583333333333,"4","Loyal Customers","No"
14493,9.93958333333333,8,1009.35,316,38,3.16333333333333,245.088194444444,"United Kingdom",126.16875,39.5,33.5926587301587,"4","Loyal Customers","No"
14494,50.83125,4,683.13,308,31,2.01741935483871,319.564583333333,"United Kingdom",170.7825,77,89.5777777777778,"4","Loyal Customers","No"
14495,202.849305555556,2,560.46,173,13,2.89076923076923,211.311805555556,"United Kingdom",280.23,86.5,8.46250000000001,"3","Potential / Occasional","No"
14496,135.574305555556,1,174.68,49,4,8.72,135.574305555556,"United Kingdom",174.68,49,135.574305555556,"3","Potential / Occasional","No"
14497,52.6763888888889,14,8214.98,2461,256,3.16933333333333,354.872916666667,"United Kingdom",586.784285714286,175.785714285714,23.2458867521368,"2","Champions / High-Value","Yes"
14498,37.6854166666667,4,864.21,222,31,3.7041935483871,229.505555555556,"United Kingdom",216.0525,55.5,63.9400462962963,"4","Loyal Customers","No"
14499,86.7222222222222,5,367.85,66,11,4.91363636363636,276.775,"United Kingdom",73.57,13.2,47.5131944444444,"3","Potential / Occasional","No"
14500,16.1069444444444,16,6125.75,1803,195,3.90828703703704,326.469444444444,"United Kingdom",382.859375,112.6875,20.6908333333333,"2","Champions / High-Value","Yes"
14501,240.951388888889,1,192.53,62,10,3.1,240.951388888889,"United Kingdom",192.53,62,240.951388888889,"3","Potential / Occasional","No"
14502,158.689583333333,3,214.32,79,13,3.11,239.492361111111,"United Kingdom",71.44,26.3333333333333,40.4013888888889,"3","Potential / Occasional","No"
14503,3.37986111111111,13,4489.33,1581,186,3.01385416666667,344.270138888889,"United Kingdom",345.333076923077,121.615384615385,28.4075231481481,"2","Champions / High-Value","Yes"
14504,37.1076388888889,6,2427.14,858,86,3.29522727272727,254.566666666667,"United Kingdom",404.523333333333,143,43.4918055555556,"4","Loyal Customers","No"
14505,214.55625,1,11.28,8,2,1.6,214.55625,"United Kingdom",11.28,8,214.55625,"1","At-Risk / Dormant","No"
14506,81.9236111111111,1,13.08,11,2,1.455,81.9236111111111,"United Kingdom",13.08,11,81.9236111111111,"1","At-Risk / Dormant","No"
14507,12.0166666666667,3,801.4,293,22,3.70636363636364,263.29375,"United Kingdom",267.133333333333,97.6666666666667,125.638541666667,"4","Loyal Customers","No"
14508,57.8243055555556,3,237.28,67,12,3.79,294.518055555556,"United Kingdom",79.0933333333333,22.3333333333333,118.346875,"3","Potential / Occasional","No"
14509,96.4076388888889,4,1286.97,285,28,2.40535714285714,284.401388888889,"Switzerland",321.7425,71.25,62.6645833333333,"4","Loyal Customers","No"
14510,147.51875,1,26.7,21,3,1.35666666666667,147.51875,"United Kingdom",26.7,21,147.51875,"1","At-Risk / Dormant","No"
14511,5.83333333333333,14,6565.47,1441,151,3.29613496932515,233.04375,"France",468.962142857143,102.928571428571,17.4777243589744,"2","Champions / High-Value","Yes"
14512,4.35833333333333,3,501.85,136,22,3.92086956521739,189.083333333333,"United Kingdom",167.283333333333,45.3333333333333,92.3625,"4","Loyal Customers","No"
14513,54.4159722222222,2,169.33,107,12,2.09416666666667,135.794444444444,"United Kingdom",84.665,53.5,81.3784722222222,"3","Potential / Occasional","No"
14514,55.9048611111111,4,243.36,104,15,2.83133333333333,179.191666666667,"United Kingdom",60.84,26,41.0956018518519,"3","Potential / Occasional","No"
14515,32.0638888888889,2,274.78,129,16,2.16375,67.8020833333333,"United Kingdom",137.39,64.5,35.7381944444444,"3","Potential / Occasional","No"
14516,18.9611111111111,2,167.27,61,11,3.30636363636364,358.602083333333,"United Kingdom",83.635,30.5,339.640972222222,"3","Potential / Occasional","No"
14517,10.3305555555556,5,547.06,206,20,3.582,318.961805555556,"United Kingdom",109.412,41.2,77.1578125,"4","Loyal Customers","No"
14518,45.8770833333333,7,1235.24,360,43,3.42627906976744,297.977777777778,"United Kingdom",176.462857142857,51.4285714285714,42.0167824074074,"4","Loyal Customers","No"
14519,34.1430555555556,5,609.6,106,16,4.54875,295.420833333333,"United Kingdom",121.92,21.2,65.3194444444444,"3","Potential / Occasional","No"
14520,30.1944444444444,7,1649.25,594,63,3.32359375,254.578472222222,"United Kingdom",235.607142857143,84.8571428571429,37.397337962963,"4","Loyal Customers","No"
14521,147.070138888889,4,250.42,130,19,2.39157894736842,277.921527777778,"United Kingdom",62.605,32.5,43.6171296296296,"3","Potential / Occasional","No"
14522,36.45,8,1433.46,470,57,3.18448275862069,296.603472222222,"United Kingdom",179.1825,58.75,37.1647817460317,"4","Loyal Customers","No"
14523,150.221527777778,2,107.68,28,6,3.445,154.796527777778,"United Kingdom",53.84,14,4.57500000000002,"1","At-Risk / Dormant","No"
14524,2.45555555555556,6,2079.16,615,61,3.63901639344262,222.956944444444,"United Kingdom",346.526666666667,102.5,44.1002777777778,"4","Loyal Customers","No"
14525,297.554861111111,1,284.36,83,7,2.52285714285714,297.554861111111,"United Kingdom",284.36,83,297.554861111111,"3","Potential / Occasional","No"
14526,40.06875,4,491.74,211,30,2.50066666666667,217.247222222222,"United Kingdom",122.935,52.75,59.0594907407407,"3","Potential / Occasional","No"
14527,8.94652777777778,6,1967.17,571,59,3.20050847457627,342.456944444444,"United Kingdom",327.861666666667,95.1666666666667,66.7020833333333,"4","Loyal Customers","No"
14528,55.4784722222222,2,401.23,223,16,2.2975,79.7243055555556,"United Kingdom",200.615,111.5,24.2458333333333,"3","Potential / Occasional","No"
14529,110.809722222222,3,266.33,122,10,2.392,252.334027777778,"United Kingdom",88.7766666666667,40.6666666666667,70.7621527777778,"3","Potential / Occasional","No"
14530,39.2513888888889,4,471.31,181,23,2.44869565217391,190.565277777778,"United Kingdom",117.8275,45.25,50.437962962963,"3","Potential / Occasional","No"
14531,33.1388888888889,9,4751.95,1118,104,3.37891891891892,263.861111111111,"United Kingdom",527.994444444444,124.222222222222,28.8402777777778,"4","Loyal Customers","No"
14532,138.302777777778,5,336.93,104,15,3.466,274.694444444444,"United Kingdom",67.386,20.8,34.0979166666667,"3","Potential / Occasional","No"
14533,3.57152777777778,13,5870.11,1879,173,3.04673913043478,359.010416666667,"United Kingdom",451.546923076923,144.538461538462,29.6199074074074,"2","Champions / High-Value","Yes"
14534,3.56805555555556,23,13080.12,4134,379,3.40367298578199,295.103472222222,"United Kingdom",568.700869565217,179.739130434783,13.2516098484848,"2","Champions / High-Value","Yes"
14535,26.1881944444444,4,527.12,132,21,4.22047619047619,194.660416666667,"United Kingdom",131.78,33,56.1574074074074,"3","Potential / Occasional","No"
14536,245.007638888889,2,168.16,30,4,6.05,349.602777777778,"United Kingdom",84.08,15,104.595138888889,"3","Potential / Occasional","No"
14537,36.5618055555556,2,100.61,68,6,1.68333333333333,89.4298611111111,"United Kingdom",50.305,34,52.8680555555556,"1","At-Risk / Dormant","No"
14538,6.26041666666667,12,4911.78,1806,183,2.9269696969697,276.875,"United Kingdom",409.315,150.5,24.6013257575758,"2","Champions / High-Value","Yes"
14539,119.007638888889,2,68.26,45,10,1.31,163.063888888889,"Germany",34.13,22.5,44.05625,"1","At-Risk / Dormant","No"
14540,79.3743055555556,3,374.2,218,19,1.76789473684211,371.40625,"Finland",124.733333333333,72.6666666666667,146.015972222222,"3","Potential / Occasional","No"
14541,59.76875,4,715.86,297,31,2.69774193548387,249.027777777778,"United Kingdom",178.965,74.25,63.0863425925926,"4","Loyal Customers","No"
14542,238.982638888889,1,9.96,6,1,1.66,238.982638888889,"United Kingdom",9.96,6,238.982638888889,"1","At-Risk / Dormant","No"
14543,88.1701388888889,2,319.33,92,11,3.48181818181818,148.942361111111,"United Kingdom",159.665,46,60.7722222222222,"3","Potential / Occasional","No"
14544,3.47777777777778,12,5397.57,1655,200,3.25785714285714,346.44375,"United Kingdom",449.7975,137.916666666667,31.1787247474747,"2","Champions / High-Value","Yes"
14545,75.8006944444444,3,678.85,84,12,8.54846153846154,205.661805555556,"United Kingdom",226.283333333333,28,64.9305555555556,"3","Potential / Occasional","No"
14546,28.0847222222222,8,4781.74,1316,127,3.69384615384615,327.975694444444,"United Kingdom",597.7175,164.5,42.8415674603175,"2","Champions / High-Value","Yes"
14547,57.3847222222222,6,962.5,209,33,4.48235294117647,292.136805555556,"United Kingdom",160.416666666667,34.8333333333333,46.9504166666667,"4","Loyal Customers","No"
14548,88.5465277777778,1,12.1,11,1,1.1,88.5465277777778,"United Kingdom",12.1,11,88.5465277777778,"1","At-Risk / Dormant","No"
14549,13.9597222222222,4,263.81,70,12,4.09166666666667,309.142361111111,"United Kingdom",65.9525,17.5,98.394212962963,"3","Potential / Occasional","No"
14550,34.9145833333333,8,3361.77,852,88,3.58901098901099,347.464583333333,"United Kingdom",420.22125,106.5,44.65,"4","Loyal Customers","No"
14551,154.110416666667,2,59.19,33,5,1.974,163.053472222222,"United Kingdom",29.595,16.5,8.94305555555553,"1","At-Risk / Dormant","No"
14552,60.8618055555556,5,733.95,261,30,3.418,253.185416666667,"United Kingdom",146.79,52.2,48.0809027777778,"3","Potential / Occasional","No"
14553,6.71805555555556,16,10493.21,3734,349,2.79560606060606,319.956944444444,"United Kingdom",655.825625,233.375,20.8825925925926,"2","Champions / High-Value","Yes"
14554,191.627083333333,1,84.48,18,3,4.75,191.627083333333,"United Kingdom",84.48,18,191.627083333333,"1","At-Risk / Dormant","No"
14555,38.8680555555556,6,1221.62,324,44,3.98113636363636,359.695833333333,"United Kingdom",203.603333333333,54,64.1655555555556,"4","Loyal Customers","No"
14556,72.6909722222222,6,1537.42,380,55,4.12035714285714,267.066666666667,"United Kingdom",256.236666666667,63.3333333333333,38.8751388888889,"4","Loyal Customers","No"
14557,68.7354166666667,6,2288.43,625,51,3.03769230769231,302.963194444444,"United Kingdom",381.405,104.166666666667,46.8455555555556,"4","Loyal Customers","No"
14558,13.1361111111111,10,6838.07,1788,165,2.94649122807018,246.9375,"United Kingdom",683.807,178.8,25.9779320987654,"2","Champions / High-Value","Yes"
14559,293.504861111111,1,3.44,8,1,0.43,293.504861111111,"United Kingdom",3.44,8,293.504861111111,"1","At-Risk / Dormant","No"
14560,53.3673611111111,3,297.96,174,15,2.17066666666667,230.3375,"United Kingdom",99.32,58,88.4850694444444,"3","Potential / Occasional","No"
14561,33.9076388888889,7,1609.44,549,58,3.44189655172414,310.753472222222,"United Kingdom",229.92,78.4285714285714,46.1409722222222,"4","Loyal Customers","No"
14562,30.7583333333333,3,953.37,320,40,3.347,185.8375,"United Kingdom",317.79,106.666666666667,77.5395833333333,"4","Loyal Customers","No"
14563,95.6541666666667,1,11.25,13,3,0.916666666666667,95.6541666666667,"United Kingdom",11.25,13,95.6541666666667,"1","At-Risk / Dormant","No"
14564,25.6513888888889,3,572.25,107,10,3.936,196.720138888889,"United Kingdom",190.75,35.6666666666667,85.534375,"3","Potential / Occasional","No"
14565,20.1520833333333,3,629.62,178,18,5.28333333333333,190.251388888889,"United Kingdom",209.873333333333,59.3333333333333,85.0496527777778,"3","Potential / Occasional","No"
14566,161.4375,5,1957.95,650,45,2.84622222222222,328.315277777778,"United Kingdom",391.59,130,41.7194444444444,"4","Loyal Customers","No"
14567,77.2541666666667,7,1913.31,467,56,4.73107142857143,326.228472222222,"United Kingdom",273.33,66.7142857142857,41.4957175925926,"4","Loyal Customers","No"
14568,107.470138888889,2,111.11,86,10,1.859,302.535416666667,"United Kingdom",55.555,43,195.065277777778,"3","Potential / Occasional","No"
14569,44.4875,4,92.21,57,9,1.68555555555556,189.054166666667,"United Kingdom",23.0525,14.25,48.1888888888889,"1","At-Risk / Dormant","No"
14570,53.3548611111111,7,1374.65,394,38,3.5955,284.916666666667,"United Kingdom",196.378571428571,56.2857142857143,38.5936342592593,"4","Loyal Customers","No"
14571,9.95972222222222,7,1287.22,578,62,2.53,315.713194444444,"United Kingdom",183.888571428571,82.5714285714286,50.958912037037,"4","Loyal Customers","No"
14572,48.7604166666667,2,34.5,23,4,1.695,290.513888888889,"United Kingdom",17.25,11.5,241.753472222222,"1","At-Risk / Dormant","No"
14573,250.461111111111,2,15.63,18,4,0.9225,250.50625,"United Kingdom",7.815,9,0.0451388888888857,"1","At-Risk / Dormant","No"
14574,44.4479166666667,3,439.47,103,16,4.67529411764706,294.429861111111,"United Kingdom",146.49,34.3333333333333,124.990972222222,"3","Potential / Occasional","No"
14575,45.5097222222222,3,237.51,94,9,3.53777777777778,287.067361111111,"United Kingdom",79.17,31.3333333333333,120.778819444444,"3","Potential / Occasional","No"
14576,19.3958333333333,1,4.92,6,1,0.82,19.3958333333333,"United Kingdom",4.92,6,19.3958333333333,"1","At-Risk / Dormant","No"
14577,29.2743055555556,10,5637.89,1928,187,3.03455958549223,298.774305555556,"United Kingdom",563.789,192.8,29.9444444444444,"2","Champions / High-Value","Yes"
14578,22.1868055555556,24,26025.76,7526,670,3.41804726368159,354.670833333333,"United Kingdom",1084.40666666667,313.583333333333,14.455827294686,"2","Champions / High-Value","Yes"
14579,126.395138888889,6,2604.29,824,82,3.88904761904762,350.477083333333,"United Kingdom",434.048333333333,137.333333333333,44.8163888888889,"4","Loyal Customers","No"
14580,63.49375,13,4243.14,1458,162,2.91454545454545,357.09375,"United Kingdom",326.395384615385,112.153846153846,24.4666666666667,"2","Champions / High-Value","Yes"
14581,34.7881944444444,2,118.18,53,10,2.164,41.3583333333333,"United Kingdom",59.09,26.5,6.57013888888889,"1","At-Risk / Dormant","No"
14582,12.3652777777778,16,8855.17,2608,264,3.3030035335689,355.556944444444,"United Kingdom",553.448125,163,22.8794444444444,"2","Champions / High-Value","Yes"
14583,79.3291666666667,2,222.63,55,8,3.38875,238.520138888889,"United Kingdom",111.315,27.5,159.190972222222,"3","Potential / Occasional","No"
14584,60.3805555555556,5,480.74,127,16,3.81,267.109722222222,"United Kingdom",96.148,25.4,51.6822916666667,"3","Potential / Occasional","No"
14585,130.484027777778,2,40.02,60,2,1.775,155.03125,"United Kingdom",20.01,30,24.5472222222222,"1","At-Risk / Dormant","No"
14586,236.493055555556,1,97.81,28,5,3.384,236.493055555556,"Netherlands",97.81,28,236.493055555556,"3","Potential / Occasional","No"
14587,30.375,3,530.9,191,19,3.75894736842105,224.608333333333,"United Kingdom",176.966666666667,63.6666666666667,97.1166666666667,"3","Potential / Occasional","No"
14588,18.675,4,1140.87,448,44,3.06282608695652,277.340277777778,"United Kingdom",285.2175,112,86.2217592592593,"4","Loyal Customers","No"
14589,98.6826388888889,3,156.26,116,9,1.91444444444444,360.996527777778,"United Kingdom",52.0866666666667,38.6666666666667,131.156944444444,"3","Potential / Occasional","No"
14590,31.0972222222222,3,760.06,166,15,5.20133333333333,354.850694444444,"United Kingdom",253.353333333333,55.3333333333333,161.876736111111,"3","Potential / Occasional","No"
14591,49.3715277777778,3,122.99,53,8,2.24625,218.717361111111,"United Kingdom",40.9966666666667,17.6666666666667,84.6729166666667,"1","At-Risk / Dormant","No"
14592,35.6236111111111,1,57.09,13,2,4.415,35.6236111111111,"Japan",57.09,13,35.6236111111111,"1","At-Risk / Dormant","No"
14593,136.665277777778,4,1690.99,430,38,4.01447368421053,250.148611111111,"United Kingdom",422.7475,107.5,37.8277777777778,"4","Loyal Customers","No"
14594,22.1444444444444,11,5092.02,1300,130,3.59379562043796,321.436111111111,"Germany",462.910909090909,118.181818181818,29.9291666666667,"2","Champions / High-Value","Yes"
14595,267.463888888889,2,175.46,56,10,2.966,301.370833333333,"United Kingdom",87.73,28,33.9069444444444,"3","Potential / Occasional","No"
14596,319.042361111111,1,43.14,13,3,2.55,319.042361111111,"United Kingdom",43.14,13,319.042361111111,"1","At-Risk / Dormant","No"
14597,81.9694444444444,2,144.17,54,8,2.59875,257.954166666667,"United Kingdom",72.085,27,175.984722222222,"3","Potential / Occasional","No"
14598,31.0076388888889,21,21658.72,6296,608,3.18586647727273,357.347916666667,"United Kingdom",1031.36761904762,299.809523809524,16.3170138888889,"2","Champions / High-Value","Yes"
14599,32.7,7,668.23,203,28,2.75285714285714,312.117361111111,"United Kingdom",95.4614285714286,29,46.5695601851852,"4","Loyal Customers","No"
14600,154.007638888889,1,414.11,90,4,4.26,154.007638888889,"United Kingdom",414.11,90,154.007638888889,"3","Potential / Occasional","No"
14601,32.0243055555556,1,161.32,52,7,3.61285714285714,32.0243055555556,"United Kingdom",161.32,52,32.0243055555556,"1","At-Risk / Dormant","No"
14602,4.20902777777778,5,646.73,251,27,3.45111111111111,311.154861111111,"United Kingdom",129.346,50.2,76.7364583333333,"4","Loyal Customers","No"
14603,56.0902777777778,3,423.93,153,13,3.59769230769231,183.575,"United Kingdom",141.31,51,63.7423611111111,"3","Potential / Occasional","No"
14604,6.98819444444444,7,1150.84,276,35,3.99942857142857,284.453472222222,"United Kingdom",164.405714285714,39.4285714285714,46.244212962963,"4","Loyal Customers","No"
14605,24.6256944444444,8,1967.13,498,69,3.85914285714286,294.390972222222,"United Kingdom",245.89125,62.25,38.5378968253968,"4","Loyal Customers","No"
14606,20.9763888888889,3,273.15,105,13,2.37461538461538,281.700694444444,"United Kingdom",91.05,35,130.362152777778,"3","Potential / Occasional","No"
14607,180.446527777778,2,148.92,95,9,2.02888888888889,180.813194444444,"United Kingdom",74.46,47.5,0.366666666666646,"3","Potential / Occasional","No"
14608,58.71875,4,603.26,273,26,2.93730769230769,226.007638888889,"United Kingdom",150.815,68.25,55.762962962963,"3","Potential / Occasional","No"
14609,43.4145833333333,4,879.18,247,29,3.51866666666667,315.986111111111,"United Kingdom",219.795,61.75,90.8571759259259,"4","Loyal Customers","No"
14610,44.1777777777778,7,1370.28,390,43,2.29318181818182,275.751388888889,"United Kingdom",195.754285714286,55.7142857142857,38.5956018518518,"4","Loyal Customers","No"
14611,123.951388888889,2,168.19,80,7,3.17857142857143,292.409027777778,"United Kingdom",84.095,40,168.457638888889,"3","Potential / Occasional","No"
14612,101.506944444444,1,320.96,61,3,5.04,101.506944444444,"United Kingdom",320.96,61,101.506944444444,"3","Potential / Occasional","No"
14613,20.7701388888889,2,530.71,152,11,4.32727272727273,350.575694444444,"United Kingdom",265.355,76,329.805555555556,"3","Potential / Occasional","No"
14614,40.4361111111111,8,2690.99,603,58,3.348,262.08125,"United Kingdom",336.37375,75.375,31.6635912698413,"4","Loyal Customers","No"
14615,207.975,1,55.12,18,2,2.99,207.975,"United Kingdom",55.12,18,207.975,"1","At-Risk / Dormant","No"
14616,35.1916666666667,11,5235.28,1652,168,3.32554913294798,340.165972222222,"United Kingdom",475.934545454545,150.181818181818,30.4974305555556,"2","Champions / High-Value","Yes"
14617,35.5645833333333,14,9328.09,2229,209,3.87801843317972,325.017361111111,"United Kingdom",666.292142857143,159.214285714286,22.2655982905983,"2","Champions / High-Value","Yes"
14618,17.9020833333333,3,192.87,104,12,2.20333333333333,131.214583333333,"United Kingdom",64.29,34.6666666666667,56.65625,"3","Potential / Occasional","No"
14619,64.8826388888889,1,4.3,5,1,0.86,64.8826388888889,"United Kingdom",4.3,5,64.8826388888889,"1","At-Risk / Dormant","No"
14620,172.902083333333,3,179.94,96,14,1.97733333333333,353.864583333333,"Switzerland",59.98,32,90.48125,"3","Potential / Occasional","No"
14621,311.325,2,491.43,142,15,2.58066666666667,352.33125,"United Kingdom",245.715,71,41.00625,"3","Potential / Occasional","No"
14622,19.7770833333333,2,358.26,68,8,5.055,28.4548611111111,"EIRE",179.13,34,8.67777777777778,"1","At-Risk / Dormant","No"
14623,65.3569444444445,8,2107.92,686,69,3.62671428571429,210.701388888889,"United Kingdom",263.49,85.75,20.7634920634921,"4","Loyal Customers","No"
14624,24.5555555555556,15,10403.88,2881,263,3.32814432989691,366.683333333333,"United Kingdom",693.592,192.066666666667,24.4376984126984,"2","Champions / High-Value","Yes"
14625,24.63125,6,967.19,361,46,3.06978260869565,270.00625,"United Kingdom",161.198333333333,60.1666666666667,49.075,"4","Loyal Customers","No"
14626,2.69236111111111,8,2175.17,606,66,4.20753623188406,282.723611111111,"United Kingdom",271.89625,75.75,40.0044642857143,"4","Loyal Customers","No"
14627,147.806944444444,1,66.96,27,4,2.0825,147.806944444444,"United Kingdom",66.96,27,147.806944444444,"1","At-Risk / Dormant","No"
14628,42.3520833333333,13,7692.27,2347,255,3.18835164835165,283.327777777778,"United Kingdom",591.713076923077,180.538461538462,20.0813078703704,"2","Champions / High-Value","Yes"
14629,32.7986111111111,11,6511.57,2234,188,2.93355450236967,340.946527777778,"United Kingdom",591.960909090909,203.090909090909,30.8147916666667,"2","Champions / High-Value","Yes"
14630,7.17222222222222,4,578.1,198,17,3.37235294117647,286.561805555556,"United Kingdom",144.525,49.5,93.1298611111111,"4","Loyal Customers","No"
14631,121.275,1,21.45,26,5,0.872,121.275,"United Kingdom",21.45,26,121.275,"1","At-Risk / Dormant","No"
14632,74.0368055555556,3,904.3,249,24,3.02875,186.575694444444,"United Kingdom",301.433333333333,83,56.2694444444444,"3","Potential / Occasional","No"
14633,25.6020833333333,16,4863.09,1579,198,2.84125,345.928472222222,"United Kingdom",303.943125,98.6875,21.3550925925926,"2","Champions / High-Value","Yes"
14634,29.475,7,1295.23,369,49,3.9224,338.257638888889,"United Kingdom",185.032857142857,52.7142857142857,51.4637731481481,"4","Loyal Customers","No"
14635,24.7576388888889,12,6072.12,1834,206,3.20891402714932,330.095138888889,"United Kingdom",506.01,152.833333333333,27.7579545454545,"2","Champions / High-Value","Yes"
14636,7.66527777777778,8,3598.89,984,93,3.46775510204082,307.776388888889,"United Kingdom",449.86125,123,42.8730158730159,"4","Loyal Customers","No"
14637,91.9534722222222,1,15.93,20,2,0.825,91.9534722222222,"United Kingdom",15.93,20,91.9534722222222,"1","At-Risk / Dormant","No"
14638,106.629861111111,4,1553.89,386,33,2.90794117647059,292.504166666667,"United Kingdom",388.4725,96.5,61.9581018518519,"4","Loyal Customers","No"
14639,185.7875,3,196.51,117,13,2.38923076923077,299.002777777778,"Channel Islands",65.5033333333333,39,56.6076388888889,"3","Potential / Occasional","No"
14640,60.2868055555556,2,171.03,76,6,1.81333333333333,293.55625,"United Kingdom",85.515,38,233.269444444444,"3","Potential / Occasional","No"
14641,6.61458333333333,3,448.78,148,20,2.95,182.630555555556,"United Kingdom",149.593333333333,49.3333333333333,88.0079861111111,"3","Potential / Occasional","No"
14642,39.3236111111111,1,248.37,75,6,4.49333333333333,39.3236111111111,"United Kingdom",248.37,75,39.3236111111111,"3","Potential / Occasional","No"
14643,29.5777777777778,7,3223.33,1041,93,2.64129032258065,319.497222222222,"United Kingdom",460.475714285714,148.714285714286,48.3199074074074,"4","Loyal Customers","No"
14644,2.84513888888889,7,2186.53,589,78,3.68435897435897,259.207638888889,"United Kingdom",312.361428571429,84.1428571428571,42.7270833333333,"4","Loyal Customers","No"
14645,65.7465277777778,3,90.05,34,7,3.15714285714286,233.3125,"United Kingdom",30.0166666666667,11.3333333333333,83.7829861111111,"1","At-Risk / Dormant","No"
14646,34.08125,2,577.25,159,12,4.68833333333333,62.0055555555556,"United Kingdom",288.625,79.5,27.9243055555556,"3","Potential / Occasional","No"
14647,2.40972222222222,4,528.04,106,10,5.217,215.428472222222,"United Kingdom",132.01,26.5,71.00625,"3","Potential / Occasional","No"
14648,299.231944444444,1,63.38,15,3,4.90666666666667,299.231944444444,"United Kingdom",63.38,15,299.231944444444,"1","At-Risk / Dormant","No"
14649,71.6569444444444,18,14692.5,4309,429,3.29991649269311,304.273611111111,"United Kingdom",816.25,239.388888888889,13.6833333333333,"2","Champions / High-Value","Yes"
14650,20.4152777777778,9,3067.13,912,90,2.74085106382979,322.88125,"United Kingdom",340.792222222222,101.333333333333,37.8082465277778,"4","Loyal Customers","No"
14651,51.6111111111111,6,1295.94,357,34,4.24388888888889,328.21875,"France",215.99,59.5,55.3215277777778,"4","Loyal Customers","No"
14652,49.7291666666667,4,1396.45,340,45,3.94866666666667,285.395833333333,"Germany",349.1125,85,78.5555555555556,"4","Loyal Customers","No"
14653,133.88125,1,65.54,13,2,4.03,133.88125,"United Kingdom",65.54,13,133.88125,"1","At-Risk / Dormant","No"
14654,245.943055555556,2,164.21,82,7,1.87714285714286,314.882638888889,"Germany",82.105,41,68.9395833333333,"3","Potential / Occasional","No"
14655,24.5138888888889,31,43162.45,11418,976,3.35923794712286,321.076388888889,"Germany",1392.33709677419,368.322580645161,9.88541666666667,"2","Champions / High-Value","Yes"
14656,50.1583333333333,7,1255.52,418,37,3.21027027027027,265.000694444444,"United Kingdom",179.36,59.7142857142857,35.8070601851852,"4","Loyal Customers","No"
14657,19.575,8,2522.24,824,93,2.99273684210526,187.275,"Spain",315.28,103,23.9571428571429,"4","Loyal Customers","No"
14658,30.0770833333333,4,822.32,134,14,3.69928571428571,286.272222222222,"United Kingdom",205.58,33.5,85.3983796296296,"3","Potential / Occasional","No"
14659,45.1541666666667,7,3639.37,488,39,4.49560975609756,242.263194444444,"United Kingdom",519.91,69.7142857142857,32.8515046296296,"4","Loyal Customers","No"
14660,23.7326388888889,10,3324.55,1121,136,3.26057971014493,297.028472222222,"United Kingdom",332.455,112.1,30.3662037037037,"4","Loyal Customers","No"
14661,269.515972222222,1,43.65,15,2,2.505,269.515972222222,"United Kingdom",43.65,15,269.515972222222,"1","At-Risk / Dormant","No"
14662,322.069444444444,1,140.98,44,6,4.185,322.069444444444,"United Kingdom",140.98,44,322.069444444444,"3","Potential / Occasional","No"
14663,17.0958333333333,3,514.87,122,22,4.35954545454545,86.7569444444444,"United Kingdom",171.623333333333,40.6666666666667,34.8305555555556,"3","Potential / Occasional","No"
14664,133.409722222222,2,313.97,143,19,2.72105263157895,185.600694444444,"United Kingdom",156.985,71.5,52.1909722222222,"3","Potential / Occasional","No"
14665,152.672222222222,5,1733.95,292,46,4.81413043478261,307.034027777778,"Spain",346.79,58.4,38.5904513888889,"4","Loyal Customers","No"
14666,77.14375,4,245.61,69,14,3.48928571428571,204.461111111111,"United Kingdom",61.4025,17.25,42.4391203703704,"3","Potential / Occasional","No"
14667,170.35,2,785.36,177,12,2.61083333333333,268.752777777778,"United Kingdom",392.68,88.5,98.4027777777778,"3","Potential / Occasional","No"
14668,30.7243055555556,12,10106.89,2628,278,3.63352159468439,285.558333333333,"United Kingdom",842.240833333333,219,23.1667297979798,"2","Champions / High-Value","Yes"
14669,13.8701388888889,6,2411.53,689,75,3.98578947368421,309.895138888889,"United Kingdom",401.921666666667,114.833333333333,59.205,"4","Loyal Customers","No"
14670,44.1506944444444,3,320.59,77,13,3.87384615384615,238.539583333333,"United Kingdom",106.863333333333,25.6666666666667,97.1944444444444,"3","Potential / Occasional","No"
14671,21.5798611111111,5,570.73,200,20,2.7715,218.161111111111,"United Kingdom",114.146,40,49.1453125,"3","Potential / Occasional","No"
14672,16.3659722222222,8,2031.45,721,96,2.64734693877551,275.714583333333,"United Kingdom",253.93125,90.125,37.0498015873016,"4","Loyal Customers","No"
14673,72.4430555555556,1,20.36,9,2,2.325,72.4430555555556,"United Kingdom",20.36,9,72.4430555555556,"1","At-Risk / Dormant","No"
14674,59.2298611111111,8,2679.02,753,74,3.92074074074074,285.627083333333,"United Kingdom",334.8775,94.125,32.3424603174603,"4","Loyal Customers","No"
14675,51.3993055555556,4,329.41,146,17,2.62,321.888194444444,"United Kingdom",82.3525,36.5,90.162962962963,"3","Potential / Occasional","No"
14676,164.589583333333,1,47.97,37,2,1.02,164.589583333333,"United Kingdom",47.97,37,164.589583333333,"1","At-Risk / Dormant","No"
14677,33.8597222222222,7,2516.37,582,64,3.85661538461538,311.786111111111,"United Kingdom",359.481428571429,83.1428571428571,46.3210648148148,"4","Loyal Customers","No"
14678,5.41527777777778,6,2045.42,618,49,3.52102040816327,303.245833333333,"United Kingdom",340.903333333333,103,59.5661111111111,"4","Loyal Customers","No"
14679,94.6694444444445,3,642.44,92,7,5.30142857142857,248.29375,"United Kingdom",214.146666666667,30.6666666666667,76.8121527777778,"3","Potential / Occasional","No"
14680,80.1520833333333,3,352.83,110,13,3.14692307692308,266.769444444444,"United Kingdom",117.61,36.6666666666667,93.3086805555556,"3","Potential / Occasional","No"
14681,6.94444444444444,5,968.77,358,32,3.365,368,"France",193.754,71.6,90.2638888888889,"4","Loyal Customers","No"
14682,234.945833333333,3,276.22,110,16,2.2825,283.9625,"United Kingdom",92.0733333333333,36.6666666666667,24.5083333333333,"3","Potential / Occasional","No"
14683,10.0444444444444,16,5610.33,1875,196,2.96319444444444,298.157638888889,"United Kingdom",350.645625,117.1875,19.2075462962963,"2","Champions / High-Value","Yes"
14684,146.583333333333,2,343.3,121,11,2.79727272727273,183.102777777778,"United Kingdom",171.65,60.5,36.5194444444444,"3","Potential / Occasional","No"
14685,94.65,2,287.61,94,9,2.95111111111111,247.765277777778,"United Kingdom",143.805,47,153.115277777778,"3","Potential / Occasional","No"
14686,90.7284722222222,2,236.18,128,14,2.62142857142857,359.25,"United Kingdom",118.09,64,268.521527777778,"3","Potential / Occasional","No"
14687,179.0125,2,82.37,55,8,1.6475,200.636805555556,"United Kingdom",41.185,27.5,21.6243055555556,"1","At-Risk / Dormant","No"
14688,6.89722222222222,7,7155.79,1134,89,3.91042105263158,298.481944444444,"United Kingdom",1022.25571428571,162,48.5974537037037,"2","Champions / High-Value","Yes"
14689,88.0534722222222,4,368.01,121,14,3.52357142857143,318.061805555556,"United Kingdom",92.0025,30.25,76.6694444444444,"3","Potential / Occasional","No"
14690,92.2951388888889,1,151.92,95,4,2.005,92.2951388888889,"United Kingdom",151.92,95,92.2951388888889,"3","Potential / Occasional","No"
14691,1.46666666666667,17,207253.96,3692,360,98.243243902439,348.727083333333,"United Kingdom",12191.4094117647,217.176470588235,21.7037760416667,"2","Champions / High-Value","Yes"
14692,58.1736111111111,4,370.68,223,24,1.872,99.9180555555556,"United Kingdom",92.67,55.75,13.9148148148148,"3","Potential / Occasional","No"
14693,16.9243055555556,9,4214.68,1182,121,3.53927419354839,315.322916666667,"United Kingdom",468.297777777778,131.333333333333,37.2998263888889,"2","Champions / High-Value","Yes"
14694,11.5444444444444,14,6412.04,2185,225,3.08159836065574,302.898611111111,"United Kingdom",458.002857142857,156.071428571429,22.411858974359,"2","Champions / High-Value","Yes"
14695,33.9743055555556,2,130.38,40,6,3.37666666666667,159.375694444444,"United Kingdom",65.19,20,125.401388888889,"1","At-Risk / Dormant","No"
14696,193.613194444444,3,853.94,224,23,3.72652173913043,324.299305555556,"United Kingdom",284.646666666667,74.6666666666667,65.3430555555556,"3","Potential / Occasional","No"
14697,294.138888888889,1,124.92,40,5,3.17,294.138888888889,"United Kingdom",124.92,40,294.138888888889,"3","Potential / Occasional","No"
14698,165.948611111111,2,218.46,52,9,3.96111111111111,166.059722222222,"United Kingdom",109.23,26,0.111111111111114,"3","Potential / Occasional","No"
14699,19.4513888888889,2,219.28,88,10,2.569,267.202083333333,"United Kingdom",109.64,44,247.750694444444,"3","Potential / Occasional","No"
14700,43.7576388888889,2,431.09,137,17,3.29823529411765,130.695833333333,"United Kingdom",215.545,68.5,86.9381944444444,"3","Potential / Occasional","No"
14701,52.1194444444444,3,296.94,112,19,2.53684210526316,153.260416666667,"United Kingdom",98.98,37.3333333333333,50.5704861111111,"3","Potential / Occasional","No"
14702,16.2604166666667,11,3852.77,1291,134,3.38882352941176,305.570833333333,"United Kingdom",350.251818181818,117.363636363636,28.9310416666667,"2","Champions / High-Value","Yes"
14703,32.4395833333333,14,10741.51,2897,289,3.50905362776025,235.165277777778,"United Kingdom",767.250714285714,206.928571428571,15.5942841880342,"2","Champions / High-Value","Yes"
14704,16.4784722222222,13,3171.33,994,102,3.31104761904762,317.338888888889,"United Kingdom",243.948461538462,76.4615384615385,25.0717013888889,"4","Loyal Customers","No"
14705,20.8354166666667,24,18412.97,5456,523,3.20201652892562,312.727083333333,"United Kingdom",767.207083333333,227.333333333333,12.6909420289855,"2","Champions / High-Value","Yes"
14706,42.0388888888889,7,3130.54,871,92,3.40968085106383,248.894444444444,"United Kingdom",447.22,124.428571428571,34.4759259259259,"4","Loyal Customers","No"
14707,21.1020833333333,13,10296.39,2886,280,3.37789137380192,361.946527777778,"United Kingdom",792.03,222,28.4037037037037,"2","Champions / High-Value","Yes"
14708,6.43263888888889,3,598.74,119,13,4.60461538461538,155.270833333333,"United Kingdom",199.58,39.6666666666667,74.4190972222222,"3","Potential / Occasional","No"
14709,35.3861111111111,5,1621.88,300,38,4.21157894736842,268.991666666667,"United Kingdom",324.376,60,58.4013888888889,"4","Loyal Customers","No"
14710,47.3944444444444,4,359.06,148,16,2.99375,355.836805555556,"United Kingdom",89.765,37,102.81412037037,"3","Potential / Occasional","No"
14711,44.9173611111111,3,377.95,135,21,2.82952380952381,137.923611111111,"EIRE",125.983333333333,45,46.503125,"3","Potential / Occasional","No"
14712,70.1430555555555,3,457.5,213,19,2.89684210526316,87.3034722222222,"United Kingdom",152.5,71,8.58020833333334,"3","Potential / Occasional","No"
14713,67.2347222222222,2,259.53,52,9,3.88,221.391666666667,"United Kingdom",129.765,26,154.156944444444,"3","Potential / Occasional","No"
14714,61.7888888888889,1,72.62,15,3,3.92666666666667,61.7888888888889,"United Kingdom",72.62,15,61.7888888888889,"1","At-Risk / Dormant","No"
14715,50.9333333333333,8,2022.03,717,71,3.18232876712329,251.0375,"United Kingdom",252.75375,89.625,28.5863095238095,"4","Loyal Customers","No"
14716,314.665972222222,1,272.04,27,4,9.69,314.665972222222,"United Kingdom",272.04,27,314.665972222222,"3","Potential / Occasional","No"
14717,96.9097222222222,1,38.67,24,3,1.59,96.9097222222222,"United Kingdom",38.67,24,96.9097222222222,"1","At-Risk / Dormant","No"
14718,51.3055555555556,6,1365.41,308,28,4.42931034482759,356.553472222222,"United Kingdom",227.568333333333,51.3333333333333,61.0495833333333,"4","Loyal Customers","No"
14719,89.9770833333333,2,198.24,58,8,4.415,273.964583333333,"Germany",99.12,29,183.9875,"3","Potential / Occasional","No"
14720,9.64861111111111,12,5842.48,1556,189,3.73444444444444,322.174305555556,"France",486.873333333333,129.666666666667,28.4114267676768,"2","Champions / High-Value","Yes"
14721,87.9840277777778,5,883.6,350,46,2.86630434782609,348.047222222222,"United Kingdom",176.72,70,65.0157986111111,"4","Loyal Customers","No"
14722,49.1284722222222,6,466.56,148,20,3.9235,290.0875,"United Kingdom",77.76,24.6666666666667,48.1918055555555,"3","Potential / Occasional","No"
14723,242.658333333333,2,325.48,98,16,3.755,291.134027777778,"United Kingdom",162.74,49,48.4756944444444,"3","Potential / Occasional","No"
14724,153.832638888889,1,21.32,9,2,2.905,153.832638888889,"United Kingdom",21.32,9,153.832638888889,"1","At-Risk / Dormant","No"
14725,25.7145833333333,1,271.27,98,11,2.87272727272727,25.7145833333333,"United Kingdom",271.27,98,25.7145833333333,"3","Potential / Occasional","No"
14726,269.102083333333,1,26.56,4,1,6.64,269.102083333333,"United Kingdom",26.56,4,269.102083333333,"1","At-Risk / Dormant","No"
14727,18.2291666666667,16,6634.98,2116,202,3.75166666666667,343.170833333333,"United Kingdom",414.68625,132.25,21.6627777777778,"2","Champions / High-Value","Yes"
14728,63.6208333333333,3,644.2,215,24,3.62291666666667,274.032638888889,"United Kingdom",214.733333333333,71.6666666666667,105.205902777778,"3","Potential / Occasional","No"
14729,173.78125,1,22.41,11,2,1.71,173.78125,"United Kingdom",22.41,11,173.78125,"1","At-Risk / Dormant","No"
14730,10.5388888888889,35,48456.04,14043,1078,3.4103611898017,311.686805555556,"United Kingdom",1384.45828571429,401.228571428571,8.85729166666667,"2","Champions / High-Value","Yes"
14731,25.5673611111111,4,778.74,262,21,2.56136363636364,298.6875,"United Kingdom",194.685,65.5,91.0400462962963,"4","Loyal Customers","No"
14732,68.5256944444444,1,167.61,50,3,2.76666666666667,68.5256944444444,"United Kingdom",167.61,50,68.5256944444444,"1","At-Risk / Dormant","No"
14733,18.0958333333333,5,1308.29,439,30,2.94833333333333,334.136805555556,"United Kingdom",261.658,87.8,79.0102430555555,"4","Loyal Customers","No"
14734,113.765972222222,2,368.66,120,12,4.2725,227.432638888889,"United Kingdom",184.33,60,113.666666666667,"3","Potential / Occasional","No"
14735,1.07430555555556,5,1925.07,456,35,3.93108108108108,263.622222222222,"Portugal",385.014,91.2,65.6369791666667,"4","Loyal Customers","No"
14736,6.27083333333333,23,16274.76,5310,482,3.1986387434555,335.847916666667,"United Kingdom",707.598260869565,230.869565217391,14.9807765151515,"2","Champions / High-Value","Yes"
14737,74.3944444444444,1,64.8,26,4,2.395,74.3944444444444,"United Kingdom",64.8,26,74.3944444444444,"1","At-Risk / Dormant","No"
14738,48.0784722222222,2,303.94,105,12,2.4475,151.628472222222,"United Kingdom",151.97,52.5,103.55,"3","Potential / Occasional","No"
14739,44.21875,4,1467.34,362,44,3.47340909090909,366.059027777778,"United Kingdom",366.835,90.5,107.280092592593,"4","Loyal Customers","No"
14740,59.8416666666667,3,86.56,66,5,1.076,325.320833333333,"United Kingdom",28.8533333333333,22,132.739583333333,"3","Potential / Occasional","No"
14741,33.3180555555556,5,797.57,246,38,3.18026315789474,368.486805555556,"United Kingdom",159.514,49.2,83.7921875,"4","Loyal Customers","No"
14742,52.8118055555556,5,1060.77,310,38,3.38157894736842,228.495833333333,"United Kingdom",212.154,62,43.9210069444444,"4","Loyal Customers","No"
14743,11.50625,8,2727.06,635,81,4.11670731707317,289.044444444444,"United Kingdom",340.8825,79.375,39.6483134920635,"4","Loyal Customers","No"
14744,207.711111111111,1,191.45,53,5,5.826,207.711111111111,"United Kingdom",191.45,53,207.711111111111,"3","Potential / Occasional","No"
14745,168.799305555556,1,49.43,19,3,2.49,168.799305555556,"Germany",49.43,19,168.799305555556,"1","At-Risk / Dormant","No"
14746,204.786805555556,3,663.84,289,35,2.45540540540541,272.955555555556,"United Kingdom",221.28,96.3333333333333,34.084375,"3","Potential / Occasional","No"
14747,29.4270833333333,12,3585.7,1151,130,2.99888059701493,328.5125,"United Kingdom",298.808333333333,95.9166666666667,27.1895833333333,"4","Loyal Customers","No"
14748,123.996527777778,2,369.16,123,21,2.95190476190476,306.736805555556,"United Kingdom",184.58,61.5,182.740277777778,"3","Potential / Occasional","No"
14749,14.3722222222222,6,997.59,248,36,3.69416666666667,280.738194444444,"United Kingdom",166.265,41.3333333333333,53.2731944444444,"4","Loyal Customers","No"
14750,197.215972222222,1,657.98,83,6,3.87166666666667,197.215972222222,"France",657.98,83,197.215972222222,"3","Potential / Occasional","No"
14751,37.7263888888889,3,383.97,174,21,2.31428571428571,244.997916666667,"United Kingdom",127.99,58,103.635763888889,"3","Potential / Occasional","No"
14752,24.0041666666667,15,3276.42,1418,129,2.85664233576642,373.205555555556,"United Kingdom",218.428,94.5333333333333,24.9429563492064,"4","Loyal Customers","No"
14753,2.39583333333333,12,6982.58,2029,201,3.53582159624413,349.154166666667,"United Kingdom",581.881666666667,169.083333333333,31.5234848484848,"2","Champions / High-Value","Yes"
14754,172.095833333333,1,421.26,41,3,5.5,172.095833333333,"United Kingdom",421.26,41,172.095833333333,"3","Potential / Occasional","No"
14755,2.00763888888889,10,3821.33,922,116,3.96225,347.905555555556,"Germany",382.133,92.2,38.4331018518519,"2","Champions / High-Value","Yes"
14756,173.247916666667,1,41.94,16,2,3.225,173.247916666667,"United Kingdom",41.94,16,173.247916666667,"1","At-Risk / Dormant","No"
14757,160.220833333333,5,514.07,212,23,2.88375,313.971527777778,"United Kingdom",102.814,42.4,38.4376736111111,"3","Potential / Occasional","No"
14759,89.4673611111111,1,27.51,13,2,2.355,89.4673611111111,"United Kingdom",27.51,13,89.4673611111111,"1","At-Risk / Dormant","No"
14760,22.4090277777778,7,2008.16,546,51,3.52981818181818,289.757638888889,"United Kingdom",286.88,78,44.5581018518519,"4","Loyal Customers","No"
14761,270.168055555556,1,74.51,19,3,3.06666666666667,270.168055555556,"United Kingdom",74.51,19,270.168055555556,"1","At-Risk / Dormant","No"
14762,83.7263888888889,2,73.83,21,4,3.095,207.052777777778,"United Kingdom",36.915,10.5,123.326388888889,"1","At-Risk / Dormant","No"
14763,13.3006944444444,5,832.34,160,17,3.26470588235294,261.086111111111,"United Kingdom",166.468,32,61.9463541666667,"4","Loyal Customers","No"
14764,156.350694444444,4,954.42,360,32,2.67,333.716666666667,"United Kingdom",238.605,90,59.1219907407407,"4","Loyal Customers","No"
14765,77.6472222222222,6,2828.61,510,63,4.02952380952381,246.1375,"United Kingdom",471.435,85,33.6980555555555,"4","Loyal Customers","No"
14766,34.8548611111111,4,885.74,196,20,3.14380952380952,145.39375,"United Kingdom",221.435,49,36.8462962962963,"3","Potential / Occasional","No"
14767,73.3916666666667,6,1421.62,459,67,3.59380281690141,310.613888888889,"United Kingdom",236.936666666667,76.5,47.4444444444444,"4","Loyal Customers","No"
14768,30.2819444444444,6,2077.94,822,81,2.91329268292683,324.379861111111,"United Kingdom",346.323333333333,137,58.8195833333333,"4","Loyal Customers","No"
14769,7.27430555555556,7,1964,574,68,3.19869565217391,273.579166666667,"United Kingdom",280.571428571429,82,44.3841435185185,"4","Loyal Customers","No"
14770,6.57986111111111,16,6792.36,2065,201,3.20803571428571,360.625694444444,"United Kingdom",424.5225,129.0625,23.6030555555556,"2","Champions / High-Value","Yes"
14771,15.9020833333333,12,7536.41,2342,255,3.31677419354839,314.514583333333,"United Kingdom",628.034166666667,195.166666666667,27.1465909090909,"2","Champions / High-Value","Yes"
14772,8.425,30,40448.73,11620,902,3.33335930735931,351.086805555556,"United Kingdom",1348.291,387.333333333333,11.8159243295019,"2","Champions / High-Value","Yes"
14773,11.6979166666667,3,179.92,51,9,3.75222222222222,176.363888888889,"United Kingdom",59.9733333333333,17,82.3329861111111,"3","Potential / Occasional","No"
14774,25.5402777777778,9,2393.86,737,72,3.75931506849315,342.544444444444,"United Kingdom",265.984444444444,81.8888888888889,39.6255208333333,"4","Loyal Customers","No"
14775,33.8173611111111,8,1073.31,406,61,3.00049180327869,285.030555555556,"United Kingdom",134.16375,50.75,35.8875992063492,"4","Loyal Customers","No"
14776,329.204166666667,1,82.33,73,7,1.83714285714286,329.204166666667,"United Kingdom",82.33,73,329.204166666667,"3","Potential / Occasional","No"
14777,263.838194444444,1,37.12,12,2,2.77,263.838194444444,"United Kingdom",37.12,12,263.838194444444,"1","At-Risk / Dormant","No"
14778,7.06458333333333,34,37901.32,12058,982,3.34441384736428,328.509027777778,"France",1114.74470588235,354.647058823529,9.74074074074074,"2","Champions / High-Value","Yes"
14779,56.8243055555556,3,417.29,128,15,3.848,216.909027777778,"United Kingdom",139.096666666667,42.6666666666667,80.0423611111111,"3","Potential / Occasional","No"
14780,104.957638888889,2,97.22,44,7,1.97428571428571,119.684722222222,"United Kingdom",48.61,22,14.7270833333333,"1","At-Risk / Dormant","No"
14781,120.574305555556,3,126.71,49,8,2.685,310.988194444444,"United Kingdom",42.2366666666667,16.3333333333333,95.2069444444444,"3","Potential / Occasional","No"
14782,8.54236111111111,8,1732.25,654,62,2.69741935483871,337.811805555556,"United Kingdom",216.53125,81.75,47.0384920634921,"4","Loyal Customers","No"
14783,59.7236111111111,14,5074.87,1859,216,2.99170305676856,262.907638888889,"United Kingdom",362.490714285714,132.785714285714,15.6295405982906,"2","Champions / High-Value","Yes"
14784,32.9847222222222,9,1930.1,739,67,2.92602941176471,267.847222222222,"Belgium",214.455555555556,82.1111111111111,29.3578125,"4","Loyal Customers","No"
14785,34.0666666666667,3,325.64,101,10,4.17,244.810416666667,"United Kingdom",108.546666666667,33.6666666666667,105.371875,"3","Potential / Occasional","No"
14786,52.7673611111111,4,797.77,298,38,3.56461538461538,296.938194444444,"United Kingdom",199.4425,74.5,81.3902777777778,"4","Loyal Customers","No"
14787,34.3798611111111,4,718.88,304,24,2.82,126.697222222222,"United Kingdom",179.72,76,30.7724537037037,"3","Potential / Occasional","No"
14788,44.2305555555556,1,21.91,7,2,2.95,44.2305555555556,"United Kingdom",21.91,7,44.2305555555556,"1","At-Risk / Dormant","No"
14789,101.340972222222,4,971.05,241,24,3.47291666666667,287.940277777778,"United Kingdom",242.7625,60.25,62.1997685185185,"3","Potential / Occasional","No"
14790,1.52708333333333,8,1294.57,495,55,3.35456140350877,322.027083333333,"United Kingdom",161.82125,61.875,45.7857142857143,"4","Loyal Customers","No"
14791,52.6666666666667,2,239.13,90,8,3.045,284.592361111111,"United Kingdom",119.565,45,231.925694444444,"3","Potential / Occasional","No"
14792,63.8784722222222,4,444.65,255,28,1.80821428571429,207.365277777778,"United Kingdom",111.1625,63.75,47.8289351851852,"3","Potential / Occasional","No"
14793,53.8763888888889,1,332.23,106,7,3.57571428571429,53.8763888888889,"United Kingdom",332.23,106,53.8763888888889,"3","Potential / Occasional","No"
14794,27.6131944444444,1,118.82,72,4,4.275,27.6131944444444,"United Kingdom",118.82,72,27.6131944444444,"1","At-Risk / Dormant","No"
14795,18.825,5,2483.91,864,98,3.24504854368932,247.527083333333,"United Kingdom",496.782,172.8,57.1755208333333,"4","Loyal Customers","No"
14796,36.9909722222222,3,473.84,116,13,4.13769230769231,183.624305555556,"United Kingdom",157.946666666667,38.6666666666667,73.3166666666667,"3","Potential / Occasional","No"
14797,20.59375,9,2113.88,844,92,2.8440206185567,339.163194444444,"United Kingdom",234.875555555556,93.7777777777778,39.8211805555556,"4","Loyal Customers","No"
14798,2.55694444444444,5,1619.81,532,62,3.32619047619048,211.686805555556,"France",323.962,106.4,52.2824652777778,"4","Loyal Customers","No"
14799,143.413194444444,1,73.92,18,3,3.86,143.413194444444,"United Kingdom",73.92,18,143.413194444444,"1","At-Risk / Dormant","No"
14800,73.4111111111111,4,550.12,216,22,3.63347826086957,266.100694444444,"United Kingdom",137.53,54,64.2298611111111,"3","Potential / Occasional","No"
14801,5.88888888888889,26,31639.41,9420,817,3.37050961538462,351.511805555556,"United Kingdom",1216.90038461538,362.307692307692,13.8249166666667,"2","Champions / High-Value","Yes"
14802,77.05,3,1074.76,354,26,3.24896551724138,147.271527777778,"United Kingdom",358.253333333333,118,35.1107638888889,"4","Loyal Customers","No"
14803,107.581944444444,2,157.33,38,7,3.97571428571429,281.450694444444,"United Kingdom",78.665,19,173.86875,"3","Potential / Occasional","No"
14804,13.9958333333333,2,194.24,60,13,2.82846153846154,109.907638888889,"United Kingdom",97.12,30,95.9118055555555,"3","Potential / Occasional","No"
14805,137.563888888889,1,84.67,23,4,3.0825,137.563888888889,"United Kingdom",84.67,23,137.563888888889,"1","At-Risk / Dormant","No"
14806,13.5229166666667,4,1206.35,369,37,4.2872972972973,224.651388888889,"United Kingdom",301.5875,92.25,70.3761574074074,"4","Loyal Customers","No"
14807,100.532638888889,2,138.89,79,9,1.68666666666667,139.039583333333,"United Kingdom",69.445,39.5,38.5069444444444,"3","Potential / Occasional","No"
14808,40.4347222222222,3,149.94,72,11,1.79727272727273,306.959722222222,"United Kingdom",49.98,24,133.2625,"3","Potential / Occasional","No"
14809,16.8611111111111,1,329.82,80,5,5.314,16.8611111111111,"United Kingdom",329.82,80,16.8611111111111,"1","At-Risk / Dormant","No"
14810,317.58125,1,217.97,30,5,6.496,317.58125,"United Kingdom",217.97,30,317.58125,"3","Potential / Occasional","No"
14811,75.9826388888889,1,131.04,86,6,1.96333333333333,75.9826388888889,"EIRE",131.04,86,75.9826388888889,"3","Potential / Occasional","No"
14812,62.8826388888889,3,1407.54,162,15,4.352,335.302083333333,"Netherlands",469.18,54,136.209722222222,"3","Potential / Occasional","No"
14813,48.8222222222222,1,38.43,55,4,1.43,48.8222222222222,"United Kingdom",38.43,55,48.8222222222222,"1","At-Risk / Dormant","No"
14814,21.7638888888889,7,1501.67,420,51,3.2488679245283,330.934722222222,"United Kingdom",214.524285714286,60,51.5284722222222,"4","Loyal Customers","No"
14815,210.168055555556,3,561.04,114,16,4.383125,271.763888888889,"United Kingdom",187.013333333333,38,30.7979166666667,"3","Potential / Occasional","No"
14816,53.7916666666667,3,120.61,41,7,3.86428571428571,229.397916666667,"United Kingdom",40.2033333333333,13.6666666666667,87.803125,"1","At-Risk / Dormant","No"
14817,250.161805555556,2,154.35,52,9,3.98222222222222,296.865972222222,"United Kingdom",77.175,26,46.7041666666667,"3","Potential / Occasional","No"
14818,340.102083333333,1,80.26,36,6,1.73,340.102083333333,"United Kingdom",80.26,36,340.102083333333,"3","Potential / Occasional","No"
14819,162.141666666667,2,192.3,68,12,3.04833333333333,324.761805555556,"United Kingdom",96.15,34,162.620138888889,"3","Potential / Occasional","No"
14820,41.20625,6,532.81,273,27,2.2462962962963,254.381944444444,"United Kingdom",88.8016666666667,45.5,42.6351388888889,"3","Potential / Occasional","No"
14821,27.4493055555556,7,3558.56,743,70,3.76542857142857,329.238888888889,"France",508.365714285714,106.142857142857,50.2982638888889,"4","Loyal Customers","No"
14822,4.09652777777778,37,38201.66,12639,1067,3.10831132731063,363.524305555556,"France",1032.4772972973,341.594594594595,9.9841049382716,"2","Champions / High-Value","Yes"
14823,31.7722222222222,1,159.39,85,6,2.36666666666667,31.7722222222222,"United Kingdom",159.39,85,31.7722222222222,"1","At-Risk / Dormant","No"
14824,153.345833333333,6,547.84,191,26,2.83653846153846,316.279861111111,"United Kingdom",91.3066666666667,31.8333333333333,32.5868055555556,"3","Potential / Occasional","No"
14825,16.4854166666667,9,2320.03,654,67,3.7144776119403,227.790972222222,"United Kingdom",257.781111111111,72.6666666666667,26.4131944444444,"4","Loyal Customers","No"
14826,98.5847222222222,1,5.9,5,1,1.18,98.5847222222222,"United Kingdom",5.9,5,98.5847222222222,"1","At-Risk / Dormant","No"
14827,176.145138888889,4,788.06,281,20,4.5035,280.120833333333,"United Kingdom",197.015,70.25,34.6585648148148,"3","Potential / Occasional","No"
14828,21.5805555555556,12,8224.4,1910,169,3.75931818181818,336.560416666667,"United Kingdom",685.366666666667,159.166666666667,28.6345328282828,"2","Champions / High-Value","Yes"
14829,120.124305555556,3,618.49,136,15,4.89533333333333,300.739583333333,"United Kingdom",206.163333333333,45.3333333333333,90.3076388888889,"3","Potential / Occasional","No"
14830,113.729166666667,1,142.82,14,3,8.19,113.729166666667,"United Kingdom",142.82,14,113.729166666667,"1","At-Risk / Dormant","No"
14831,9.28472222222222,14,9845.12,2605,290,3.36622222222222,297.286805555556,"United Kingdom",703.222857142857,186.071428571429,22.1540064102564,"2","Champions / High-Value","Yes"
14832,43.1159722222222,15,6358.18,2200,236,2.9048046875,351.749305555556,"United Kingdom",423.878666666667,146.666666666667,22.0452380952381,"2","Champions / High-Value","Yes"
14833,83.5701388888889,5,1978.26,537,46,3.20173913043478,233.236111111111,"United Kingdom",395.652,107.4,37.4164930555556,"4","Loyal Customers","No"
14834,10.4180555555556,4,874.47,319,29,3.67724137931034,107.85625,"United Kingdom",218.6175,79.75,32.4793981481481,"4","Loyal Customers","No"
14835,58.425,3,585.22,219,33,2.39470588235294,210.686805555556,"United Kingdom",195.073333333333,73,76.1309027777778,"3","Potential / Occasional","No"
14836,22.8868055555556,6,3319.31,944,95,2.58041237113402,289.947916666667,"United Kingdom",553.218333333333,157.333333333333,53.4122222222222,"4","Loyal Customers","No"
14837,18.6569444444444,5,939.46,209,28,4.2725,229.643055555556,"United Kingdom",187.892,41.8,52.7465277777778,"4","Loyal Customers","No"
14838,25.9645833333333,3,1361.35,129,14,3.53428571428571,168.509722222222,"United Kingdom",453.783333333333,43,71.2725694444444,"3","Potential / Occasional","No"
14839,53.2673611111111,2,217.04,116,12,2.38083333333333,162.788194444444,"United Kingdom",108.52,58,109.520833333333,"3","Potential / Occasional","No"
14840,151.995833333333,1,229.17,13,2,18.885,151.995833333333,"United Kingdom",229.17,13,151.995833333333,"1","At-Risk / Dormant","No"
14841,158.489583333333,4,1432.73,323,34,5.75735294117647,348.49375,"United Kingdom",358.1825,80.75,63.3347222222222,"4","Loyal Customers","No"
14842,331.446527777778,1,81.04,31,7,2.85285714285714,331.446527777778,"United Kingdom",81.04,31,331.446527777778,"3","Potential / Occasional","No"
14843,33.5729166666667,8,1415.54,684,78,2.58455696202532,346.934722222222,"Germany",176.9425,85.5,44.7659722222222,"4","Loyal Customers","No"
14844,26.6965277777778,10,2333.32,688,84,3.50035294117647,291.61875,"United Kingdom",233.332,68.8,29.4358024691358,"4","Loyal Customers","No"
14845,19.1958333333333,6,2146.16,465,51,4.39078431372549,224.616666666667,"United Kingdom",357.693333333333,77.5,41.0841666666667,"4","Loyal Customers","No"
14846,33.1326388888889,8,2471.07,850,80,3.28888888888889,188.652083333333,"United Kingdom",308.88375,106.25,22.2170634920635,"4","Loyal Customers","No"
14847,112.978472222222,3,370.8,159,13,3.69307692307692,261.066666666667,"United Kingdom",123.6,53,74.0440972222222,"3","Potential / Occasional","No"
14848,15.8506944444444,16,5285.78,2178,208,2.82170305676856,336.719444444444,"United Kingdom",330.36125,136.125,21.39125,"2","Champions / High-Value","Yes"
14849,64.1597222222222,7,698.78,274,43,2.60244444444444,355.784722222222,"United Kingdom",99.8257142857143,39.1428571428571,48.6041666666667,"4","Loyal Customers","No"
14850,45.6395833333333,2,303.06,37,6,6.74833333333333,66.6506944444444,"Channel Islands",151.53,18.5,21.0111111111111,"1","At-Risk / Dormant","No"
14851,14.1319444444444,13,6513.74,2077,216,3.23495689655172,256.686805555556,"United Kingdom",501.056923076923,159.769230769231,20.2129050925926,"2","Champions / High-Value","Yes"
14852,16.3041666666667,9,1577.27,592,58,2.51830508474576,300.302083333333,"United Kingdom",175.252222222222,65.7777777777778,35.4997395833333,"4","Loyal Customers","No"
14853,62.1055555555556,9,4902.48,1437,132,3.75521739130435,349.79375,"United Kingdom",544.72,159.666666666667,35.9610243055556,"2","Champions / High-Value","Yes"
14854,28.8659722222222,6,2176.16,597,47,2.821875,225.632638888889,"United Kingdom",362.693333333333,99.5,39.3533333333333,"4","Loyal Customers","No"
14855,12.0152777777778,10,3209.44,1357,139,2.73855172413793,277.109722222222,"United Kingdom",320.944,135.7,29.4549382716049,"2","Champions / High-Value","Yes"
14856,153.203472222222,4,243.46,97,10,2.594,232.159027777778,"United Kingdom",60.865,24.25,26.3185185185185,"3","Potential / Occasional","No"
14857,264.997222222222,2,103.53,28,6,4.77166666666667,348.347916666667,"United Kingdom",51.765,14,83.3506944444445,"1","At-Risk / Dormant","No"
14858,100.921527777778,3,692.99,140,17,4.05647058823529,192.460416666667,"United Kingdom",230.996666666667,46.6666666666667,45.7694444444444,"3","Potential / Occasional","No"
14859,6.52222222222222,6,1859.37,463,40,5.06317073170732,297.113194444444,"United Kingdom",309.895,77.1666666666667,58.1181944444444,"4","Loyal Customers","No"
14860,16.5402777777778,2,146.74,57,13,2.67846153846154,68.0145833333333,"United Kingdom",73.37,28.5,51.4743055555556,"1","At-Risk / Dormant","No"
14861,5.17013888888889,4,447.08,180,23,3.17,157.24375,"United Kingdom",111.77,45,50.6912037037037,"4","Loyal Customers","No"
14862,102.614583333333,4,604.79,331,37,2.4427027027027,294.61875,"United Kingdom",151.1975,82.75,64.0013888888889,"3","Potential / Occasional","No"
14863,21.8388888888889,3,1193.15,200,28,5.03892857142857,230.040972222222,"United Kingdom",397.716666666667,66.6666666666667,104.101041666667,"4","Loyal Customers","No"
14864,23.63125,7,2615.31,945,90,3.3318085106383,329.356944444444,"United Kingdom",373.615714285714,135,50.9542824074074,"4","Loyal Customers","No"
14865,11.3930555555556,2,94.73,59,10,1.89545454545455,101.073611111111,"United Kingdom",47.365,29.5,89.6805555555555,"1","At-Risk / Dormant","No"
14866,41.8486111111111,5,1083.56,224,28,4.48964285714286,241.382638888889,"United Kingdom",216.712,44.8,49.8835069444444,"4","Loyal Customers","No"
14867,5.17291666666667,9,3807.2,1100,104,3.14349056603774,322.974305555556,"United Kingdom",423.022222222222,122.222222222222,39.7251736111111,"2","Champions / High-Value","Yes"
14868,30.2527777777778,13,11049.69,3104,350,3.442,292.822222222222,"United Kingdom",849.976153846154,238.769230769231,21.880787037037,"2","Champions / High-Value","Yes"
14869,45.6493055555556,4,499.99,162,16,3.31625,250.374305555556,"United Kingdom",124.9975,40.5,68.2416666666667,"3","Potential / Occasional","No"
14870,4.9375,3,263.6,65,9,4.27444444444444,179.923611111111,"United Kingdom",87.8666666666667,21.6666666666667,87.4930555555556,"3","Potential / Occasional","No"
14871,11.6013888888889,7,1719.49,418,37,2.96621621621622,225.845138888889,"United Kingdom",245.641428571429,59.7142857142857,35.7072916666667,"4","Loyal Customers","No"
14872,23.7923611111111,4,559.89,147,10,4.649,307.6875,"United Kingdom",139.9725,36.75,94.631712962963,"3","Potential / Occasional","No"
14873,108.065277777778,1,160.8,12,1,13.4,108.065277777778,"United Kingdom",160.8,12,108.065277777778,"1","At-Risk / Dormant","No"
14874,57.1819444444444,4,179.33,141,11,1.33272727272727,293.619444444444,"United Kingdom",44.8325,35.25,78.8125,"3","Potential / Occasional","No"
14875,53.2375,2,229.83,111,12,2.50538461538462,64.1743055555555,"United Kingdom",114.915,55.5,10.9368055555556,"3","Potential / Occasional","No"
14876,315.277777777778,1,41.8,23,4,1.905,315.277777777778,"United Kingdom",41.8,23,315.277777777778,"1","At-Risk / Dormant","No"
14877,243.945833333333,1,51.81,11,1,4.71,243.945833333333,"United Kingdom",51.81,11,243.945833333333,"1","At-Risk / Dormant","No"
14878,18.3381944444444,2,52.64,7,2,8.59,210.329166666667,"United Kingdom",26.32,3.5,191.990972222222,"1","At-Risk / Dormant","No"
14879,19.8319444444444,1,67.83,17,4,5.11,19.8319444444444,"United Kingdom",67.83,17,19.8319444444444,"1","At-Risk / Dormant","No"
14880,38.6361111111111,5,2196.96,552,57,3.14847457627119,285.191666666667,"United Kingdom",439.392,110.4,61.6388888888889,"4","Loyal Customers","No"
14881,30.6069444444444,5,905.67,251,27,4.38259259259259,347.838888888889,"United Kingdom",181.134,50.2,79.3079861111111,"4","Loyal Customers","No"
14882,162.972222222222,2,227.25,111,12,3.07833333333333,305.102777777778,"United Kingdom",113.625,55.5,142.130555555556,"3","Potential / Occasional","No"
14883,18.1284722222222,1,43.43,30,6,1.93833333333333,18.1284722222222,"United Kingdom",43.43,30,18.1284722222222,"1","At-Risk / Dormant","No"
14884,292.269444444444,1,242.34,45,5,5.44,292.269444444444,"United Kingdom",242.34,45,292.269444444444,"3","Potential / Occasional","No"
14885,102.205555555556,3,490.3,163,13,3.18538461538462,191.381944444444,"United Kingdom",163.433333333333,54.3333333333333,44.5881944444445,"3","Potential / Occasional","No"
14886,48.6729166666667,1,77.94,27,5,2.756,48.6729166666667,"United Kingdom",77.94,27,48.6729166666667,"1","At-Risk / Dormant","No"
14887,20.6541666666667,5,1171.44,368,45,3.58,322.098611111111,"United Kingdom",234.288,73.6,75.3611111111111,"4","Loyal Customers","No"
14888,140.16875,2,153.62,40,7,3.41142857142857,169.679861111111,"United Kingdom",76.81,20,29.5111111111111,"1","At-Risk / Dormant","No"
14889,9.60277777777778,3,132.1,59,7,2.01142857142857,240.168055555556,"EIRE",44.0333333333333,19.6666666666667,115.282638888889,"3","Potential / Occasional","No"
14890,37.425,6,1703.31,565,53,2.56444444444444,203.24375,"Germany",283.885,94.1666666666667,33.16375,"4","Loyal Customers","No"
14891,38.1333333333333,2,251.14,60,4,6.2175,112.922222222222,"United Kingdom",125.57,30,74.7888888888889,"3","Potential / Occasional","No"
14892,66.1131944444444,3,126.8,100,8,2.0075,113.410416666667,"United Kingdom",42.2666666666667,33.3333333333333,23.6486111111111,"1","At-Risk / Dormant","No"
14893,8.31041666666667,12,3737.31,1336,147,3.21655844155844,333.120833333333,"United Kingdom",311.4425,111.333333333333,29.5282196969697,"2","Champions / High-Value","Yes"
14894,7.66458333333333,13,5781.7,1579,166,3.12162921348315,355.988194444444,"United Kingdom",444.746153846154,121.461538461538,29.0269675925926,"2","Champions / High-Value","Yes"
14895,33.1770833333333,7,2484.77,635,63,4.50136363636364,241.119444444444,"United Kingdom",354.967142857143,90.7142857142857,34.6570601851852,"4","Loyal Customers","No"
14896,8.63888888888889,11,2378.11,940,94,2.65770833333333,210.901388888889,"United Kingdom",216.191818181818,85.4545454545455,20.22625,"4","Loyal Customers","No"
14897,74.4590277777778,10,5126.86,1421,155,3.49865853658537,259.104166666667,"United Kingdom",512.686,142.1,20.5161265432099,"2","Champions / High-Value","Yes"
14898,122.945833333333,3,1255.87,289,22,3.97318181818182,256.588194444444,"United Kingdom",418.623333333333,96.3333333333333,66.8211805555556,"4","Loyal Customers","No"
14899,202.613888888889,1,72.03,26,6,2.25833333333333,202.613888888889,"United Kingdom",72.03,26,202.613888888889,"1","At-Risk / Dormant","No"
14900,2.86458333333333,11,4291.5,1397,148,3.26898089171975,298.892361111111,"United Kingdom",390.136363636364,127,29.6027777777778,"2","Champions / High-Value","Yes"
14901,191.068055555556,1,22.29,9,2,2.355,191.068055555556,"United Kingdom",22.29,9,191.068055555556,"1","At-Risk / Dormant","No"
14902,54.9,4,1490.18,271,19,4.11526315789474,316.486111111111,"United Kingdom",372.545,67.75,87.1953703703704,"4","Loyal Customers","No"
14903,116.154166666667,3,265.99,110,11,2.32181818181818,235.404861111111,"United Kingdom",88.6633333333333,36.6666666666667,59.6253472222222,"3","Potential / Occasional","No"
14904,30.0270833333333,5,934.26,238,32,4.2496875,315.775694444444,"United Kingdom",186.852,47.6,71.4371527777778,"4","Loyal Customers","No"
14905,114.10625,2,295.58,113,10,2.366,221.802777777778,"United Kingdom",147.79,56.5,107.696527777778,"3","Potential / Occasional","No"
14906,61.6861111111111,2,184.4,134,10,1.244,127.435416666667,"Germany",92.2,67,65.7493055555556,"3","Potential / Occasional","No"
14907,140.225694444444,1,224.15,67,4,3.68,140.225694444444,"EIRE",224.15,67,140.225694444444,"3","Potential / Occasional","No"
14908,11.0722222222222,2,262.66,108,13,3.72692307692308,73.9229166666667,"United Kingdom",131.33,54,62.8506944444444,"3","Potential / Occasional","No"
14909,197.578472222222,4,303.34,108,11,2.85,301.60625,"United Kingdom",75.835,27,34.6759259259259,"3","Potential / Occasional","No"
14910,171.94375,5,2009.3,449,49,3.048,359.418055555556,"United Kingdom",401.86,89.8,46.8685763888889,"4","Loyal Customers","No"
14911,148.059027777778,2,384.59,146,20,3.069,215.941666666667,"United Kingdom",192.295,73,67.8826388888889,"3","Potential / Occasional","No"
14912,19.4645833333333,6,2066.27,737,78,2.800125,188.692361111111,"United Kingdom",344.378333333333,122.833333333333,33.8455555555555,"4","Loyal Customers","No"
14913,83.41875,3,284.64,130,9,3.13,237.2125,"United Kingdom",94.88,43.3333333333333,76.896875,"3","Potential / Occasional","No"
14914,15.0722222222222,4,955.94,257,21,4.02,350.711111111111,"United Kingdom",238.985,64.25,111.87962962963,"4","Loyal Customers","No"
14915,122.459722222222,1,197.56,84,7,3.44142857142857,122.459722222222,"United Kingdom",197.56,84,122.459722222222,"3","Potential / Occasional","No"
14916,100.250694444444,10,2532,790,79,3.36192771084337,343.884722222222,"United Kingdom",253.2,79,27.0704475308642,"4","Loyal Customers","No"
14917,129.903472222222,1,12.94,11,2,0.865,129.903472222222,"United Kingdom",12.94,11,129.903472222222,"1","At-Risk / Dormant","No"
14918,36.5319444444444,2,146.82,71,13,2,66.0333333333333,"United Kingdom",73.41,35.5,29.5013888888889,"1","At-Risk / Dormant","No"
14919,155.876388888889,4,300.9,139,17,2.21941176470588,286.772916666667,"United Kingdom",75.225,34.75,43.6321759259259,"3","Potential / Occasional","No"
14920,12.9638888888889,5,456.91,174,13,2.10153846153846,295.51875,"United Kingdom",91.382,34.8,70.6387152777778,"3","Potential / Occasional","No"
14921,19,10,3948.35,1054,115,4.02957627118644,199.154861111111,"United Kingdom",394.835,105.4,20.0172067901235,"4","Loyal Customers","No"
14922,21.9958333333333,6,1760.99,487,54,3.37185185185185,191.355555555556,"United Kingdom",293.498333333333,81.1666666666667,33.8719444444444,"4","Loyal Customers","No"
14923,139.577777777778,2,296.34,95,9,3.81111111111111,231.224305555556,"United Kingdom",148.17,47.5,91.6465277777778,"3","Potential / Occasional","No"
14924,7.13125,18,16539.59,4548,454,3.64765503875969,336.045138888889,"United Kingdom",918.866111111111,252.666666666667,19.3478758169935,"2","Champions / High-Value","Yes"
14925,77.4784722222222,5,370.8,179,19,1.79631578947368,329.055555555556,"United Kingdom",74.16,35.8,62.8942708333333,"3","Potential / Occasional","No"
14926,76.9229166666667,5,675.85,205,27,2.96481481481481,209.90625,"United Kingdom",135.17,41,33.2458333333333,"3","Potential / Occasional","No"
14927,63.9479166666667,6,804.56,274,38,3.19475,352.008333333333,"United Kingdom",134.093333333333,45.6666666666667,57.6120833333333,"4","Loyal Customers","No"
14928,11.0888888888889,4,471.04,202,26,3.10153846153846,296.089583333333,"United Kingdom",117.76,50.5,95.0002314814815,"4","Loyal Customers","No"
14929,57.3923611111111,8,2831.64,826,92,3.83702127659574,308.565277777778,"United Kingdom",353.955,103.25,35.8818452380952,"4","Loyal Customers","No"
14930,167.5875,1,188.31,79,5,1.336,167.5875,"France",188.31,79,167.5875,"3","Potential / Occasional","No"
14931,86.2680555555555,1,36.3,12,3,4.22333333333333,86.2680555555555,"United Kingdom",36.3,12,86.2680555555555,"1","At-Risk / Dormant","No"
14932,131.203472222222,4,1180.41,291,36,3.85888888888889,229.164583333333,"United Kingdom",295.1025,72.75,32.6537037037037,"4","Loyal Customers","No"
14933,63.2652777777778,6,770.25,261,25,3.7324,301.047222222222,"United Kingdom",128.375,43.5,47.5563888888889,"3","Potential / Occasional","No"
14934,69.2291666666667,3,804.97,208,18,4.82388888888889,179.124305555556,"United Kingdom",268.323333333333,69.3333333333333,54.9475694444444,"3","Potential / Occasional","No"
14935,75.1777777777778,2,476.09,100,9,6.75888888888889,80.5444444444445,"United Kingdom",238.045,50,5.36666666666667,"3","Potential / Occasional","No"
14936,5.20347222222222,14,2149.19,657,79,2.79925,328.290972222222,"United Kingdom",153.513571428571,46.9285714285714,24.8528846153846,"4","Loyal Customers","No"
14937,210.593055555556,1,88.55,33,7,2.65142857142857,210.593055555556,"United Kingdom",88.55,33,210.593055555556,"3","Potential / Occasional","No"
14938,101.604166666667,3,324.93,149,13,2.45923076923077,315.248611111111,"United Kingdom",108.31,49.6666666666667,106.822222222222,"3","Potential / Occasional","No"
14939,7.28263888888889,5,777.89,320,37,2.91135135135135,305.777777777778,"United Kingdom",155.578,64,74.6237847222222,"4","Loyal Customers","No"
14940,46.3229166666667,7,2850.73,891,89,3.19150537634409,309.692361111111,"United Kingdom",407.247142857143,127.285714285714,43.8949074074074,"4","Loyal Customers","No"
14941,42.7965277777778,7,2156.95,652,73,3.95364864864865,327.342361111111,"United Kingdom",308.135714285714,93.1428571428571,47.4243055555556,"4","Loyal Customers","No"
14942,3.77986111111111,7,1511.83,713,67,2.77507462686567,360.257638888889,"United Kingdom",215.975714285714,101.857142857143,59.412962962963,"4","Loyal Customers","No"
14943,91.65,5,1213.61,315,38,3.81131578947368,269.177083333333,"United Kingdom",242.722,63,44.3817708333333,"4","Loyal Customers","No"
14944,65.2597222222222,6,1125.89,431,31,3.02903225806452,355.788194444444,"United Kingdom",187.648333333333,71.8333333333333,58.1056944444445,"4","Loyal Customers","No"
14945,8.70347222222222,13,6860.25,1592,174,3.73335164835165,280.820833333333,"United Kingdom",527.711538461538,122.461538461538,22.6764467592593,"2","Champions / High-Value","Yes"
14946,65.8256944444445,3,230.69,122,9,2.30444444444444,178.920833333333,"United Kingdom",76.8966666666667,40.6666666666667,56.5475694444444,"3","Potential / Occasional","No"
14947,175.068055555556,1,29.52,10,3,4.34666666666667,175.068055555556,"United Kingdom",29.52,10,175.068055555556,"1","At-Risk / Dormant","No"
14948,38.7333333333333,4,1587.36,290,20,3.964,110.786805555556,"Belgium",396.84,72.5,24.0178240740741,"4","Loyal Customers","No"
14949,2.92013888888889,11,4209.29,1496,164,3.42197674418605,329.539583333333,"United Kingdom",382.662727272727,136,32.6619444444444,"2","Champions / High-Value","Yes"
14950,74.4993055555556,6,1833.5,575,44,3.19113636363636,246.684722222222,"United Kingdom",305.583333333333,95.8333333333333,34.4370833333333,"4","Loyal Customers","No"
14951,13.6680555555556,5,1222.24,279,23,3.5504347826087,297.14375,"United Kingdom",244.448,55.8,70.8689236111111,"4","Loyal Customers","No"
14952,82.9104166666667,10,2222.77,645,85,3.86655172413793,331.127083333333,"France",222.277,64.5,27.5796296296296,"4","Loyal Customers","No"
14953,14.0159722222222,12,2975.82,926,123,3.420703125,334.874305555556,"United Kingdom",247.985,77.1666666666667,29.1689393939394,"4","Loyal Customers","No"
14954,57.6722222222222,4,826.45,262,21,4.27952380952381,280.439583333333,"United Kingdom",206.6125,65.5,74.2557870370371,"4","Loyal Customers","No"
14955,65.0013888888889,1,124.52,70,4,2.525,65.0013888888889,"United Kingdom",124.52,70,65.0013888888889,"1","At-Risk / Dormant","No"
14956,6.01458333333333,11,4076.93,1261,116,3.19072580645161,313.159722222222,"United Kingdom",370.63,114.636363636364,30.7145138888889,"2","Champions / High-Value","Yes"
14957,2.92638888888889,5,1377.93,541,54,2.79218181818182,226.946527777778,"United Kingdom",275.586,108.2,56.0050347222222,"4","Loyal Customers","No"
14958,36.1416666666667,7,1727.96,519,57,3.95793103448276,274.371527777778,"United Kingdom",246.851428571429,74.1428571428571,39.7049768518519,"4","Loyal Customers","No"
14959,35.3305555555556,3,507.76,249,20,2.5065,73.3590277777778,"United Kingdom",169.253333333333,83,19.0142361111111,"3","Potential / Occasional","No"
14960,6.10555555555556,33,40711.25,12675,1018,3.21821533923304,291.826388888889,"United Kingdom",1233.67424242424,384.090909090909,8.92877604166667,"2","Champions / High-Value","Yes"
14961,6.71180555555556,16,5632.56,1965,216,2.66914893617021,356.005555555556,"United Kingdom",352.035,122.8125,23.28625,"2","Champions / High-Value","Yes"
14962,137.764583333333,4,1740.33,547,59,3.16866666666667,273.825,"United Kingdom",435.0825,136.75,45.3534722222222,"4","Loyal Customers","No"
14963,75.5722222222222,3,362.61,149,15,2.76733333333333,104.056944444444,"Germany",120.87,49.6666666666667,14.2423611111111,"3","Potential / Occasional","No"
14964,73.76875,4,1105.54,282,24,3.15458333333333,146.198611111111,"United Kingdom",276.385,70.5,24.143287037037,"3","Potential / Occasional","No"
14965,12.0479166666667,8,2694.03,778,92,3.00347368421053,307.359722222222,"United Kingdom",336.75375,97.25,42.1874007936508,"4","Loyal Customers","No"
14966,50.2361111111111,5,2285.02,430,48,3.5225,281.477777777778,"United Kingdom",457.004,86,57.8104166666667,"4","Loyal Customers","No"
14967,25.0541666666667,5,862.68,315,33,3.67242424242424,193.165277777778,"United Kingdom",172.536,63,42.0277777777778,"4","Loyal Customers","No"
14968,125.454861111111,3,1509.57,350,25,4.278,364.252777777778,"United Kingdom",503.19,116.666666666667,119.398958333333,"4","Loyal Customers","No"
14969,63.0090277777778,7,2538.57,647,83,3.81170454545455,312.076388888889,"United Kingdom",362.652857142857,92.4285714285714,41.5112268518519,"4","Loyal Customers","No"
14970,79.5638888888889,7,1990.21,608,56,3.40087719298246,319.955555555556,"United Kingdom",284.315714285714,86.8571428571429,40.0652777777778,"4","Loyal Customers","No"
14971,50.7166666666667,2,86.07,23,4,3.4125,66.4756944444444,"United Kingdom",43.035,11.5,15.7590277777778,"1","At-Risk / Dormant","No"
14972,5.84444444444444,6,1417.18,418,44,4.1575,339.150694444444,"United Kingdom",236.196666666667,69.6666666666667,66.66125,"4","Loyal Customers","No"
14973,87.2548611111111,1,152.78,62,5,3.33,87.2548611111111,"United Kingdom",152.78,62,87.2548611111111,"3","Potential / Occasional","No"
14974,70.5409722222222,8,3225.1,1063,114,3.28008474576271,217.097222222222,"United Kingdom",403.1375,132.875,20.9366071428571,"4","Loyal Customers","No"
14975,42.3590277777778,3,296.49,156,13,2.83538461538462,267.085416666667,"United Kingdom",98.83,52,112.363194444444,"3","Potential / Occasional","No"
14976,41.5305555555556,4,1187.81,342,45,3.83574468085106,275.514583333333,"United Kingdom",296.9525,85.5,77.9946759259259,"4","Loyal Customers","No"
14977,77.1597222222222,3,123.97,52,8,2.0525,163.259722222222,"United Kingdom",41.3233333333333,17.3333333333333,43.05,"1","At-Risk / Dormant","No"
14978,70.0472222222222,4,285.92,84,15,3.14333333333333,234.360416666667,"United Kingdom",71.48,21,54.7710648148148,"3","Potential / Occasional","No"
14979,8.83402777777778,17,8773.51,2706,292,3.46352750809061,283.709027777778,"United Kingdom",516.088823529412,159.176470588235,17.1796875,"2","Champions / High-Value","Yes"
14980,70.4395833333333,4,584.99,168,25,3.074,336.141666666667,"United Kingdom",146.2475,42,88.5673611111111,"3","Potential / Occasional","No"
14981,60.6354166666667,5,2075.59,681,57,3.14,225.859722222222,"United Kingdom",415.118,136.2,41.3060763888889,"4","Loyal Customers","No"
14982,1.25069444444444,11,4620.57,1126,109,3.64361344537815,310.401388888889,"United Kingdom",420.051818181818,102.363636363636,30.9150694444444,"2","Champions / High-Value","Yes"
14983,3.73125,24,16986.94,5558,544,3.25387401574803,343.696527777778,"France",707.789166666667,231.583333333333,14.7810990338164,"2","Champions / High-Value","Yes"
14984,16.3625,12,7823.64,2290,224,3.47052845528455,365.915972222222,"United Kingdom",651.97,190.833333333333,31.7775883838384,"2","Champions / High-Value","Yes"
14985,300.179166666667,2,281.39,128,8,4.32375,308.657638888889,"United Kingdom",140.695,64,8.47847222222219,"3","Potential / Occasional","No"
14986,22.0541666666667,4,621.93,175,23,4.53791666666667,253.326388888889,"United Kingdom",155.4825,43.75,77.0907407407407,"3","Potential / Occasional","No"
14987,2.225,7,2595.56,607,58,3.75416666666667,341.697916666667,"United Kingdom",370.794285714286,86.7142857142857,56.5788194444444,"4","Loyal Customers","No"
14988,47.5159722222222,6,1649.37,362,31,3.6858064516129,199.79375,"United Kingdom",274.895,60.3333333333333,30.4555555555556,"4","Loyal Customers","No"
14989,19.8375,6,881.56,399,49,2.87862745098039,227.470833333333,"United Kingdom",146.926666666667,66.5,41.5266666666667,"4","Loyal Customers","No"
14990,26.9138888888889,3,1121.41,348,28,3.28034482758621,282.456944444444,"United Kingdom",373.803333333333,116,127.771527777778,"4","Loyal Customers","No"
14991,107.008333333333,2,399.65,161,13,2.00461538461538,188.646527777778,"United Kingdom",199.825,80.5,81.6381944444444,"3","Potential / Occasional","No"
14992,103.648611111111,5,1239.67,398,45,3.31444444444444,362.872916666667,"United Kingdom",247.934,79.6,64.8060763888889,"4","Loyal Customers","No"
14993,3.56805555555556,7,1234.92,423,43,3.43,302.864583333333,"United Kingdom",176.417142857143,60.4285714285714,49.8827546296296,"4","Loyal Customers","No"
14994,5.66736111111111,12,6454.81,1896,178,3.46753926701571,303.993055555556,"United Kingdom",537.900833333333,158,27.1205176767677,"2","Champions / High-Value","Yes"
14995,69.1402777777778,4,248.45,83,12,3.02666666666667,333.874305555556,"United Kingdom",62.1125,20.75,88.2446759259259,"3","Potential / Occasional","No"
14996,265.7125,1,128.94,37,8,3.22125,265.7125,"United Kingdom",128.94,37,265.7125,"3","Potential / Occasional","No"
14997,110.084027777778,2,506.91,196,19,3.81210526315789,287.73125,"United Kingdom",253.455,98,177.647222222222,"3","Potential / Occasional","No"
14998,46.625,6,1055.2,391,37,3.04945945945946,353.281944444444,"United Kingdom",175.866666666667,65.1666666666667,61.3313888888889,"4","Loyal Customers","No"
14999,4.57152777777778,6,1436.78,342,42,3.48883720930233,183.990972222222,"United Kingdom",239.463333333333,57,35.8838888888889,"4","Loyal Customers","No"
15000,180.290277777778,1,10.52,8,2,1.315,180.290277777778,"France",10.52,8,180.290277777778,"1","At-Risk / Dormant","No"
15001,70.1597222222222,4,715.47,250,27,3.26740740740741,268.709722222222,"United Kingdom",178.8675,62.5,66.1833333333333,"3","Potential / Occasional","No"
15002,258.526388888889,1,397.95,127,8,2.525,258.526388888889,"United Kingdom",397.95,127,258.526388888889,"3","Potential / Occasional","No"
15003,55.3381944444444,4,160.76,65,12,2.285,266.392361111111,"United Kingdom",40.19,16.25,70.3513888888889,"3","Potential / Occasional","No"
15004,68.41875,9,1988.89,832,85,2.59476744186047,329.120833333333,"United Kingdom",220.987777777778,92.4444444444444,32.5877604166667,"4","Loyal Customers","No"
15005,20.3388888888889,1,56.4,13,2,5.13,20.3388888888889,"United Kingdom",56.4,13,20.3388888888889,"1","At-Risk / Dormant","No"
15006,5.05277777777778,4,1189.5,315,28,4.1051724137931,114.6875,"United Kingdom",297.375,78.75,36.5449074074074,"4","Loyal Customers","No"
15007,44.0361111111111,7,719.8,304,52,2.77673076923077,275.305555555556,"United Kingdom",102.828571428571,43.4285714285714,38.5449074074074,"4","Loyal Customers","No"
15008,105.020138888889,8,4190.45,1149,105,3.35351351351351,262.500694444444,"United Kingdom",523.80625,143.625,22.4972222222222,"4","Loyal Customers","No"
15009,134.082638888889,2,692.42,234,12,2.59833333333333,265.906944444444,"United Kingdom",346.21,117,131.824305555556,"3","Potential / Occasional","No"
15010,149.04375,1,242.47,100,4,2.2175,149.04375,"United Kingdom",242.47,100,149.04375,"3","Potential / Occasional","No"
15011,34.71875,10,5131.51,1700,182,3.26088082901554,284.549305555556,"United Kingdom",513.151,170,27.758950617284,"2","Champions / High-Value","Yes"
15012,38.6493055555556,6,1477.29,424,47,3.26125,210.063888888889,"United Kingdom",246.215,70.6666666666667,34.2829166666667,"4","Loyal Customers","No"
15013,24.4451388888889,7,1925.19,808,91,2.81021276595745,219.745138888889,"France",275.027142857143,115.428571428571,32.55,"4","Loyal Customers","No"
15014,90.4104166666667,3,368.89,153,26,2.24814814814815,170.236805555556,"United Kingdom",122.963333333333,51,39.9131944444444,"3","Potential / Occasional","No"
15015,91.375,2,138.06,36,5,3.988,214.482638888889,"United Kingdom",69.03,18,123.107638888889,"1","At-Risk / Dormant","No"
15016,316.138194444444,2,238.11,28,4,8.1675,324.502083333333,"United Kingdom",119.055,14,8.36388888888894,"3","Potential / Occasional","No"
15017,38.1770833333333,6,2078.09,610,59,3.49822580645161,319.377777777778,"United Kingdom",346.348333333333,101.666666666667,56.2401388888889,"4","Loyal Customers","No"
15018,11.1416666666667,6,1678.55,266,32,4.15424242424242,328.678472222222,"United Kingdom",279.758333333333,44.3333333333333,63.5073611111111,"4","Loyal Customers","No"
15019,64.5083333333333,4,730.23,157,10,3.989,345.7625,"United Kingdom",182.5575,39.25,93.7513888888889,"3","Potential / Occasional","No"
15020,76.8618055555555,4,200.04,105,20,2.0555,219.963194444444,"United Kingdom",50.01,26.25,47.700462962963,"3","Potential / Occasional","No"
15021,13.8645833333333,10,3862.73,1224,109,3.06464912280702,218.659722222222,"United Kingdom",386.273,122.4,22.7550154320988,"2","Champions / High-Value","Yes"
15022,35.1125,4,837.51,295,23,2.19304347826087,239.241666666667,"United Kingdom",209.3775,73.75,68.0430555555556,"4","Loyal Customers","No"
15023,35.1972222222222,9,1962.8,583,74,3.48067567567568,326.835416666667,"United Kingdom",218.088888888889,64.7777777777778,36.4547743055556,"4","Loyal Customers","No"
15024,139.488888888889,2,31.58,18,2,1.77,165.308333333333,"United Kingdom",15.79,9,25.8194444444445,"1","At-Risk / Dormant","No"
15025,320.154166666667,1,108.28,25,6,4.395,320.154166666667,"United Kingdom",108.28,25,320.154166666667,"3","Potential / Occasional","No"
15026,4.02638888888889,17,11678.49,3314,283,3.31214057507987,277.406944444444,"United Kingdom",686.97,194.941176470588,17.0862847222222,"2","Champions / High-Value","Yes"
15027,176.640277777778,1,42.14,19,3,2.36666666666667,176.640277777778,"United Kingdom",42.14,19,176.640277777778,"1","At-Risk / Dormant","No"
15028,10.2409722222222,2,870.16,162,12,3.96166666666667,240.521527777778,"Denmark",435.08,81,230.280555555556,"4","Loyal Customers","No"
15029,263.519444444444,1,62.39,26,5,1.986,263.519444444444,"United Kingdom",62.39,26,263.519444444444,"1","At-Risk / Dormant","No"
15030,160.972916666667,1,227.8,96,10,3.051,160.972916666667,"United Kingdom",227.8,96,160.972916666667,"3","Potential / Occasional","No"
15031,45.0618055555556,6,718.21,209,34,4.09588235294118,346.201388888889,"United Kingdom",119.701666666667,34.8333333333333,60.2279166666667,"4","Loyal Customers","No"
15032,78.0902777777778,2,357.11,98,7,4.82571428571429,160.761111111111,"United Kingdom",178.555,49,82.6708333333333,"3","Potential / Occasional","No"
15033,145.85,1,30.8,21,4,1.555,145.85,"United Kingdom",30.8,21,145.85,"1","At-Risk / Dormant","No"
15034,58.9326388888889,6,731.1,368,48,2.565,225.720138888889,"United Kingdom",121.85,61.3333333333333,33.3575,"4","Loyal Customers","No"
15035,21.2416666666667,24,24304.07,7356,660,3.24887236679058,320.086111111111,"United Kingdom",1012.66958333333,306.5,12.9932367149758,"2","Champions / High-Value","Yes"
15036,55.6833333333333,2,267.25,53,3,3.83666666666667,211.46875,"United Kingdom",133.625,26.5,155.785416666667,"3","Potential / Occasional","No"
15037,15.4638888888889,11,2317.76,874,101,2.97904761904762,312.161111111111,"United Kingdom",210.705454545455,79.4545454545455,29.6697222222222,"4","Loyal Customers","No"
15038,20.8298611111111,18,18961.94,5543,495,3.27481739130435,349.514583333333,"United Kingdom",1053.44111111111,307.944444444444,19.3343954248366,"2","Champions / High-Value","Yes"
15039,11.4520833333333,7,1110.85,425,42,3.79333333333333,229.207638888889,"United Kingdom",158.692857142857,60.7142857142857,36.2925925925926,"4","Loyal Customers","No"
15040,81.7541666666667,4,576.91,230,23,2.55391304347826,267.980555555556,"United Kingdom",144.2275,57.5,62.075462962963,"3","Potential / Occasional","No"
15041,22.0458333333333,6,1485.47,419,48,3.4634,309.429166666667,"United Kingdom",247.578333333333,69.8333333333333,57.4766666666667,"4","Loyal Customers","No"
15042,12.1520833333333,8,2718.21,793,93,3.22773195876289,290.581944444444,"United Kingdom",339.77625,99.125,39.7756944444444,"4","Loyal Customers","No"
15043,80.5743055555556,3,228.95,175,16,2.28375,166.1,"EIRE",76.3166666666667,58.3333333333333,42.7628472222222,"3","Potential / Occasional","No"
15044,18.475,9,2366.62,788,81,2.83604651162791,297.64375,"United Kingdom",262.957777777778,87.5555555555556,34.89609375,"4","Loyal Customers","No"
15045,119.463888888889,1,51.56,36,7,1.67714285714286,119.463888888889,"United Kingdom",51.56,36,119.463888888889,"1","At-Risk / Dormant","No"
15046,21.0479166666667,2,522.05,126,17,4.34764705882353,284.226388888889,"United Kingdom",261.025,63,263.178472222222,"3","Potential / Occasional","No"
15047,38.6743055555556,6,1631.2,379,46,3.37574468085106,324.054861111111,"Germany",271.866666666667,63.1666666666667,57.0761111111111,"4","Loyal Customers","No"
15048,57.3576388888889,2,101.97,41,7,2.57857142857143,175.708333333333,"United Kingdom",50.985,20.5,118.350694444444,"1","At-Risk / Dormant","No"
15049,133.336111111111,2,90.13,15,3,5.09,199.216666666667,"United Kingdom",45.065,7.5,65.8805555555556,"1","At-Risk / Dormant","No"
15050,92.4201388888889,3,1130.3,206,15,5.312,168.766666666667,"United Kingdom",376.766666666667,68.6666666666667,38.1732638888889,"3","Potential / Occasional","No"
15051,27.6958333333333,2,322.8,183,17,2.86411764705882,70.25,"United Kingdom",161.4,91.5,42.5541666666667,"3","Potential / Occasional","No"
15052,46.6229166666667,3,238.16,77,10,2.905,169.533333333333,"United Kingdom",79.3866666666667,25.6666666666667,61.4552083333333,"3","Potential / Occasional","No"
15053,37.3798611111111,6,2186.6,782,82,3.034,311.060416666667,"United Kingdom",364.433333333333,130.333333333333,54.7361111111111,"4","Loyal Customers","No"
15054,40.3236111111111,5,1144.61,386,46,3.47869565217391,303.956944444444,"United Kingdom",228.922,77.2,65.9083333333333,"4","Loyal Customers","No"
15055,40.5520833333333,3,788.78,202,14,4.40642857142857,87.3694444444444,"United Kingdom",262.926666666667,67.3333333333333,23.4086805555556,"3","Potential / Occasional","No"
15056,47.0194444444444,2,22.66,33,5,0.832,122.340972222222,"United Kingdom",11.33,16.5,75.3215277777778,"1","At-Risk / Dormant","No"
15057,211.132638888889,1,62.43,39,7,1.58714285714286,211.132638888889,"United Kingdom",62.43,39,211.132638888889,"1","At-Risk / Dormant","No"
15058,4.18472222222222,33,44170.06,12790,1005,3.36684568835098,344.680555555556,"United Kingdom",1338.48666666667,387.575757575758,10.6404947916667,"2","Champions / High-Value","Yes"
15059,210.329861111111,1,87.48,38,5,2.372,210.329861111111,"United Kingdom",87.48,38,210.329861111111,"3","Potential / Occasional","No"
15060,11.8486111111111,10,2931.36,785,101,4.04066666666667,331.539583333333,"United Kingdom",293.136,78.5,35.5212191358025,"4","Loyal Customers","No"
15061,65.7263888888889,2,850.65,102,11,4.81090909090909,130.927777777778,"United Kingdom",425.325,51,65.2013888888889,"3","Potential / Occasional","No"
15062,9.95208333333333,6,234.03,75,14,3.60857142857143,348.111805555556,"United Kingdom",39.005,12.5,67.6319444444444,"3","Potential / Occasional","No"
15063,2.04236111111111,5,1364.55,294,38,4.2195,191.567361111111,"United Kingdom",272.91,58.8,47.38125,"4","Loyal Customers","No"
15064,176.402777777778,2,581.7,157,11,3.69454545454545,240.430555555556,"United Kingdom",290.85,78.5,64.0277777777778,"3","Potential / Occasional","No"
15065,3.58125,7,1526.82,475,43,3.27581395348837,272.684722222222,"United Kingdom",218.117142857143,67.8571428571429,44.8505787037037,"4","Loyal Customers","No"
15066,43.2840277777778,10,6717.8,2161,227,3.515,334.345833333333,"Spain",671.78,216.1,32.340200617284,"2","Champions / High-Value","Yes"
15067,33.9409722222222,5,1077.81,315,38,2.98631578947368,268.045138888889,"Germany",215.562,63,58.5260416666667,"4","Loyal Customers","No"
15068,38.6833333333333,12,5771.28,1650,164,3.60035087719298,327.769444444444,"United Kingdom",480.94,137.5,26.2805555555556,"2","Champions / High-Value","Yes"
15069,7.74444444444444,2,598.98,81,11,5.24727272727273,132.042361111111,"United Kingdom",299.49,40.5,124.297916666667,"3","Potential / Occasional","No"
15070,57.1006944444444,4,638.56,269,33,2.95382352941176,359.596527777778,"United Kingdom",159.64,67.25,100.831944444444,"4","Loyal Customers","No"
15071,40.6993055555556,5,1750.54,416,47,3.38729166666667,283.234027777778,"United Kingdom",350.108,83.2,60.6336805555556,"4","Loyal Customers","No"
15072,41.5972222222222,9,2091.43,811,81,2.73439024390244,314.165277777778,"United Kingdom",232.381111111111,90.1111111111111,34.0710069444444,"4","Loyal Customers","No"
15073,66.49375,14,6134.32,1834,222,3.39948051948052,261.866666666667,"United Kingdom",438.165714285714,131,15.0286858974359,"2","Champions / High-Value","Yes"
15074,11.0201388888889,7,986.45,388,49,3.47020408163265,281.170138888889,"United Kingdom",140.921428571429,55.4285714285714,45.025,"4","Loyal Customers","No"
15075,2.38402777777778,8,1371.26,356,42,4.88714285714286,355.5125,"United Kingdom",171.4075,44.5,50.4469246031746,"4","Loyal Customers","No"
15076,64.4368055555556,3,597.04,298,28,2.29178571428571,282.774305555556,"United Kingdom",199.013333333333,99.3333333333333,109.16875,"4","Loyal Customers","No"
15077,88.5888888888889,2,325.98,176,13,2.50857142857143,115.105555555556,"United Kingdom",162.99,88,26.5166666666667,"3","Potential / Occasional","No"
15078,52.6590277777778,2,90.24,51,5,2.268,78.5319444444444,"United Kingdom",45.12,25.5,25.8729166666667,"1","At-Risk / Dormant","No"
15079,170.292361111111,1,41.01,30,5,1.356,170.292361111111,"United Kingdom",41.01,30,170.292361111111,"1","At-Risk / Dormant","No"
15080,310.997222222222,1,61.84,23,5,2.834,310.997222222222,"United Kingdom",61.84,23,310.997222222222,"1","At-Risk / Dormant","No"
15081,38.1416666666667,3,756.13,203,24,3.965,262.905555555556,"United Kingdom",252.043333333333,67.6666666666667,112.381944444444,"4","Loyal Customers","No"
15082,155.690972222222,1,13.31,15,4,0.8775,155.690972222222,"Germany",13.31,15,155.690972222222,"1","At-Risk / Dormant","No"
15083,9.32777777777778,20,18180.49,5265,510,3.54054054054054,357.210416666667,"United Kingdom",909.0245,263.25,18.3096125730994,"2","Champions / High-Value","Yes"
15084,25.8423611111111,6,2012.34,488,46,3.65875,270.302777777778,"Belgium",335.39,81.3333333333333,48.8920833333333,"4","Loyal Customers","No"
15085,170.564583333333,5,577.43,179,26,3.61076923076923,250.39375,"United Kingdom",115.486,35.8,19.9572916666667,"3","Potential / Occasional","No"
15086,123.163888888889,1,3.06,6,1,0.51,123.163888888889,"United Kingdom",3.06,6,123.163888888889,"1","At-Risk / Dormant","No"
15087,49.4701388888889,4,368.22,109,18,3.20722222222222,229.854861111111,"United Kingdom",92.055,27.25,60.1282407407407,"3","Potential / Occasional","No"
15088,83.5555555555556,3,194.55,127,14,2.44071428571429,210.088194444444,"United Kingdom",64.85,42.3333333333333,63.2663194444444,"3","Potential / Occasional","No"
15089,49.3694444444444,10,2446.41,739,86,3.11147727272727,283.325,"United Kingdom",244.641,73.9,25.9950617283951,"4","Loyal Customers","No"
15090,174.004166666667,2,329.82,155,17,2.66176470588235,190.415972222222,"United Kingdom",164.91,77.5,16.4118055555556,"3","Potential / Occasional","No"
15091,26.3875,1,3.9,10,1,0.39,26.3875,"United Kingdom",3.9,10,26.3875,"1","At-Risk / Dormant","No"
15092,219.998611111111,2,474.97,161,12,3.485,237.738194444444,"United Kingdom",237.485,80.5,17.7395833333333,"3","Potential / Occasional","No"
15093,102.693055555556,5,1134.32,323,51,3.44019230769231,225.420138888889,"United Kingdom",226.864,64.6,30.6817708333333,"4","Loyal Customers","No"
15094,9.93333333333333,16,12827.52,3748,357,3.49722646310433,327.578472222222,"United Kingdom",801.72,234.25,21.1763425925926,"2","Champions / High-Value","Yes"
15095,28.4090277777778,7,1023.71,281,46,4.58217391304348,280.104166666667,"United Kingdom",146.244285714286,40.1428571428571,41.9491898148148,"4","Loyal Customers","No"
15096,14.9395833333333,12,3357.34,1253,153,2.9713125,346.889583333333,"United Kingdom",279.778333333333,104.416666666667,30.1772727272727,"2","Champions / High-Value","Yes"
15097,82.4743055555556,2,154.66,39,5,5.158,302.542361111111,"United Kingdom",77.33,19.5,220.068055555556,"3","Potential / Occasional","No"
15098,6.86666666666667,9,3787.13,1238,118,2.74412698412698,347.088194444444,"United Kingdom",420.792222222222,137.555555555556,42.5276909722222,"2","Champions / High-Value","Yes"
15099,2.65486111111111,4,565.2,165,28,3.50464285714286,308.96875,"United Kingdom",141.3,41.25,102.10462962963,"4","Loyal Customers","No"
15100,6.64791666666667,21,16793.62,4743,421,3.37632016632017,341.606944444444,"United Kingdom",799.69619047619,225.857142857143,16.7479513888889,"2","Champions / High-Value","Yes"
15101,161.310416666667,2,382.09,61,4,5.46,168.275,"United Kingdom",191.045,30.5,6.96458333333334,"3","Potential / Occasional","No"
15102,114.709027777778,1,269.24,93,8,6.13875,114.709027777778,"United Kingdom",269.24,93,114.709027777778,"3","Potential / Occasional","No"
15103,5.34722222222222,19,12886.73,4140,390,3.34664335664336,351.796527777778,"Portugal",678.248947368421,217.894736842105,19.2471836419753,"2","Champions / High-Value","Yes"
15104,138.157638888889,2,189.96,77,6,1.775,186.172222222222,"United Kingdom",94.98,38.5,48.0145833333333,"3","Potential / Occasional","No"
15105,137.939583333333,7,1845.51,577,88,3.28988764044944,348.095138888889,"United Kingdom",263.644285714286,82.4285714285714,35.0259259259259,"4","Loyal Customers","No"
15106,26.4909722222222,12,4444.7,1740,167,2.60812154696133,350.541666666667,"United Kingdom",370.391666666667,145,29.459154040404,"2","Champions / High-Value","Yes"
15107,54.3055555555556,2,75.34,27,5,2.27,63.2652777777778,"Channel Islands",37.67,13.5,8.95972222222222,"1","At-Risk / Dormant","No"
15108,10.0402777777778,4,372.25,137,17,4.14294117647059,150.115972222222,"United Kingdom",93.0625,34.25,46.6918981481481,"3","Potential / Occasional","No"
15109,58.9923611111111,1,196.43,65,9,3.01777777777778,58.9923611111111,"United Kingdom",196.43,65,58.9923611111111,"3","Potential / Occasional","No"
15110,24.2951388888889,2,66.97,25,4,3.12,167.557638888889,"United Kingdom",33.485,12.5,143.2625,"1","At-Risk / Dormant","No"
15111,39.4138888888889,6,941.31,361,34,2.30583333333333,279.127083333333,"United Kingdom",156.885,60.1666666666667,47.9426388888889,"4","Loyal Customers","No"
15112,99.5173611111111,3,360.87,168,23,2.34086956521739,364.763194444444,"United Kingdom",120.29,56,132.622916666667,"3","Potential / Occasional","No"
15113,23.1743055555556,10,1918.46,551,79,3.90728395061728,217.348611111111,"United Kingdom",191.846,55.1,21.5749228395062,"4","Loyal Customers","No"
15114,200.784722222222,2,138.01,59,10,2.36,352.113194444444,"United Kingdom",69.005,29.5,151.328472222222,"3","Potential / Occasional","No"
15115,10.0576388888889,8,1612.45,586,63,2.70446153846154,320.388194444444,"United Kingdom",201.55625,73.25,44.3329365079365,"4","Loyal Customers","No"
15116,25.4770833333333,5,573.49,216,26,3.0162962962963,249.126388888889,"United Kingdom",114.698,43.2,55.9123263888889,"4","Loyal Customers","No"
15117,173.824305555556,3,280.62,75,12,3.585,334.938194444444,"United Kingdom",93.54,25,80.5569444444444,"3","Potential / Occasional","No"
15118,188.443055555556,2,239.49,72,5,2.792,272.595833333333,"United Kingdom",119.745,36,84.1527777777778,"3","Potential / Occasional","No"
15119,65.0118055555556,1,5.55,5,1,1.11,65.0118055555556,"United Kingdom",5.55,5,65.0118055555556,"1","At-Risk / Dormant","No"
15120,15.4090277777778,9,2425.59,951,102,2.74476635514019,303.25625,"United Kingdom",269.51,105.666666666667,35.9809027777778,"4","Loyal Customers","No"
15121,83.1194444444444,7,1469.36,647,61,3.20161290322581,238.066666666667,"United Kingdom",209.908571428571,92.4285714285714,25.824537037037,"4","Loyal Customers","No"
15122,67.7340277777778,6,1848.19,526,62,3.21833333333333,208.904861111111,"United Kingdom",308.031666666667,87.6666666666667,28.2341666666667,"4","Loyal Customers","No"
15123,86.9555555555555,6,1679.6,471,38,3.01102564102564,318.821527777778,"United Kingdom",279.933333333333,78.5,46.3731944444444,"4","Loyal Customers","No"
15124,63.6604166666667,10,5465.46,1610,156,2.89852760736196,364.436805555556,"United Kingdom",546.546,161,33.4195987654321,"2","Champions / High-Value","Yes"
15125,212.009722222222,1,8.1,10,1,0.81,212.009722222222,"United Kingdom",8.1,10,212.009722222222,"1","At-Risk / Dormant","No"
15126,56.925,7,985.06,243,31,3.9453125,351.970833333333,"United Kingdom",140.722857142857,34.7142857142857,49.1743055555556,"4","Loyal Customers","No"
15127,22.6673611111111,6,2144.95,520,52,3.00115384615385,194.653472222222,"United Kingdom",357.491666666667,86.6666666666667,34.3972222222222,"4","Loyal Customers","No"
15128,53.2673611111111,5,1159.97,457,47,3.3668085106383,214.186805555556,"United Kingdom",231.994,91.4,40.2298611111111,"4","Loyal Customers","No"
15129,229.063888888889,1,65.06,36,6,1.69666666666667,229.063888888889,"United Kingdom",65.06,36,229.063888888889,"1","At-Risk / Dormant","No"
15130,26.9791666666667,4,716.71,232,21,2.37285714285714,236.381944444444,"United Kingdom",179.1775,58,69.8009259259259,"4","Loyal Customers","No"
15131,26.2256944444444,8,3106.9,985,107,3.22603603603604,314.83125,"Poland",388.3625,123.125,41.2293650793651,"4","Loyal Customers","No"
15132,5.03125,10,2669.72,933,117,3.08382113821138,249.588888888889,"United Kingdom",266.972,93.3,27.1730709876543,"4","Loyal Customers","No"
15133,143.941666666667,1,219.06,76,5,3.464,143.941666666667,"Germany",219.06,76,143.941666666667,"3","Potential / Occasional","No"
15134,111.484027777778,4,861.16,242,27,2.89142857142857,284.571527777778,"United Kingdom",215.29,60.5,57.6958333333333,"3","Potential / Occasional","No"
15135,5.72569444444444,6,1417.95,425,50,2.81823529411765,254.91875,"United Kingdom",236.325,70.8333333333333,49.8386111111111,"4","Loyal Customers","No"
15136,93.2472222222222,7,880.91,305,42,3.76452380952381,299.904861111111,"United Kingdom",125.844285714286,43.5714285714286,34.4429398148148,"4","Loyal Customers","No"
15137,13.3055555555556,4,280.31,102,15,2.622,237.629166666667,"United Kingdom",70.0775,25.5,74.774537037037,"3","Potential / Occasional","No"
15138,8.28125,3,1467.51,210,22,3.96545454545455,265.777777777778,"United Kingdom",489.17,70,128.748263888889,"4","Loyal Customers","No"
15139,56.0451388888889,8,2839.1,936,95,3.26142857142857,370.547916666667,"United Kingdom",354.8875,117,44.9289682539683,"4","Loyal Customers","No"
15140,7.95902777777778,18,14297.36,3937,374,3.43722090261283,335.201388888889,"United Kingdom",794.297777777778,218.722222222222,19.2495506535948,"2","Champions / High-Value","Yes"
15141,2.15416666666667,2,304.7,142,14,2.58642857142857,208.744444444444,"United Kingdom",152.35,71,206.590277777778,"4","Loyal Customers","No"
15142,98.1798611111111,3,719.39,242,21,2.85809523809524,360.564583333333,"United Kingdom",239.796666666667,80.6666666666667,131.192361111111,"3","Potential / Occasional","No"
15143,14.1243055555556,6,1580.5,533,57,3.51457627118644,163.086111111111,"United Kingdom",263.416666666667,88.8333333333333,29.7923611111111,"4","Loyal Customers","No"
15144,5.73680555555556,29,39894.07,11928,902,3.30671742808799,350.194444444444,"United Kingdom",1375.6575862069,411.310344827586,12.302058531746,"2","Champions / High-Value","Yes"
15145,9.58263888888889,17,12316.58,3935,399,3.31488322717622,338.706944444444,"United Kingdom",724.504705882353,231.470588235294,20.5702690972222,"2","Champions / High-Value","Yes"
15146,68.9041666666667,5,950.66,203,23,2.97086956521739,260.668055555556,"United Kingdom",190.132,40.6,47.9409722222222,"3","Potential / Occasional","No"
15147,102.767361111111,4,1036.67,340,46,3.38510638297872,273.938194444444,"United Kingdom",259.1675,85,57.0569444444444,"4","Loyal Customers","No"
15148,13.9173611111111,4,607.55,177,16,3.70625,316.8,"EIRE",151.8875,44.25,100.96087962963,"4","Loyal Customers","No"
15149,19.5715277777778,2,121.84,56,9,2.49222222222222,353.68125,"United Kingdom",60.92,28,334.109722222222,"3","Potential / Occasional","No"
15150,226.608333333333,1,108.75,33,5,3.482,226.608333333333,"United Kingdom",108.75,33,226.608333333333,"3","Potential / Occasional","No"
15152,26.9527777777778,5,1033.73,331,26,3.58923076923077,349.307638888889,"United Kingdom",206.746,66.2,80.5887152777778,"4","Loyal Customers","No"
15153,166.147222222222,1,23.96,19,4,1.3675,166.147222222222,"United Kingdom",23.96,19,166.147222222222,"1","At-Risk / Dormant","No"
15154,39.4972222222222,4,283.32,108,17,3.21235294117647,236.707638888889,"United Kingdom",70.83,27,65.7368055555556,"3","Potential / Occasional","No"
15155,16.3458333333333,4,529.56,159,22,4.06954545454545,233.403472222222,"United Kingdom",132.39,39.75,72.3525462962963,"3","Potential / Occasional","No"
15156,72.6555555555556,4,252.18,126,13,2.20769230769231,248.275694444444,"United Kingdom",63.045,31.5,58.5400462962963,"3","Potential / Occasional","No"
15157,5.15347222222222,8,1308.03,469,56,3.07894736842105,343.940277777778,"United Kingdom",163.50375,58.625,48.3981150793651,"4","Loyal Customers","No"
15159,40.2472222222222,10,5558.22,1635,164,3.83786982248521,282.9875,"United Kingdom",555.822,163.5,26.9711419753086,"2","Champions / High-Value","Yes"
15160,149.972222222222,1,12.42,9,2,1.995,149.972222222222,"United Kingdom",12.42,9,149.972222222222,"1","At-Risk / Dormant","No"
15161,179.894444444444,1,315.35,61,4,2.46,179.894444444444,"United Kingdom",315.35,61,179.894444444444,"3","Potential / Occasional","No"
15162,34.1965277777778,2,95.81,49,8,2.36875,284.222222222222,"United Kingdom",47.905,24.5,250.025694444444,"3","Potential / Occasional","No"
15163,169.408333333333,2,46.91,29,6,1.54333333333333,204.072916666667,"United Kingdom",23.455,14.5,34.6645833333333,"1","At-Risk / Dormant","No"
15164,300.404861111111,1,32.64,21,4,1.835,300.404861111111,"United Kingdom",32.64,21,300.404861111111,"1","At-Risk / Dormant","No"
15165,7.30833333333333,9,3090.87,675,65,3.26939393939394,175.734722222222,"United Kingdom",343.43,75,21.0532986111111,"4","Loyal Customers","No"
15166,10.1701388888889,9,3407.76,997,95,3.33494845360825,264.488194444444,"United Kingdom",378.64,110.777777777778,31.7897569444444,"4","Loyal Customers","No"
15167,70.1902777777778,3,548.78,118,12,3.22666666666667,347.672916666667,"United Kingdom",182.926666666667,39.3333333333333,138.741319444444,"3","Potential / Occasional","No"
15168,11.4083333333333,2,128.81,72,11,1.73,245.975,"United Kingdom",64.405,36,234.566666666667,"3","Potential / Occasional","No"
15169,9.69722222222222,3,131.47,52,8,2.7525,200.614583333333,"United Kingdom",43.8233333333333,17.3333333333333,95.4586805555556,"1","At-Risk / Dormant","No"
15170,48.8256944444444,3,74294.11,12830,29,3.35931034482759,167.934722222222,"United Kingdom",24764.7033333333,4276.66666666667,59.5545138888889,"2","Champions / High-Value","Yes"
15171,16.94375,6,964.28,184,22,3.56086956521739,337.902777777778,"United Kingdom",160.713333333333,30.6666666666667,64.1918055555555,"4","Loyal Customers","No"
15172,36.4451388888889,2,228.71,70,11,3.71545454545455,263.852083333333,"United Kingdom",114.355,35,227.406944444444,"3","Potential / Occasional","No"
15173,13.9736111111111,6,977.43,340,31,3.15,346.625,"United Kingdom",162.905,56.6666666666667,66.5302777777778,"4","Loyal Customers","No"
15174,9.63263888888889,4,881.14,185,21,4.30952380952381,177.191666666667,"United Kingdom",220.285,46.25,55.8530092592593,"4","Loyal Customers","No"
15175,124.274305555556,6,504.7,136,19,4.24473684210526,289.340277777778,"United Kingdom",84.1166666666667,22.6666666666667,33.0131944444444,"3","Potential / Occasional","No"
15176,4.67291666666667,24,28400.17,9139,768,3.31125395152792,329.614583333333,"United Kingdom",1183.34041666667,380.791666666667,14.1278985507246,"2","Champions / High-Value","Yes"
15177,53.68125,16,4506.2,1782,191,2.82334951456311,301.828472222222,"United Kingdom",281.6375,111.375,16.5431481481481,"2","Champions / High-Value","Yes"
15178,134.479166666667,1,142.71,93,7,2.43,134.479166666667,"United Kingdom",142.71,93,134.479166666667,"3","Potential / Occasional","No"
15179,8.01944444444444,26,23854.01,7197,678,3.3305459057072,347.538194444444,"United Kingdom",917.461923076923,276.807692307692,13.58075,"2","Champions / High-Value","Yes"
15180,69.8034722222222,2,194.61,85,6,2.69833333333333,157.9375,"United Kingdom",97.305,42.5,88.1340277777778,"3","Potential / Occasional","No"
15181,1.77083333333333,11,3127.02,1178,119,2.91935483870968,313.311805555556,"United Kingdom",284.274545454545,107.090909090909,31.1540972222222,"2","Champions / High-Value","Yes"
15182,133.030555555556,3,100.74,50,8,2.0375,316.191666666667,"United Kingdom",33.58,16.6666666666667,91.5805555555555,"1","At-Risk / Dormant","No"
15183,54.0458333333333,5,443.5,265,24,2.01041666666667,337.366666666667,"United Kingdom",88.7,53,70.8302083333333,"3","Potential / Occasional","No"
15184,183.721527777778,2,377.14,104,9,4.41555555555556,210.654861111111,"United Kingdom",188.57,52,26.9333333333333,"3","Potential / Occasional","No"
15185,70.1930555555556,3,356.61,129,14,3.55714285714286,293.872222222222,"United Kingdom",118.87,43,111.839583333333,"3","Potential / Occasional","No"
15186,92.7083333333333,1,187.5,57,3,3.72,92.7083333333333,"United Kingdom",187.5,57,92.7083333333333,"3","Potential / Occasional","No"
15187,112.024305555556,4,587.25,183,16,3.610625,283.266666666667,"Spain",146.8125,45.75,57.080787037037,"3","Potential / Occasional","No"
15188,40.8645833333333,4,701,189,16,2.56125,356.007638888889,"Australia",175.25,47.25,105.047685185185,"3","Potential / Occasional","No"
15189,108.875694444444,1,76.12,50,2,5.945,108.875694444444,"United Kingdom",76.12,50,108.875694444444,"1","At-Risk / Dormant","No"
15190,77.9277777777778,2,142.22,95,7,1.98571428571429,251.588194444444,"United Kingdom",71.11,47.5,173.660416666667,"3","Potential / Occasional","No"
15191,36.69375,4,638.27,223,28,3.30428571428571,311.630555555556,"United Kingdom",159.5675,55.75,91.6456018518518,"4","Loyal Customers","No"
15192,128.884722222222,3,89.7,40,7,2.21571428571429,314.790277777778,"United Kingdom",29.9,13.3333333333333,92.9527777777778,"1","At-Risk / Dormant","No"
15193,49.3159722222222,3,346.4,69,12,4.80333333333333,269.81875,"United Kingdom",115.466666666667,23,110.251388888889,"3","Potential / Occasional","No"
15194,14.2958333333333,7,2041.56,504,65,3.30261538461538,246.575,"United Kingdom",291.651428571429,72,38.7131944444444,"4","Loyal Customers","No"
15195,64.16875,7,1988.88,694,84,3.32294117647059,365.918055555556,"United Kingdom",284.125714285714,99.1428571428571,50.2915509259259,"4","Loyal Customers","No"
15196,16.0770833333333,6,1462.35,527,55,3.75928571428571,206.065972222222,"Germany",243.725,87.8333333333333,37.9977777777778,"4","Loyal Customers","No"
15197,16.3284722222222,4,420.36,77,13,5.65692307692308,319.084027777778,"United Kingdom",105.09,19.25,100.918518518519,"3","Potential / Occasional","No"
15198,42.6354166666667,5,2248.27,331,30,4.95433333333333,276.715972222222,"United Kingdom",449.654,66.2,58.5201388888889,"4","Loyal Customers","No"
15199,9.14583333333333,15,6778.24,2363,249,2.88182835820895,366.142361111111,"United Kingdom",451.882666666667,157.533333333333,25.499751984127,"2","Champions / High-Value","Yes"
15200,357.309722222222,1,441.97,62,5,6.136,357.309722222222,"United Kingdom",441.97,62,357.309722222222,"3","Potential / Occasional","No"
15201,23.7548611111111,4,1235.14,312,29,3.85366666666667,344.135416666667,"United Kingdom",308.785,78,106.793518518519,"4","Loyal Customers","No"
15202,7.70138888888889,3,217.8,111,8,2.95375,242.215972222222,"United Kingdom",72.6,37,117.257291666667,"3","Potential / Occasional","No"
15203,32.5993055555556,6,1042.52,324,26,4.34384615384615,228.374305555556,"United Kingdom",173.753333333333,54,39.155,"4","Loyal Customers","No"
15204,11.3243055555556,13,8347.35,2431,255,3.50911439114391,303.263888888889,"United Kingdom",642.103846153846,187,24.3282986111111,"2","Champions / High-Value","Yes"
15205,214.457638888889,1,23.18,16,3,1.50666666666667,214.457638888889,"United Kingdom",23.18,16,214.457638888889,"1","At-Risk / Dormant","No"
15206,60.4493055555556,2,30.78,18,4,1.6,66.4861111111111,"United Kingdom",15.39,9,6.03680555555556,"1","At-Risk / Dormant","No"
15207,14.6791666666667,8,1852.91,613,61,3.56852459016393,306.278472222222,"United Kingdom",231.61375,76.625,41.6570436507936,"4","Loyal Customers","No"
15208,186.671527777778,1,50.84,14,3,3.48666666666667,186.671527777778,"United Kingdom",50.84,14,186.671527777778,"1","At-Risk / Dormant","No"
15209,40.1993055555556,1,132.68,68,6,3.45333333333333,40.1993055555556,"United Kingdom",132.68,68,40.1993055555556,"1","At-Risk / Dormant","No"
15210,18.8888888888889,11,1830.58,879,75,2.20144736842105,336.285416666667,"United Kingdom",166.416363636364,79.9090909090909,31.7396527777778,"4","Loyal Customers","No"
15211,18.8840277777778,13,5405.49,1611,168,3.74683615819209,372.80625,"United Kingdom",415.806923076923,123.923076923077,29.4935185185185,"2","Champions / High-Value","Yes"
15212,93.3645833333333,1,226.97,53,9,3.55111111111111,93.3645833333333,"United Kingdom",226.97,53,93.3645833333333,"3","Potential / Occasional","No"
15213,1.45833333333333,8,2992.27,669,72,4.01207792207792,280.45625,"United Kingdom",374.03375,83.625,39.8568452380952,"4","Loyal Customers","No"
15214,174.086111111111,2,444.21,177,16,3.344375,222.211805555556,"Australia",222.105,88.5,48.1256944444444,"3","Potential / Occasional","No"
15215,88.1201388888889,6,2409.55,587,59,2.94423728813559,320.757638888889,"EIRE",401.591666666667,97.8333333333333,46.5275,"4","Loyal Customers","No"
15216,64.9701388888889,4,239.54,102,16,2.49764705882353,243.176388888889,"United Kingdom",59.885,25.5,59.4020833333333,"3","Potential / Occasional","No"
15217,87.5041666666667,4,810.39,277,26,2.39153846153846,203.950694444444,"United Kingdom",202.5975,69.25,38.8155092592593,"3","Potential / Occasional","No"
15218,24.9423611111111,4,590.06,235,24,2.9975,271.806944444444,"United Kingdom",147.515,58.75,82.2881944444445,"4","Loyal Customers","No"
15219,49.3583333333333,7,1708.1,478,52,3.07272727272727,278.054166666667,"United Kingdom",244.014285714286,68.2857142857143,38.1159722222222,"4","Loyal Customers","No"
15220,35.6888888888889,8,2141.19,559,57,3.59,318.770833333333,"United Kingdom",267.64875,69.875,40.4402777777778,"4","Loyal Customers","No"
15221,82.9506944444445,2,246.64,82,7,2.71428571428571,149.186805555556,"France",123.32,41,66.2361111111111,"3","Potential / Occasional","No"
15222,269.847916666667,2,115.16,54,9,2.14666666666667,317.4875,"United Kingdom",57.58,27,47.6395833333333,"3","Potential / Occasional","No"
15223,27.1006944444444,12,5009.86,1344,128,3.07152671755725,261.060416666667,"United Kingdom",417.488333333333,112,21.2690656565657,"2","Champions / High-Value","Yes"
15224,28.1826388888889,19,18464.75,5143,474,3.37456989247312,349.535416666667,"United Kingdom",971.828947368421,270.684210526316,17.8529320987654,"2","Champions / High-Value","Yes"
15225,47.9527777777778,2,298.01,77,9,3.35444444444444,128.902777777778,"United Kingdom",149.005,38.5,80.95,"3","Potential / Occasional","No"
15226,69.8645833333333,5,782.14,314,41,2.87536585365854,350.669444444444,"United Kingdom",156.428,62.8,70.2012152777778,"4","Loyal Customers","No"
15227,146.834722222222,4,768.37,239,35,3.13142857142857,207.067361111111,"United Kingdom",192.0925,59.75,20.0775462962963,"3","Potential / Occasional","No"
15228,22.95,10,4817.18,1622,183,3.28732984293194,242.41875,"United Kingdom",481.718,162.2,24.3854166666667,"2","Champions / High-Value","Yes"
15229,11.6583333333333,7,2257.87,649,79,3.266375,275.413194444444,"France",322.552857142857,92.7142857142857,43.9591435185185,"4","Loyal Customers","No"
15230,53.9715277777778,3,420.08,118,20,3.4685,305.192361111111,"EIRE",140.026666666667,39.3333333333333,125.610416666667,"3","Potential / Occasional","No"
15231,206.483333333333,2,264.62,109,12,2.48916666666667,293.751388888889,"United Kingdom",132.31,54.5,87.2680555555555,"3","Potential / Occasional","No"
15232,72.1,6,2089.81,510,52,3.55759259259259,349.905555555556,"United Kingdom",348.301666666667,85,55.5611111111111,"4","Loyal Customers","No"
15233,295.324305555556,1,94.86,81,6,2.13,295.324305555556,"United Kingdom",94.86,81,295.324305555556,"3","Potential / Occasional","No"
15234,74.2673611111111,5,1149.93,234,32,3.6130303030303,326.975,"United Kingdom",229.986,46.8,63.1769097222222,"4","Loyal Customers","No"
15235,168.704166666667,1,29.32,29,4,0.975,168.704166666667,"United Kingdom",29.32,29,168.704166666667,"1","At-Risk / Dormant","No"
15236,30.8305555555556,4,212.32,78,15,2.684,205.695138888889,"United Kingdom",53.08,19.5,58.2881944444444,"3","Potential / Occasional","No"
15237,17.4229166666667,1,66.04,11,2,7.79,17.4229166666667,"United Kingdom",66.04,11,17.4229166666667,"1","At-Risk / Dormant","No"
15238,16.1506944444444,17,9973.51,3183,318,3.34161111111111,324.047222222222,"United Kingdom",586.677058823529,187.235294117647,19.2435329861111,"2","Champions / High-Value","Yes"
15239,6.29722222222222,39,46523.93,14213,1156,3.42718014003819,350.857638888889,"United Kingdom",1192.92128205128,364.435897435897,9.06737938596491,"2","Champions / High-Value","Yes"
15240,55.0458333333333,13,4395.36,1564,156,3.2659756097561,331.770138888889,"United Kingdom",338.104615384615,120.307692307692,23.0603587962963,"2","Champions / High-Value","Yes"
15241,36.6625,4,942.15,247,32,3.35757575757576,195.29375,"United Kingdom",235.5375,61.75,52.8770833333333,"4","Loyal Customers","No"
15242,64.9923611111111,16,8041.14,2436,241,3.27466403162055,327.929861111111,"United Kingdom",502.57125,152.25,17.5291666666667,"2","Champions / High-Value","Yes"
15243,51.3013888888889,1,76.34,26,3,2.77666666666667,51.3013888888889,"United Kingdom",76.34,26,51.3013888888889,"1","At-Risk / Dormant","No"
15244,126.307638888889,1,55.87,25,4,2.135,126.307638888889,"United Kingdom",55.87,25,126.307638888889,"1","At-Risk / Dormant","No"
15245,74.3791666666667,2,313.78,46,7,6.83428571428571,277.844444444444,"EIRE",156.89,23,203.465277777778,"3","Potential / Occasional","No"
15246,84.85,2,627.5,186,15,4.152,263.502083333333,"United Kingdom",313.75,93,178.652083333333,"3","Potential / Occasional","No"
15247,9.125,11,3870.93,1121,136,3.36208633093525,322.145138888889,"United Kingdom",351.902727272727,101.909090909091,31.3020138888889,"2","Champions / High-Value","Yes"
15248,33.1861111111111,2,108.03,62,11,1.92272727272727,127.192361111111,"United Kingdom",54.015,31,94.00625,"1","At-Risk / Dormant","No"
15249,27.2576388888889,4,1614.05,284,28,4.17607142857143,299.331944444444,"Switzerland",403.5125,71,90.6914351851852,"4","Loyal Customers","No"
15250,18.25625,7,4540.74,1189,109,4.02821428571429,157.481944444444,"United Kingdom",648.677142857143,169.857142857143,23.2042824074074,"2","Champions / High-Value","Yes"
15251,51.9451388888889,10,5937.08,1889,208,3.14529147982063,338.85625,"Germany",593.708,188.9,31.879012345679,"2","Champions / High-Value","Yes"
15252,9.60138888888889,14,5709.72,1899,196,3.00091787439614,328.95625,"Germany",407.837142857143,135.642857142857,24.5657585470085,"2","Champions / High-Value","Yes"
15253,24.73125,1,16.55,15,2,1.09,24.73125,"United Kingdom",16.55,15,24.73125,"1","At-Risk / Dormant","No"
15254,43.3229166666667,16,8190.48,2209,193,3.52429951690821,283.145138888889,"United Kingdom",511.905,138.0625,15.9881481481481,"2","Champions / High-Value","Yes"
15255,6.38333333333333,6,552.52,177,24,3.5368,192.885416666667,"United Kingdom",92.0866666666667,29.5,37.3004166666667,"4","Loyal Customers","No"
15256,17.9284722222222,9,3705.63,1340,129,3.12718518518519,345.5,"United Kingdom",411.736666666667,148.888888888889,40.9464409722222,"2","Champions / High-Value","Yes"
15257,14.1076388888889,6,2380.02,716,76,3.29116883116883,239.34375,"United Kingdom",396.67,119.333333333333,45.0472222222222,"4","Loyal Customers","No"
15258,66.3243055555556,2,278.8,152,17,2.02294117647059,295.573611111111,"United Kingdom",139.4,76,229.249305555556,"3","Potential / Occasional","No"
15259,74.8326388888889,2,27.37,25,4,1.295,271.871527777778,"United Kingdom",13.685,12.5,197.038888888889,"1","At-Risk / Dormant","No"
15260,127.463888888889,1,366.7,84,8,2.325,127.463888888889,"United Kingdom",366.7,84,127.463888888889,"3","Potential / Occasional","No"
15261,106.024305555556,4,1181.75,361,42,2.81547619047619,306.520833333333,"United Kingdom",295.4375,90.25,66.8321759259259,"4","Loyal Customers","No"
15262,10.89375,23,24510.16,8412,742,3.15897186147186,338.3375,"United Kingdom",1065.65913043478,365.739130434783,14.8838068181818,"2","Champions / High-Value","Yes"
15263,5.29861111111111,13,2976.47,1078,123,3.20753968253968,352.976388888889,"United Kingdom",228.959230769231,82.9230769230769,28.9731481481482,"4","Loyal Customers","No"
15264,294.438194444444,1,21.56,51,3,0.453333333333333,294.438194444444,"United Kingdom",21.56,51,294.438194444444,"1","At-Risk / Dormant","No"
15265,27.1180555555556,8,1949.04,620,66,3.11397058823529,292.603472222222,"United Kingdom",243.63,77.5,37.9264880952381,"4","Loyal Customers","No"
15266,22.26875,5,1649.35,236,20,4.89190476190476,340.777083333333,"United Kingdom",329.87,47.2,79.6270833333333,"4","Loyal Customers","No"
15267,50.4694444444444,10,5515.1,1573,143,3.17201342281879,263.377083333333,"United Kingdom",551.51,157.3,23.6564043209877,"2","Champions / High-Value","Yes"
15268,78.0076388888889,3,274.99,81,13,3.46,190.682638888889,"United Kingdom",91.6633333333333,27,56.3375,"3","Potential / Occasional","No"
15269,50.425,1,12.25,7,1,1.75,50.425,"United Kingdom",12.25,7,50.425,"1","At-Risk / Dormant","No"
15270,109.838194444444,4,599.3,195,26,3.22692307692308,239.354861111111,"United Kingdom",149.825,48.75,43.1722222222222,"3","Potential / Occasional","No"
15271,93.8340277777778,4,901.66,285,31,2.65483870967742,305.234722222222,"United Kingdom",225.415,71.25,70.4668981481481,"4","Loyal Customers","No"
15272,59.6916666666667,10,3597.59,906,111,4.038,346.619444444444,"France",359.759,90.6,31.8808641975309,"4","Loyal Customers","No"
15273,64.7875,4,795.06,275,27,3.3862962962963,158.454861111111,"United Kingdom",198.765,68.75,31.2224537037037,"3","Potential / Occasional","No"
15274,1.81041666666667,3,495.02,196,24,2.69041666666667,69.6486111111111,"United Kingdom",165.006666666667,65.3333333333333,33.9190972222222,"4","Loyal Customers","No"
15275,108.476388888889,6,316.37,128,17,2.31294117647059,354.744444444444,"United Kingdom",52.7283333333333,21.3333333333333,49.2536111111111,"3","Potential / Occasional","No"
15276,66.16875,4,1064.11,343,28,3.42964285714286,227.269444444444,"United Kingdom",266.0275,85.75,53.7002314814815,"4","Loyal Customers","No"
15277,10.00625,5,643.84,230,29,2.2596875,251.529861111111,"United Kingdom",128.768,46,60.3809027777778,"4","Loyal Customers","No"
15278,4.46111111111111,4,335.51,74,7,6.74428571428571,279.696527777778,"Netherlands",83.8775,18.5,91.7451388888889,"3","Potential / Occasional","No"
15279,9.36666666666667,5,305.9,95,9,3.45555555555556,274.465277777778,"United Kingdom",61.18,19,66.2746527777778,"3","Potential / Occasional","No"
15280,74.6868055555556,3,206.83,140,18,1.85833333333333,320.144444444444,"United Kingdom",68.9433333333333,46.6666666666667,122.728819444444,"3","Potential / Occasional","No"
15281,155.457638888889,3,383.21,119,18,3.24777777777778,297.931944444444,"United Kingdom",127.736666666667,39.6666666666667,71.2371527777778,"3","Potential / Occasional","No"
15282,13.8284722222222,9,2381.9,699,70,3.51619718309859,279.263888888889,"United Kingdom",264.655555555556,77.6666666666667,33.1794270833333,"4","Loyal Customers","No"
15283,123.979166666667,4,2009.94,430,39,3.34675,357.219444444444,"EIRE",502.485,107.5,77.7467592592592,"4","Loyal Customers","No"
15284,29.99375,14,10370.39,3014,266,3.37867796610169,264.575,"United Kingdom",740.742142857143,215.285714285714,18.0447115384615,"2","Champions / High-Value","Yes"
15285,4.83819444444444,9,4439.46,1056,120,3.356796875,247.351388888889,"United Kingdom",493.273333333333,117.333333333333,30.3141493055556,"2","Champions / High-Value","Yes"
15286,22.9236111111111,6,2536.32,865,76,2.90641025641026,324.750694444444,"United Kingdom",422.72,144.166666666667,60.3654166666667,"4","Loyal Customers","No"
15287,11.6805555555556,32,39114.61,12276,1029,3.33959765910753,314.369444444444,"United Kingdom",1222.3315625,383.625,9.76415770609319,"2","Champions / High-Value","Yes"
15288,27.4305555555556,4,1503.37,317,41,5.02024390243902,210.873611111111,"United Kingdom",375.8425,79.25,61.1476851851852,"4","Loyal Customers","No"
15289,292.068055555556,1,132.08,78,5,1.964,292.068055555556,"United Kingdom",132.08,78,292.068055555556,"3","Potential / Occasional","No"
15290,7.77638888888889,9,2402.51,627,64,4.42907692307692,222.724305555556,"United Kingdom",266.945555555556,69.6666666666667,26.8684895833333,"4","Loyal Customers","No"
15291,39.1993055555556,3,110.28,64,10,1.989,177.45,"United Kingdom",36.76,21.3333333333333,69.1253472222222,"1","At-Risk / Dormant","No"
15292,61.5548611111111,4,332.53,142,16,3,317.011111111111,"United Kingdom",83.1325,35.5,85.1520833333333,"3","Potential / Occasional","No"
15293,214.70625,2,59.73,32,5,1.934,218.219444444444,"United Kingdom",29.865,16,3.51319444444442,"1","At-Risk / Dormant","No"
15294,115.815277777778,4,1043.21,307,27,3.97407407407407,280.109027777778,"EIRE",260.8025,76.75,54.7645833333333,"4","Loyal Customers","No"
15295,4.05694444444444,2,125.98,65,11,2.24727272727273,180.248611111111,"United Kingdom",62.99,32.5,176.191666666667,"3","Potential / Occasional","No"
15296,103.388194444444,4,539.87,178,14,3.92571428571429,261.511805555556,"United Kingdom",134.9675,44.5,52.7078703703704,"3","Potential / Occasional","No"
15297,105.081944444444,1,210.27,71,6,2.67166666666667,105.081944444444,"United Kingdom",210.27,71,105.081944444444,"3","Potential / Occasional","No"
15298,180.178472222222,1,14.35,7,1,2.05,180.178472222222,"United Kingdom",14.35,7,180.178472222222,"1","At-Risk / Dormant","No"
15299,102.861805555556,4,1470.71,392,32,4.3540625,200.434027777778,"United Kingdom",367.6775,98,32.5240740740741,"4","Loyal Customers","No"
15300,170.210416666667,3,370.24,146,20,3.249,211.265972222222,"United Kingdom",123.413333333333,48.6666666666667,20.5277777777778,"3","Potential / Occasional","No"
15301,20.0826388888889,5,1095.93,355,31,2.85903225806452,242.556944444444,"United Kingdom",219.186,71,55.6185763888889,"4","Loyal Customers","No"
15302,57.8145833333333,3,272.41,78,12,2.76384615384615,354.947222222222,"United Kingdom",90.8033333333333,26,148.566319444444,"3","Potential / Occasional","No"
15303,11.1597222222222,7,1572.42,514,55,3.1959649122807,344.740277777778,"United Kingdom",224.631428571429,73.4285714285714,55.5967592592593,"4","Loyal Customers","No"
15304,15.4465277777778,1,312.04,63,8,4.59,15.4465277777778,"United Kingdom",312.04,63,15.4465277777778,"1","At-Risk / Dormant","No"
15305,26.9243055555556,4,930.47,336,41,3.01658536585366,244.978472222222,"United Kingdom",232.6175,84,72.6847222222222,"4","Loyal Customers","No"
15306,66.6944444444444,2,161.37,61,11,2.51272727272727,124.9,"United Kingdom",80.685,30.5,58.2055555555556,"3","Potential / Occasional","No"
15307,31.2236111111111,13,7745.75,2016,218,3.26113537117904,337.60625,"United Kingdom",595.826923076923,155.076923076923,25.5318865740741,"2","Champions / High-Value","Yes"
15308,74.6763888888889,1,97.89,49,6,1.89166666666667,74.6763888888889,"United Kingdom",97.89,49,74.6763888888889,"1","At-Risk / Dormant","No"
15309,122.104166666667,1,63.4,21,4,3.48,122.104166666667,"United Kingdom",63.4,21,122.104166666667,"1","At-Risk / Dormant","No"
15310,29.1229166666667,5,823.61,211,27,2.95851851851852,340.9875,"United Kingdom",164.722,42.2,77.9661458333333,"4","Loyal Customers","No"
15311,58.0020833333333,4,1518.04,384,27,5.03703703703704,147.993055555556,"United Kingdom",379.51,96,29.9969907407407,"4","Loyal Customers","No"
15312,311.422222222222,1,62.04,44,1,1.41,311.422222222222,"United Kingdom",62.04,44,311.422222222222,"3","Potential / Occasional","No"
15313,47.8340277777778,3,156.93,89,13,1.98307692307692,293.895138888889,"United Kingdom",52.31,29.6666666666667,123.030555555556,"3","Potential / Occasional","No"
15314,3.37222222222222,13,6698.52,1866,182,3.43505208333333,316.511805555556,"United Kingdom",515.270769230769,143.538461538462,26.0949652777778,"2","Champions / High-Value","Yes"
15315,6.37222222222222,10,4557.19,1387,127,3.44759689922481,312.61875,"United Kingdom",455.719,138.7,34.0273919753086,"2","Champions / High-Value","Yes"
15316,71.4743055555556,2,184.27,72,10,2.5,237.075694444444,"United Kingdom",92.135,36,165.601388888889,"3","Potential / Occasional","No"
15317,7.65763888888889,12,7201.2,2160,209,3.42296610169492,341.351388888889,"United Kingdom",600.1,180,30.3357954545455,"2","Champions / High-Value","Yes"
15318,305.663888888889,1,28.29,7,2,3.98,305.663888888889,"United Kingdom",28.29,7,305.663888888889,"1","At-Risk / Dormant","No"
15319,18.6048611111111,1,52.59,35,4,1.64,18.6048611111111,"United Kingdom",52.59,35,18.6048611111111,"1","At-Risk / Dormant","No"
15320,4.01875,8,3213.3,955,107,3.45381818181818,333.311805555556,"United Kingdom",401.6625,119.375,47.0418650793651,"2","Champions / High-Value","Yes"
15321,127.674305555556,1,135.45,55,3,3.81,127.674305555556,"United Kingdom",135.45,55,127.674305555556,"3","Potential / Occasional","No"
15322,15.9409722222222,3,58.86,21,5,2.568,105.414583333333,"United Kingdom",19.62,7,44.7368055555556,"1","At-Risk / Dormant","No"
15323,1.50138888888889,26,18371.21,6079,566,3.38852897473997,357.470138888889,"United Kingdom",706.585,233.807692307692,14.23875,"2","Champions / High-Value","Yes"
15324,41.1159722222222,10,3351.3,1039,111,3.743,334.854861111111,"United Kingdom",335.13,103.9,32.6376543209877,"4","Loyal Customers","No"
15325,46.3694444444444,4,68.91,36,6,2.01857142857143,304.199305555556,"United Kingdom",17.2275,9,85.943287037037,"1","At-Risk / Dormant","No"
15326,19.9930555555556,4,2970.72,309,29,4.61103448275862,339.926388888889,"United Kingdom",742.68,77.25,106.644444444444,"4","Loyal Customers","No"
15327,89.7402777777778,2,295.31,71,13,4.08615384615385,363.747222222222,"United Kingdom",147.655,35.5,274.006944444444,"3","Potential / Occasional","No"
15328,39.73125,1,257.04,81,6,2.85333333333333,39.73125,"United Kingdom",257.04,81,39.73125,"3","Potential / Occasional","No"
15329,45.1868055555556,7,2933.08,675,65,4.05833333333333,360.281944444444,"United Kingdom",419.011428571429,96.4285714285714,52.5158564814815,"4","Loyal Customers","No"
15330,11.2652777777778,12,5568.32,1694,179,3.30610256410256,330.9,"United Kingdom",464.026666666667,141.166666666667,29.057702020202,"2","Champions / High-Value","Yes"
15331,52.6194444444444,6,916.27,289,35,3.88571428571429,363.397916666667,"United Kingdom",152.711666666667,48.1666666666667,62.1556944444444,"4","Loyal Customers","No"
15332,46.0444444444444,1,6,6,1,1,46.0444444444444,"United Kingdom",6,6,46.0444444444444,"1","At-Risk / Dormant","No"
15333,294.163888888889,1,149.47,23,4,8.95,294.163888888889,"United Kingdom",149.47,23,294.163888888889,"3","Potential / Occasional","No"
15334,1.99166666666667,5,879.3,292,47,2.98645833333333,264.360416666667,"United Kingdom",175.86,58.4,65.5921875,"4","Loyal Customers","No"
15335,67.0006944444444,5,1674.65,365,35,4.06833333333333,361.416666666667,"United Kingdom",334.93,73,73.6039930555556,"4","Loyal Customers","No"
15336,39.0701388888889,2,378.85,115,16,3.67882352941176,213.348611111111,"United Kingdom",189.425,57.5,174.278472222222,"3","Potential / Occasional","No"
15337,23.5472222222222,6,771.19,242,36,3.67527777777778,305.665277777778,"United Kingdom",128.531666666667,40.3333333333333,56.4236111111111,"4","Loyal Customers","No"
15338,25.08125,4,530.04,167,20,3.276,109.965277777778,"United Kingdom",132.51,41.75,28.2946759259259,"3","Potential / Occasional","No"
15339,35.0048611111111,5,998.29,266,27,4.04296296296296,228.738194444444,"United Kingdom",199.658,53.2,48.4333333333333,"4","Loyal Customers","No"
15340,296.913194444444,1,60.01,19,4,3.405,296.913194444444,"United Kingdom",60.01,19,296.913194444444,"1","At-Risk / Dormant","No"
15341,25.0625,12,2603.79,657,76,3.63402597402597,303.008333333333,"United Kingdom",216.9825,54.75,25.267803030303,"4","Loyal Customers","No"
15342,94.5090277777778,3,389.78,82,5,7.068,337.670138888889,"France",129.926666666667,27.3333333333333,121.580555555556,"3","Potential / Occasional","No"
15343,48.9152777777778,4,108.42,94,10,1.63,275.969444444444,"United Kingdom",27.105,23.5,75.6847222222222,"3","Potential / Occasional","No"
15344,4.55625,39,45475.16,14622,1186,3.26835894283958,345.377083333333,"United Kingdom",1166.02974358974,374.923076923077,8.96896929824562,"2","Champions / High-Value","Yes"
15345,11.925,4,411.29,144,24,2.8992,297.915972222222,"United Kingdom",102.8225,36,95.3303240740741,"3","Potential / Occasional","No"
15346,140.911805555556,3,85.72,26,5,3.18,331.314583333333,"United Kingdom",28.5733333333333,8.66666666666667,95.2013888888889,"1","At-Risk / Dormant","No"
15347,5.88333333333333,12,4536.22,1195,131,3.23288888888889,362.470138888889,"United Kingdom",378.018333333333,99.5833333333333,32.4169823232323,"2","Champions / High-Value","Yes"
15348,34.6576388888889,9,2908.85,864,93,3.35446808510638,328.091666666667,"United Kingdom",323.205555555556,96,36.6792534722222,"4","Loyal Customers","No"
15349,93.2777777777778,6,1635.56,455,57,3.37103448275862,274.223611111111,"Channel Islands",272.593333333333,75.8333333333333,36.1891666666667,"4","Loyal Customers","No"
15350,22.2590277777778,8,1470.3,418,64,3.9078125,331.945833333333,"United Kingdom",183.7875,52.25,44.2409722222222,"4","Loyal Customers","No"
15351,47.825,2,290.75,154,16,2.05,54.6402777777778,"United Kingdom",145.375,77,6.81527777777777,"3","Potential / Occasional","No"
15352,60.2222222222222,3,88.3,50,7,1.89,137.160416666667,"United Kingdom",29.4333333333333,16.6666666666667,38.4690972222222,"1","At-Risk / Dormant","No"
15353,18.5534722222222,9,1753.97,618,74,3.30844155844156,261.290277777778,"United Kingdom",194.885555555556,68.6666666666667,30.3421006944444,"4","Loyal Customers","No"
15354,24.7888888888889,4,784.39,183,27,3.88851851851852,148.263888888889,"United Kingdom",196.0975,45.75,41.1583333333333,"3","Potential / Occasional","No"
15355,11.6368055555556,7,3003.36,711,68,3.26926470588235,307.089583333333,"United Kingdom",429.051428571429,101.571428571429,49.2421296296296,"4","Loyal Customers","No"
15356,16.8569444444444,10,2460.38,737,83,3.47488372093023,285.779861111111,"United Kingdom",246.038,73.7,29.8803240740741,"4","Loyal Customers","No"
15357,74.9243055555555,3,334.05,143,14,2.39928571428571,291.820138888889,"United Kingdom",111.35,47.6666666666667,108.447916666667,"3","Potential / Occasional","No"
15358,170.1,1,26.53,15,3,1.75666666666667,170.1,"United Kingdom",26.53,15,170.1,"1","At-Risk / Dormant","No"
15359,125.545138888889,11,4053.17,1256,143,3.39040268456376,280.306944444444,"United Kingdom",368.47,114.181818181818,15.4761805555556,"4","Loyal Customers","No"
15360,178.438194444444,1,223.94,31,5,6.606,178.438194444444,"United Kingdom",223.94,31,178.438194444444,"3","Potential / Occasional","No"
15361,57.0979166666667,7,1403.18,427,51,3.20156862745098,331.598611111111,"United Kingdom",200.454285714286,61,45.7501157407407,"4","Loyal Customers","No"
15362,46.2909722222222,2,146.88,59,10,2.425,312.419444444444,"United Kingdom",73.44,29.5,266.128472222222,"3","Potential / Occasional","No"
15363,167.197222222222,3,460.38,92,14,5.24571428571429,278.285416666667,"United Kingdom",153.46,30.6666666666667,55.5440972222222,"3","Potential / Occasional","No"
15364,176.95625,2,577.71,111,8,4.035,270.002083333333,"United Kingdom",288.855,55.5,93.0458333333333,"3","Potential / Occasional","No"
15365,202.527083333333,1,28.56,17,3,1.66,202.527083333333,"United Kingdom",28.56,17,202.527083333333,"1","At-Risk / Dormant","No"
15366,26.6104166666667,23,15250.18,5179,497,3.24600340136054,343.911111111111,"United Kingdom",663.051304347826,225.173913043478,14.4227588383838,"2","Champions / High-Value","Yes"
15367,32.8770833333333,9,2735.68,942,98,3.2297,291.8,"United Kingdom",303.964444444444,104.666666666667,32.3653645833333,"4","Loyal Customers","No"
15368,190.669444444444,1,23.02,20,4,1.1625,190.669444444444,"United Kingdom",23.02,20,190.669444444444,"1","At-Risk / Dormant","No"
15369,68.4583333333333,4,1688.68,405,48,3.9269387755102,339.114583333333,"United Kingdom",422.17,101.25,90.21875,"4","Loyal Customers","No"
15370,15.9305555555556,4,398.28,158,18,2.945,193.947916666667,"Israel",99.57,39.5,59.3391203703704,"3","Potential / Occasional","No"
15371,18.2166666666667,15,5780.76,2107,221,3.19288793103448,283.324305555556,"United Kingdom",385.384,140.466666666667,18.9362599206349,"2","Champions / High-Value","Yes"
15372,36.3416666666667,4,1166.56,330,22,3.86,237.798611111111,"United Kingdom",291.64,82.5,67.1523148148148,"4","Loyal Customers","No"
15373,31.1444444444444,14,11158.63,2939,276,3.46939189189189,330.6125,"United Kingdom",797.045,209.928571428571,23.0360042735043,"2","Champions / High-Value","Yes"
15374,3.71458333333333,8,1700.27,607,70,3.22835616438356,245.440277777778,"United Kingdom",212.53375,75.875,34.5322420634921,"4","Loyal Customers","No"
15375,273.398611111111,1,325.8,64,4,4.1775,273.398611111111,"United Kingdom",325.8,64,273.398611111111,"3","Potential / Occasional","No"
15376,14.5055555555556,9,4494.68,1623,184,2.96378238341969,335.089583333333,"United Kingdom",499.408888888889,180.333333333333,40.0730034722222,"2","Champions / High-Value","Yes"
15377,2.91666666666667,10,3397.36,877,117,3.35644628099174,358.868055555556,"United Kingdom",339.736,87.7,39.5501543209877,"4","Loyal Customers","No"
15378,48.0798611111111,11,8072.18,2198,215,3.74469565217391,311.641666666667,"United Kingdom",733.834545454545,199.818181818182,26.3561805555556,"2","Champions / High-Value","Yes"
15379,35.0395833333333,8,1990.58,648,72,3.4364,205.661111111111,"United Kingdom",248.8225,81,24.374503968254,"4","Loyal Customers","No"
15380,148.513194444444,4,777.19,228,18,3.58777777777778,259.211805555556,"United Kingdom",194.2975,57,36.899537037037,"3","Potential / Occasional","No"
15381,249.809722222222,1,22.91,9,3,2.39666666666667,249.809722222222,"United Kingdom",22.91,9,249.809722222222,"1","At-Risk / Dormant","No"
15382,60.0486111111111,3,303.15,57,10,6.453,257.886111111111,"United Kingdom",101.05,19,98.91875,"3","Potential / Occasional","No"
15383,92.7194444444444,2,89.13,71,5,1.772,126.754166666667,"United Kingdom",44.565,35.5,34.0347222222222,"1","At-Risk / Dormant","No"
15384,52.9277777777778,11,6417.9,1870,202,3.48480952380952,320.904861111111,"United Kingdom",583.445454545454,170,26.7977083333333,"2","Champions / High-Value","Yes"
15385,52.2402777777778,1,16.96,14,2,1.25,52.2402777777778,"United Kingdom",16.96,14,52.2402777777778,"1","At-Risk / Dormant","No"
15386,37.9125,6,753.37,272,27,3.3962962962963,257.59375,"Germany",125.561666666667,45.3333333333333,43.93625,"4","Loyal Customers","No"
15387,74.0131944444445,5,679.89,227,26,4.215,238.888888888889,"United Kingdom",135.978,45.4,41.2189236111111,"3","Potential / Occasional","No"
15388,42.1618055555556,5,1046.88,303,47,3.516875,239.274305555556,"United Kingdom",209.376,60.6,49.278125,"4","Loyal Customers","No"
15389,265.859722222222,1,194.82,75,5,3.2,265.859722222222,"United Kingdom",194.82,75,265.859722222222,"3","Potential / Occasional","No"
15390,33.2375,2,562.33,169,13,2.78384615384615,200.602083333333,"Channel Islands",281.165,84.5,167.364583333333,"3","Potential / Occasional","No"
15391,12.2201388888889,18,11282.04,3247,308,3.10922848664688,323.804861111111,"United Kingdom",626.78,180.388888888889,18.3285130718954,"2","Champions / High-Value","Yes"
15392,50.28125,10,3002.84,825,108,3.74333333333333,329.515972222222,"United Kingdom",300.284,82.5,31.0260802469136,"4","Loyal Customers","No"
15393,18.5847222222222,23,21189.03,5925,542,3.44527331189711,363.51875,"United Kingdom",921.262173913043,257.608695652174,15.6788194444444,"2","Champions / High-Value","Yes"
15394,14.8243055555556,7,975.07,339,33,2.72727272727273,262.326388888889,"United Kingdom",139.295714285714,48.4285714285714,41.2503472222222,"4","Loyal Customers","No"
15396,21.25625,11,3352.69,1186,126,3.09625954198473,362.761805555556,"United Kingdom",304.79,107.818181818182,34.1505555555556,"4","Loyal Customers","No"
15397,1.29722222222222,8,1021.88,422,47,2.80204081632653,184.092361111111,"France",127.735,52.75,26.1135912698413,"4","Loyal Customers","No"
15398,40.5333333333333,4,821.86,383,28,2.61107142857143,299.146527777778,"United Kingdom",205.465,95.75,86.2043981481482,"4","Loyal Customers","No"
15399,6.12569444444444,7,2897.68,867,83,3.29068965517241,281.403472222222,"United Kingdom",413.954285714286,123.857142857143,45.8796296296296,"4","Loyal Customers","No"
15400,49.0013888888889,6,806.61,216,31,3.28606060606061,337.246527777778,"United Kingdom",134.435,36,57.6490277777778,"4","Loyal Customers","No"
15401,16.0131944444444,7,2215.13,616,82,3.89178571428571,326.955555555556,"United Kingdom",316.447142857143,88,51.8237268518519,"4","Loyal Customers","No"
15402,85.0263888888889,2,573.97,104,11,5.99181818181818,202.820833333333,"Belgium",286.985,52,117.794444444444,"3","Potential / Occasional","No"
15403,44.0326388888889,2,228.71,143,15,1.8,165.865277777778,"United Kingdom",114.355,71.5,121.832638888889,"3","Potential / Occasional","No"
15404,16.9652777777778,4,652.28,228,23,3.53869565217391,163.043055555556,"United Kingdom",163.07,57,48.6925925925926,"4","Loyal Customers","No"
15405,4.51736111111111,16,8362.19,2519,276,3.565,304.165972222222,"United Kingdom",522.636875,157.4375,19.9765740740741,"2","Champions / High-Value","Yes"
15406,2.34722222222222,11,6447.11,1840,177,3.74478494623656,309.490972222222,"United Kingdom",586.100909090909,167.272727272727,30.714375,"2","Champions / High-Value","Yes"
15407,4.95833333333333,7,2046.84,802,62,2.76,307.116666666667,"Belgium",292.405714285714,114.571428571429,50.3597222222222,"4","Loyal Customers","No"
15408,2.20069444444444,12,4029.31,1442,143,3.56165562913907,343.400694444444,"United Kingdom",335.775833333333,120.166666666667,31.0181818181818,"2","Champions / High-Value","Yes"
15409,20.5173611111111,6,2727.92,765,74,3.83573333333333,340.85625,"United Kingdom",454.653333333333,127.5,64.0677777777778,"4","Loyal Customers","No"
15410,125.871527777778,1,72.19,17,3,4.03666666666667,125.871527777778,"United Kingdom",72.19,17,125.871527777778,"1","At-Risk / Dormant","No"
15411,29.2541666666667,8,2906.65,746,79,4.42506024096386,353.252083333333,"United Kingdom",363.33125,93.25,46.2854166666667,"4","Loyal Customers","No"
15412,8.12222222222222,7,1066.7,450,47,2.63297872340426,226.632638888889,"United Kingdom",152.385714285714,64.2857142857143,36.4184027777778,"4","Loyal Customers","No"
15413,21.1048611111111,5,1025.05,280,32,3.1559375,316.264583333333,"United Kingdom",205.01,56,73.7899305555556,"4","Loyal Customers","No"
15414,126.532638888889,1,229.45,69,4,7.015,126.532638888889,"United Kingdom",229.45,69,126.532638888889,"3","Potential / Occasional","No"
15415,46.65625,4,407.66,128,23,3.60869565217391,256.966666666667,"United Kingdom",101.915,32,70.1034722222222,"3","Potential / Occasional","No"
15416,49.875,7,1415.24,605,84,2.67732558139535,349.444444444444,"United Kingdom",202.177142857143,86.4285714285714,49.9282407407407,"4","Loyal Customers","No"
15417,156.934722222222,1,23.81,19,3,1.43333333333333,156.934722222222,"Germany",23.81,19,156.934722222222,"1","At-Risk / Dormant","No"
15418,112.159027777778,1,21.88,26,5,0.86,112.159027777778,"United Kingdom",21.88,26,112.159027777778,"1","At-Risk / Dormant","No"
15419,19.3701388888889,4,526.83,155,13,4.04846153846154,161.595833333333,"United Kingdom",131.7075,38.75,47.4085648148148,"3","Potential / Occasional","No"
15420,243.515277777778,2,97.74,61,3,1.16333333333333,258.169444444444,"United Kingdom",48.87,30.5,14.6541666666666,"3","Potential / Occasional","No"
15421,110.655555555556,1,117.15,65,4,1.4,110.655555555556,"United Kingdom",117.15,65,110.655555555556,"3","Potential / Occasional","No"
15422,3.11111111111111,8,2629.71,842,93,3.37340206185567,316.576388888889,"United Kingdom",328.71375,105.25,44.780753968254,"4","Loyal Customers","No"
15423,22.5638888888889,37,46430.79,14092,1129,3.22917159763314,330.967361111111,"United Kingdom",1254.88621621622,380.864864864865,8.56676311728395,"2","Champions / High-Value","Yes"
15424,31.7861111111111,11,4616.4,1481,167,3.05168539325843,361.113194444444,"United Kingdom",419.672727272727,134.636363636364,32.9327083333333,"2","Champions / High-Value","Yes"
15425,2.92361111111111,9,1606.05,498,44,2.94170212765957,324.295138888889,"United Kingdom",178.45,55.3333333333333,40.1714409722222,"4","Loyal Customers","No"
15426,29.7493055555556,12,4314.19,1719,168,3.30971264367816,326.029166666667,"United Kingdom",359.515833333333,143.25,26.9345328282828,"2","Champions / High-Value","Yes"
15427,14.8736111111111,3,401.98,180,20,3.29142857142857,213.78125,"United Kingdom",133.993333333333,60,99.4538194444444,"3","Potential / Occasional","No"
15428,20.1298611111111,32,33886.93,10569,936,3.28179190751445,347.397222222222,"United Kingdom",1058.9665625,330.28125,10.5570116487455,"2","Champions / High-Value","Yes"
15429,33.2638888888889,8,2163.2,913,70,2.91810810810811,244.685416666667,"United Kingdom",270.4,114.125,30.2030753968254,"4","Loyal Customers","No"
15430,50.9625,6,1722.02,524,53,3.33777777777778,200.900694444444,"United Kingdom",287.003333333333,87.3333333333333,29.9876388888889,"4","Loyal Customers","No"
15431,27.6798611111111,6,3786.01,626,63,3.98703125,351.1625,"United Kingdom",631.001666666667,104.333333333333,64.6965277777778,"4","Loyal Customers","No"
15432,204.793055555556,1,31.57,17,3,2.34666666666667,204.793055555556,"United Kingdom",31.57,17,204.793055555556,"1","At-Risk / Dormant","No"
15433,40.6708333333333,10,3547.31,1001,118,3.80908333333333,231.600694444444,"United Kingdom",354.731,100.1,21.2144290123457,"4","Loyal Customers","No"
15434,15.6284722222222,14,5521.59,1441,171,4.03779005524862,281.9,"United Kingdom",394.399285714286,102.928571428571,20.4824252136752,"2","Champions / High-Value","Yes"
15435,130.875694444444,4,192.42,69,11,3.06454545454545,242.729166666667,"United Kingdom",48.105,17.25,37.2844907407407,"3","Potential / Occasional","No"
15436,9.09583333333333,5,791.83,299,36,3.57611111111111,207.667361111111,"United Kingdom",158.366,59.8,49.6428819444444,"4","Loyal Customers","No"
15437,81.0388888888889,2,203.72,90,10,2.858,145.195833333333,"United Kingdom",101.86,45,64.1569444444444,"3","Potential / Occasional","No"
15438,264.872222222222,1,22.98,14,2,1.545,264.872222222222,"Portugal",22.98,14,264.872222222222,"1","At-Risk / Dormant","No"
15439,57.1694444444444,2,283.08,88,7,3.65571428571429,318.35,"United Kingdom",141.54,44,261.180555555556,"3","Potential / Occasional","No"
15440,67.6534722222222,4,303.54,65,11,4.38727272727273,216.39375,"United Kingdom",75.885,16.25,49.5800925925926,"3","Potential / Occasional","No"
15441,16.1638888888889,3,443.76,76,6,3.32,215.26875,"United Kingdom",147.92,25.3333333333333,99.5524305555556,"3","Potential / Occasional","No"
15442,160.891666666667,2,118.68,43,7,2.91714285714286,187.118055555556,"United Kingdom",59.34,21.5,26.2263888888889,"1","At-Risk / Dormant","No"
15443,50.7944444444444,3,251.02,55,7,5.00571428571429,285.36875,"United Kingdom",83.6733333333333,18.3333333333333,117.287152777778,"3","Potential / Occasional","No"
15444,35.0027777777778,3,225.28,46,10,6.182,176.704861111111,"United Kingdom",75.0933333333333,15.3333333333333,70.8510416666667,"3","Potential / Occasional","No"
15445,23.8131944444444,5,1876.67,246,28,4.37107142857143,325.072222222222,"Germany",375.334,49.2,75.3147569444444,"4","Loyal Customers","No"
15446,5.85694444444444,1,69.25,15,3,4.67,5.85694444444444,"United Kingdom",69.25,15,5.85694444444444,"1","At-Risk / Dormant","No"
15447,16.4736111111111,4,665.91,148,17,3.99470588235294,350.161805555556,"United Kingdom",166.4775,37,111.229398148148,"4","Loyal Customers","No"
15448,9.12847222222222,3,518.07,121,16,3.840625,49.0722222222222,"United Kingdom",172.69,40.3333333333333,19.971875,"3","Potential / Occasional","No"
15449,24.7979166666667,13,4554.92,1265,146,2.65426751592357,291.459027777778,"United Kingdom",350.378461538462,97.3076923076923,22.2217592592593,"2","Champions / High-Value","Yes"
15450,24.8506944444444,3,1513.02,255,25,3.2896,298.065972222222,"United Kingdom",504.34,85,136.607638888889,"4","Loyal Customers","No"
15451,38.8895833333333,1,107.45,36,6,2.56666666666667,38.8895833333333,"United Kingdom",107.45,36,38.8895833333333,"1","At-Risk / Dormant","No"
15452,16.1923611111111,5,1070.5,437,36,2.83666666666667,352.528472222222,"United Kingdom",214.1,87.4,84.0840277777778,"4","Loyal Customers","No"
15453,8.37708333333333,5,847.3,334,36,2.81162162162162,133.095138888889,"United Kingdom",169.46,66.8,31.1795138888889,"4","Loyal Customers","No"
15454,89.8763888888889,2,156,35,5,4.352,185.102777777778,"Germany",78,17.5,95.2263888888889,"1","At-Risk / Dormant","No"
15455,12.5375,3,365.97,124,15,3.85133333333333,239.460416666667,"United Kingdom",121.99,41.3333333333333,113.461458333333,"3","Potential / Occasional","No"
15456,38.7333333333333,5,580.27,225,29,2.79866666666667,128.820138888889,"United Kingdom",116.054,45,22.5217013888889,"3","Potential / Occasional","No"
15457,60.0659722222222,4,931.97,297,28,3.84571428571429,143.4875,"United Kingdom",232.9925,74.25,27.8071759259259,"3","Potential / Occasional","No"
15458,51.6131944444444,10,4006.37,1262,118,3.25463414634146,362.478472222222,"United Kingdom",400.637,126.2,34.5405864197531,"4","Loyal Customers","No"
15459,44.9256944444444,4,162.87,85,15,1.882,251.336111111111,"United Kingdom",40.7175,21.25,68.8034722222222,"3","Potential / Occasional","No"
15460,21.0729166666667,2,472.84,101,9,5.59,173.157638888889,"United Kingdom",236.42,50.5,152.084722222222,"3","Potential / Occasional","No"
15461,47.0076388888889,9,3571.74,1111,120,3.38475806451613,353.641666666667,"United Kingdom",396.86,123.444444444444,38.3292534722222,"4","Loyal Customers","No"
15462,4.47222222222222,5,580.02,279,29,2.38827586206897,329.402777777778,"United Kingdom",116.004,55.8,81.2326388888889,"4","Loyal Customers","No"
15463,52.0673611111111,4,761.31,343,31,2.6741935483871,247.4875,"United Kingdom",190.3275,85.75,65.1400462962963,"4","Loyal Customers","No"
15464,34.7111111111111,8,3098.08,945,113,3.40683760683761,290.904861111111,"United Kingdom",387.26,118.125,36.5991071428571,"4","Loyal Customers","No"
15465,109.486805555556,6,2320.95,690,59,2.9655737704918,299.455555555556,"Cyprus",386.825,115,37.99375,"4","Loyal Customers","No"
15466,41.7409722222222,1,32.88,18,4,1.8375,41.7409722222222,"Spain",32.88,18,41.7409722222222,"1","At-Risk / Dormant","No"
15467,216.207638888889,2,90.35,75,8,1.53375,298.315972222222,"United Kingdom",45.175,37.5,82.1083333333333,"3","Potential / Occasional","No"
15468,141.097916666667,3,225.73,120,13,2.50923076923077,231.530555555556,"United Kingdom",75.2433333333333,40,45.2163194444445,"3","Potential / Occasional","No"
15469,26.9104166666667,5,1024.31,233,23,4.17375,218.994444444444,"United Kingdom",204.862,46.6,48.0210069444444,"4","Loyal Customers","No"
15470,63.29375,4,1552.98,690,79,2.93506329113924,129.683333333333,"United Kingdom",388.245,172.5,22.1298611111111,"4","Loyal Customers","No"
15471,13.9798611111111,7,2590.53,742,79,3.37620253164557,294.947916666667,"France",370.075714285714,106,46.8280092592593,"4","Loyal Customers","No"
15472,33.0340277777778,6,781.23,384,43,2.52837209302326,360.980555555556,"United Kingdom",130.205,64,65.5893055555556,"4","Loyal Customers","No"
15473,17.3944444444444,3,886.78,265,22,3.37045454545455,232.090277777778,"United Kingdom",295.593333333333,88.3333333333333,107.347916666667,"4","Loyal Customers","No"
15474,3.16736111111111,2,99.97,24,3,5.63666666666667,230.182638888889,"United Kingdom",49.985,12,227.015277777778,"1","At-Risk / Dormant","No"
15475,149.813888888889,1,28.41,8,2,4.345,149.813888888889,"United Kingdom",28.41,8,149.813888888889,"1","At-Risk / Dormant","No"
15476,49.9215277777778,10,2337.18,755,82,3.06689655172414,338.91875,"United Kingdom",233.718,75.5,32.1108024691358,"4","Loyal Customers","No"
15477,24.2777777777778,8,3282.94,1148,132,2.93748201438849,286.013194444444,"United Kingdom",410.3675,143.5,37.3907738095238,"4","Loyal Customers","No"
15478,15.9694444444444,2,591.35,106,11,4.43545454545455,115.572222222222,"United Kingdom",295.675,53,99.6027777777778,"3","Potential / Occasional","No"
15479,68.7548611111111,5,651.05,151,20,4.61,219.671527777778,"United Kingdom",130.21,30.2,37.7291666666667,"3","Potential / Occasional","No"
15480,104.529166666667,3,456.4,119,12,2.51,237.414583333333,"United Kingdom",152.133333333333,39.6666666666667,66.4427083333333,"3","Potential / Occasional","No"
15481,129.038888888889,2,304.02,121,15,2.03266666666667,137.445833333333,"Austria",152.01,60.5,8.40694444444443,"3","Potential / Occasional","No"
15482,7.69236111111111,6,1324.41,451,47,3.054375,201.770138888889,"United Kingdom",220.735,75.1666666666667,38.8155555555556,"4","Loyal Customers","No"
15483,25.8895833333333,10,2655.06,1067,77,3.87076923076923,346.934027777778,"United Kingdom",265.506,106.7,35.6716049382716,"4","Loyal Customers","No"
15484,7.78402777777778,4,481.98,247,24,2.87583333333333,252.441666666667,"Germany",120.495,61.75,81.5525462962963,"4","Loyal Customers","No"
15485,22.1798611111111,4,1246.98,210,19,4.78578947368421,147.595138888889,"United Kingdom",311.745,52.5,41.8050925925926,"4","Loyal Customers","No"
15486,15.6131944444444,10,5206.74,1583,159,3.14395209580838,258.509027777778,"United Kingdom",520.674,158.3,26.9884259259259,"2","Champions / High-Value","Yes"
15487,11.6597222222222,4,390.13,231,18,2.43444444444444,201.009027777778,"United Kingdom",97.5325,57.75,63.1164351851852,"3","Potential / Occasional","No"
15488,34.93125,4,521.93,178,21,2.46454545454545,201.724305555556,"United Kingdom",130.4825,44.5,55.5976851851852,"3","Potential / Occasional","No"
15489,6.83472222222222,6,1058.8,341,50,3.26,325.795833333333,"United Kingdom",176.466666666667,56.8333333333333,63.7922222222222,"4","Loyal Customers","No"
15490,38.1548611111111,5,532.91,222,30,2.896,241.208333333333,"United Kingdom",106.582,44.4,50.7633680555556,"3","Potential / Occasional","No"
15491,188.465972222222,1,120.48,101,10,1.441,188.465972222222,"United Kingdom",120.48,101,188.465972222222,"3","Potential / Occasional","No"
15492,26.3645833333333,13,2307.38,804,91,2.89958333333333,319.116666666667,"United Kingdom",177.490769230769,61.8461538461538,24.3960069444444,"4","Loyal Customers","No"
15493,2.74305555555556,7,2786.64,683,46,4.25145833333333,227.078472222222,"United Kingdom",398.091428571429,97.5714285714286,37.3892361111111,"4","Loyal Customers","No"
15494,49.3020833333333,10,2375.64,763,70,3.64123287671233,334.567361111111,"France",237.564,76.3,31.6961419753086,"4","Loyal Customers","No"
15495,100.503472222222,5,1124.41,366,41,2.96585365853659,371.381944444444,"United Kingdom",224.882,73.2,67.7196180555556,"4","Loyal Customers","No"
15496,9.09166666666667,11,13265.35,14711,204,3.29157407407407,278.225,"United Kingdom",1205.94090909091,1337.36363636364,26.9133333333333,"2","Champions / High-Value","Yes"
15497,46.0701388888889,3,371.88,134,25,2.7476,183.599305555556,"United Kingdom",123.96,44.6666666666667,68.7645833333333,"3","Potential / Occasional","No"
15498,28.575,4,934.33,253,20,2.572,200.101388888889,"United Kingdom",233.5825,63.25,57.175462962963,"4","Loyal Customers","No"
15499,152.884722222222,2,72.71,49,9,1.52555555555556,214.948611111111,"United Kingdom",36.355,24.5,62.0638888888889,"1","At-Risk / Dormant","No"
15500,2.64027777777778,6,1019.5,410,49,3.1162,271.029861111111,"France",169.916666666667,68.3333333333333,53.6779166666667,"4","Loyal Customers","No"
15501,9.34305555555556,13,6426.64,1828,174,3.94494680851064,324.829861111111,"United Kingdom",494.356923076923,140.615384615385,26.2905671296296,"2","Champions / High-Value","Yes"
15502,13.00625,7,1156.3,357,39,4.0675,342.133333333333,"United Kingdom",165.185714285714,51,54.8545138888889,"4","Loyal Customers","No"
15503,78.1965277777778,5,1583.57,468,62,3.15301587301587,252.224305555556,"United Kingdom",316.714,93.6,43.5069444444444,"4","Loyal Customers","No"
15504,186.120833333333,2,725.52,88,4,8.055,219.3875,"United Kingdom",362.76,44,33.2666666666667,"3","Potential / Occasional","No"
15505,32.3840277777778,11,4013.69,1298,151,3.4998125,345.904166666667,"United Kingdom",364.880909090909,118,31.3520138888889,"2","Champions / High-Value","Yes"
15506,32.1458333333333,6,1551.04,505,50,3.26980392156863,265.847222222222,"United Kingdom",258.506666666667,84.1666666666667,46.7402777777778,"4","Loyal Customers","No"
15507,19.3569444444444,9,3310.3,868,100,3.10548076923077,319.792361111111,"United Kingdom",367.811111111111,96.4444444444444,37.5544270833333,"4","Loyal Customers","No"
15508,58.85625,7,343.76,174,24,2.506,342.164583333333,"United Kingdom",49.1085714285714,24.8571428571429,47.2180555555556,"3","Potential / Occasional","No"
15509,331.059722222222,1,218.34,86,14,2.39,331.059722222222,"United Kingdom",218.34,86,331.059722222222,"3","Potential / Occasional","No"
15510,2.91875,5,389.64,164,19,3.14263157894737,188.040972222222,"United Kingdom",77.928,32.8,46.2805555555556,"4","Loyal Customers","No"
15511,25.0479166666667,8,3528.97,916,98,3.75127450980392,339.810416666667,"United Kingdom",441.12125,114.5,44.9660714285714,"4","Loyal Customers","No"
15512,10.3277777777778,5,1670.18,472,37,2.88236842105263,298.600694444444,"United Kingdom",334.036,94.4,72.0682291666667,"4","Loyal Customers","No"
15513,86.7291666666667,1,176.58,49,6,4.60166666666667,86.7291666666667,"United Kingdom",176.58,49,86.7291666666667,"3","Potential / Occasional","No"
15514,3.82083333333333,18,16326.45,4302,368,3.3125845410628,337.819444444444,"United Kingdom",907.025,239,19.646977124183,"2","Champions / High-Value","Yes"
15515,23.2638888888889,5,780.23,136,24,4.68041666666667,241.881944444444,"United Kingdom",156.046,27.2,54.6545138888889,"3","Potential / Occasional","No"
15516,43.0243055555556,4,1601.1,441,52,3.47547169811321,252.854861111111,"EIRE",400.275,110.25,69.9435185185185,"4","Loyal Customers","No"
15517,5.48888888888889,8,1623.43,585,75,2.86974025974026,254.192361111111,"United Kingdom",202.92875,73.125,35.5290674603175,"4","Loyal Customers","No"
15518,11.6236111111111,12,5270.16,1479,153,3.32422619047619,297.596527777778,"United Kingdom",439.18,123.25,25.9975378787879,"2","Champions / High-Value","Yes"
15519,132.251388888889,2,162.61,70,11,2.15181818181818,151.644444444444,"United Kingdom",81.305,35,19.3930555555555,"3","Potential / Occasional","No"
15520,99.2131944444444,2,189.87,57,9,3.495,208.329166666667,"United Kingdom",94.935,28.5,109.115972222222,"3","Potential / Occasional","No"
15521,13.48125,5,1234.98,447,35,2.70055555555556,330.242361111111,"United Kingdom",246.996,89.4,79.1902777777778,"4","Loyal Customers","No"
15522,47.3243055555556,7,1163.67,470,42,3.42906976744186,143.767361111111,"United Kingdom",166.238571428571,67.1428571428571,16.0738425925926,"4","Loyal Customers","No"
15523,7.17013888888889,24,116804.33,82558,685,3.55579780755177,342.881944444444,"United Kingdom",4866.84708333333,3439.91666666667,14.5961654589372,"2","Champions / High-Value","Yes"
15524,69.8826388888889,10,5119.63,1371,120,3.55314516129032,267.163194444444,"United Kingdom",511.963,137.1,21.9200617283951,"2","Champions / High-Value","Yes"
15525,6.34722222222222,1,399.99,35,7,9.18,6.34722222222222,"Netherlands",399.99,35,6.34722222222222,"1","At-Risk / Dormant","No"
15526,5.0625,3,912.89,299,36,3.29432432432432,110.044444444444,"United Kingdom",304.296666666667,99.6666666666667,52.4909722222222,"4","Loyal Customers","No"
15528,32.0201388888889,14,5744.04,1522,150,4.0277358490566,309.631944444444,"United Kingdom",410.288571428571,108.714285714286,21.3547542735043,"2","Champions / High-Value","Yes"
15529,41.5041666666667,7,1301.6,400,47,3.5266,259.547222222222,"United Kingdom",185.942857142857,57.1428571428571,36.3405092592593,"4","Loyal Customers","No"
15530,280.717361111111,2,85.83,57,9,1.561,300.656944444444,"United Kingdom",42.915,28.5,19.9395833333333,"3","Potential / Occasional","No"
15531,23.7520833333333,11,2047.25,834,98,2.77970297029703,350.3625,"Netherlands",186.113636363636,75.8181818181818,32.6610416666667,"4","Loyal Customers","No"
15533,56.4402777777778,3,972.92,152,17,3.73352941176471,128.313194444444,"United Kingdom",324.306666666667,50.6666666666667,35.9364583333333,"3","Potential / Occasional","No"
15534,202.21875,1,224.97,82,5,5.21,202.21875,"United Kingdom",224.97,82,202.21875,"3","Potential / Occasional","No"
15535,48.6541666666667,5,498.14,171,21,2.66681818181818,314.935416666667,"United Kingdom",99.628,34.2,66.5703125,"3","Potential / Occasional","No"
15536,23.9027777777778,4,549.07,205,21,2.87809523809524,194.804861111111,"United Kingdom",137.2675,51.25,56.9673611111111,"3","Potential / Occasional","No"
15537,28.7847222222222,36,46207.57,13631,1107,3.28861549006169,361.457638888889,"United Kingdom",1283.54361111111,378.638888888889,9.50494047619047,"2","Champions / High-Value","Yes"
15538,22.2826388888889,5,150245.88,74320,20,3.2875,243.04375,"United Kingdom",30049.176,14864,55.1902777777778,"2","Champions / High-Value","Yes"
15539,212.594444444444,2,591.21,111,10,7.788,302.634722222222,"France",295.605,55.5,90.0402777777778,"3","Potential / Occasional","No"
15540,43.3951388888889,5,1287.33,486,54,2.95092592592593,173.188888888889,"United Kingdom",257.466,97.2,32.4484375,"4","Loyal Customers","No"
15541,24.4298611111111,6,446.5,176,14,3.77066666666667,350.967361111111,"United Kingdom",74.4166666666667,29.3333333333333,65.3075,"3","Potential / Occasional","No"
15542,49.5097222222222,2,80.04,24,3,3.41666666666667,202.216666666667,"United Kingdom",40.02,12,152.706944444444,"1","At-Risk / Dormant","No"
15543,60.5138888888889,12,4697.21,1634,187,2.89220512820513,307.882638888889,"United Kingdom",391.434166666667,136.166666666667,22.4880681818182,"2","Champions / High-Value","Yes"
15544,249.358333333333,2,108.28,34,7,2.93285714285714,302.828472222222,"United Kingdom",54.14,17,53.4701388888889,"1","At-Risk / Dormant","No"
15545,119.360416666667,4,560.58,153,19,3.55789473684211,283.427083333333,"United Kingdom",140.145,38.25,54.6888888888889,"3","Potential / Occasional","No"
15546,70.0145833333333,4,336.31,157,30,2.107,274.480555555556,"United Kingdom",84.0775,39.25,68.1553240740741,"3","Potential / Occasional","No"
15547,80.9604166666667,6,1162.12,358,31,3.13193548387097,211.15625,"United Kingdom",193.686666666667,59.6666666666667,26.0391666666667,"4","Loyal Customers","No"
15548,30.06875,6,934.49,235,28,3.45103448275862,187.438888888889,"United Kingdom",155.748333333333,39.1666666666667,31.4740277777778,"4","Loyal Customers","No"
15549,11.1243055555556,11,6220.73,1844,168,3.30077777777778,302.852083333333,"United Kingdom",565.520909090909,167.636363636364,29.1727777777778,"2","Champions / High-Value","Yes"
15550,37.4805555555556,3,632.8,154,18,4.35,302.018055555556,"United Kingdom",210.933333333333,51.3333333333333,132.26875,"3","Potential / Occasional","No"
15551,28.6319444444444,16,13038.16,3647,360,3.52497487437186,349.224305555556,"United Kingdom",814.885,227.9375,21.3728240740741,"2","Champions / High-Value","Yes"
15552,15.9166666666667,5,524.4,196,26,3.16384615384615,248.390972222222,"United Kingdom",104.88,39.2,58.1185763888889,"4","Loyal Customers","No"
15553,23.9979166666667,4,963.98,341,40,3.5885,140.122916666667,"United Kingdom",240.995,85.25,38.7083333333333,"4","Loyal Customers","No"
15554,125.796527777778,1,22.94,37,1,0.62,125.796527777778,"United Kingdom",22.94,37,125.796527777778,"1","At-Risk / Dormant","No"
15555,6.55833333333333,8,965.92,423,52,2.79944444444444,301.645833333333,"United Kingdom",120.74,52.875,42.1553571428571,"4","Loyal Customers","No"
15556,19.7791666666667,6,1255.43,387,48,3.38627450980392,230.661111111111,"United Kingdom",209.238333333333,64.5,42.1763888888889,"4","Loyal Customers","No"
15557,98.8673611111111,3,269.85,139,13,2.12846153846154,270.1875,"United Kingdom",89.95,46.3333333333333,85.6600694444444,"3","Potential / Occasional","No"
15558,43.48125,4,1157.1,364,40,3.0145,292.195833333333,"United Kingdom",289.275,91,82.9048611111111,"4","Loyal Customers","No"
15559,12.4243055555556,5,2248.77,251,22,4.34136363636364,260.840277777778,"United Kingdom",449.754,50.2,62.1039930555556,"4","Loyal Customers","No"
15560,11.2694444444444,5,127.64,47,10,3.529,284.159027777778,"United Kingdom",25.528,9.4,68.2223958333333,"1","At-Risk / Dormant","No"
15561,50.2833333333333,4,1086.1,371,31,3.51838709677419,260.015277777778,"United Kingdom",271.525,92.75,69.9106481481482,"4","Loyal Customers","No"
15562,240.529861111111,1,135.5,70,5,2.104,240.529861111111,"United Kingdom",135.5,70,240.529861111111,"3","Potential / Occasional","No"
15563,137.940277777778,4,560.71,173,21,3.04714285714286,334.111111111111,"United Kingdom",140.1775,43.25,65.3902777777778,"3","Potential / Occasional","No"
15564,143.738888888889,2,267.14,59,10,4.324,282.945138888889,"United Kingdom",133.57,29.5,139.20625,"3","Potential / Occasional","No"
15565,13.9965277777778,7,1778.8,341,36,5.53638888888889,247.899305555556,"United Kingdom",254.114285714286,48.7142857142857,38.9837962962963,"4","Loyal Customers","No"
15566,44.5972222222222,3,753.81,117,10,3.744,239.641666666667,"United Kingdom",251.27,39,97.5222222222222,"3","Potential / Occasional","No"
15567,17.5736111111111,5,428.53,190,29,2.50533333333333,328.913194444444,"United Kingdom",85.706,38,77.8348958333333,"4","Loyal Customers","No"
15568,120.330555555556,1,168.94,99,7,2.11428571428571,120.330555555556,"United Kingdom",168.94,99,120.330555555556,"3","Potential / Occasional","No"
15569,22.6152777777778,4,746.78,205,14,3.51733333333333,276.325694444444,"United Kingdom",186.695,51.25,84.5701388888889,"4","Loyal Customers","No"
15570,67.1826388888889,4,549.37,212,29,3.22931034482759,330.720138888889,"United Kingdom",137.3425,53,87.8458333333333,"3","Potential / Occasional","No"
15571,25.1798611111111,3,574.13,225,22,3.43636363636364,55.3104166666667,"United Kingdom",191.376666666667,75,15.0652777777778,"3","Potential / Occasional","No"
15572,310.538888888889,1,48.32,24,4,1.885,310.538888888889,"United Kingdom",48.32,24,310.538888888889,"1","At-Risk / Dormant","No"
15573,22.8277777777778,5,491.73,119,23,4.29826086956522,225.294444444444,"United Kingdom",98.346,23.8,50.6166666666667,"3","Potential / Occasional","No"
15574,6.60277777777778,8,1014.12,355,46,3.44,286.520138888889,"United Kingdom",126.765,44.375,39.9881944444444,"4","Loyal Customers","No"
15575,52.6458333333333,8,2778.73,802,78,3.08829268292683,304.440972222222,"United Kingdom",347.34125,100.25,35.9707341269841,"4","Loyal Customers","No"
15576,108.93125,1,112.05,33,5,4.964,108.93125,"Cyprus",112.05,33,108.93125,"1","At-Risk / Dormant","No"
15577,36.1694444444444,6,761.31,345,38,2.59179487179487,360.884027777778,"United Kingdom",126.885,57.5,64.9429166666667,"4","Loyal Customers","No"
15578,12.03125,16,9137.27,2773,311,3.33162790697674,352.639583333333,"United Kingdom",571.079375,173.3125,22.7072222222222,"2","Champions / High-Value","Yes"
15579,96.6097222222222,4,483.56,153,23,3.71434782608696,287.882638888889,"Germany",120.89,38.25,63.7576388888889,"3","Potential / Occasional","No"
15580,46.1409722222222,7,2183.79,806,83,3.22154761904762,266.158333333333,"United Kingdom",311.97,115.142857142857,36.6695601851852,"4","Loyal Customers","No"
15581,10.4111111111111,9,3027.65,855,81,4.06289156626506,234.652083333333,"Spain",336.405555555556,95,28.0301215277778,"4","Loyal Customers","No"
15582,13.05,5,1039.16,263,41,3.78883720930233,329.585416666667,"United Kingdom",207.832,52.6,79.1338541666667,"4","Loyal Customers","No"
15583,59.7798611111111,11,3504.07,985,113,3.89162393162393,229.018055555556,"United Kingdom",318.551818181818,89.5454545454545,16.9238194444444,"4","Loyal Customers","No"
15584,39.4354166666667,12,2568.67,906,103,2.83514563106796,290.949305555556,"United Kingdom",214.055833333333,75.5,22.864898989899,"4","Loyal Customers","No"
15585,12.5881944444444,5,424.53,169,17,2.34,237.905555555556,"United Kingdom",84.906,33.8,56.3293402777778,"3","Potential / Occasional","No"
15586,18.7423611111111,14,4181.42,1496,154,3.333875,296.314583333333,"United Kingdom",298.672857142857,106.857142857143,21.3517094017094,"2","Champions / High-Value","Yes"
15587,15.2166666666667,3,332.57,123,12,2.63833333333333,185.645138888889,"United Kingdom",110.856666666667,41,85.2142361111111,"3","Potential / Occasional","No"
15588,4.15763888888889,8,1712.16,548,64,3.10461538461538,257.906944444444,"United Kingdom",214.02,68.5,36.2499007936508,"4","Loyal Customers","No"
15589,4.15972222222222,12,3159.64,1026,96,2.72121212121212,272.925,"United Kingdom",263.303333333333,85.5,24.4332070707071,"4","Loyal Customers","No"
15590,271.493055555556,1,144.69,57,3,1.69,271.493055555556,"United Kingdom",144.69,57,271.493055555556,"3","Potential / Occasional","No"
15591,31.65,6,971.67,293,36,3.73837837837838,321.911805555556,"United Kingdom",161.945,48.8333333333333,58.0523611111111,"4","Loyal Customers","No"
15592,4.04305555555556,6,768.17,281,27,2.9937037037037,181.147916666667,"United Kingdom",128.028333333333,46.8333333333333,35.4209722222222,"4","Loyal Customers","No"
15593,48.0888888888889,7,1184.91,282,29,4.47366666666667,214.976388888889,"United Kingdom",169.272857142857,40.2857142857143,27.8145833333333,"4","Loyal Customers","No"
15594,31.81875,4,501.69,181,17,3.76647058823529,306.122222222222,"United Kingdom",125.4225,45.25,91.4344907407407,"3","Potential / Occasional","No"
15595,59.0104166666667,5,1213.46,294,25,3.3676,121.961805555556,"United Kingdom",242.692,58.8,15.7378472222222,"3","Potential / Occasional","No"
15596,117.990972222222,2,436.07,147,11,2.08636363636364,124.608333333333,"United Kingdom",218.035,73.5,6.61736111111111,"3","Potential / Occasional","No"
15597,24.6986111111111,7,3700.22,950,88,3.01280898876405,277.709027777778,"United Kingdom",528.602857142857,135.714285714286,42.1684027777778,"4","Loyal Customers","No"
15598,63.4222222222222,1,23.67,11,2,2.195,63.4222222222222,"France",23.67,11,63.4222222222222,"1","At-Risk / Dormant","No"
15599,85.6708333333333,2,387.83,156,21,2.9752380952381,114.317361111111,"United Kingdom",193.915,78,28.6465277777778,"3","Potential / Occasional","No"
15600,31.9666666666667,3,1037.51,268,29,3.46655172413793,200.309027777778,"United Kingdom",345.836666666667,89.3333333333333,84.1711805555556,"4","Loyal Customers","No"
15601,26.4590277777778,9,1880.38,698,84,2.59752941176471,250.113888888889,"United Kingdom",208.931111111111,77.5555555555556,27.9568576388889,"4","Loyal Customers","No"
15602,19.6777777777778,6,1132.54,448,42,2.365,150.125,"United Kingdom",188.756666666667,74.6666666666667,26.0894444444444,"4","Loyal Customers","No"
15603,66.65,5,725.9,239,27,3.96296296296296,321.198611111111,"United Kingdom",145.18,47.8,63.6371527777778,"3","Potential / Occasional","No"
15604,10.5520833333333,7,1385,609,68,2.66376811594203,279.943055555556,"United Kingdom",197.857142857143,87,44.8984953703704,"4","Loyal Customers","No"
15605,37.1611111111111,6,2254.99,666,63,2.9921875,235.01875,"United Kingdom",375.831666666667,111,39.5715277777778,"4","Loyal Customers","No"
15606,17.8791666666667,5,3651.68,1270,126,3.12396946564885,241.177777777778,"United Kingdom",730.336,254,55.8246527777778,"2","Champions / High-Value","Yes"
15607,224.196527777778,2,237.38,85,9,1.47333333333333,299.963194444444,"United Kingdom",118.69,42.5,75.7666666666667,"3","Potential / Occasional","No"
15608,48.7798611111111,8,3563.71,725,63,3.79338461538462,303.368055555556,"United Kingdom",445.46375,90.625,36.3697420634921,"4","Loyal Customers","No"
15609,39.3055555555556,3,307.34,127,15,2.81333333333333,344.622916666667,"United Kingdom",102.446666666667,42.3333333333333,152.658680555556,"3","Potential / Occasional","No"
15610,96.0777777777778,1,110.2,66,2,1.075,96.0777777777778,"United Kingdom",110.2,66,96.0777777777778,"1","At-Risk / Dormant","No"
15611,51.7944444444444,9,3214.44,792,88,2.62577777777778,262.875694444444,"United Kingdom",357.16,88,26.38515625,"4","Loyal Customers","No"
15612,235.603472222222,1,117.14,32,4,4.0475,235.603472222222,"United Kingdom",117.14,32,235.603472222222,"3","Potential / Occasional","No"
15613,125.951388888889,1,110.64,65,3,4.05666666666667,125.951388888889,"United Kingdom",110.64,65,125.951388888889,"3","Potential / Occasional","No"
15614,65.3263888888889,4,775.1,224,25,4.03,295.606944444444,"United Kingdom",193.775,56,76.7601851851852,"3","Potential / Occasional","No"
15615,37.4958333333333,6,3647.63,959,95,3.72612244897959,283.417361111111,"United Kingdom",607.938333333333,159.833333333333,49.1843055555556,"4","Loyal Customers","No"
15616,17.6854166666667,3,703.93,194,19,2.32684210526316,204.165277777778,"United Kingdom",234.643333333333,64.6666666666667,93.2399305555556,"4","Loyal Customers","No"
15617,229.451388888889,4,264.01,122,14,2.95214285714286,274.405555555556,"United Kingdom",66.0025,30.5,14.9847222222222,"3","Potential / Occasional","No"
15618,23.3013888888889,2,490.6,193,18,3.07842105263158,175.025694444444,"Iceland",245.3,96.5,151.724305555556,"3","Potential / Occasional","No"
15619,145.745833333333,1,200.29,18,4,10.82,145.745833333333,"United Kingdom",200.29,18,145.745833333333,"1","At-Risk / Dormant","No"
15620,139.997916666667,3,295.3,70,11,4.32727272727273,253.451388888889,"United Kingdom",98.4333333333333,23.3333333333333,56.7267361111111,"3","Potential / Occasional","No"
15621,146.0625,2,207.57,70,12,3.54,355.280555555556,"United Kingdom",103.785,35,209.218055555556,"3","Potential / Occasional","No"
15622,23.1486111111111,9,6370.37,1805,167,3.06083798882682,305.352777777778,"United Kingdom",707.818888888889,200.555555555556,35.2755208333333,"2","Champions / High-Value","Yes"
15623,199.508333333333,1,22.76,14,2,1.64,199.508333333333,"United Kingdom",22.76,14,199.508333333333,"1","At-Risk / Dormant","No"
15624,178.347916666667,2,13.97,7,2,2.39,268.215277777778,"United Kingdom",6.985,3.5,89.8673611111111,"1","At-Risk / Dormant","No"
15625,182.16875,1,29.64,13,3,2.23,182.16875,"United Kingdom",29.64,13,182.16875,"1","At-Risk / Dormant","No"
15626,2.81041666666667,23,12866.43,3331,359,3.60717761557178,288.884722222222,"United Kingdom",559.41,144.826086956522,13.0033775252525,"2","Champions / High-Value","Yes"
15627,31.1784722222222,9,1719.95,664,90,2.69472527472527,275.722916666667,"United Kingdom",191.105555555556,73.7777777777778,30.5680555555556,"4","Loyal Customers","No"
15628,111.070833333333,2,518.99,82,7,5.77571428571429,227.324305555556,"United Kingdom",259.495,41,116.253472222222,"3","Potential / Occasional","No"
15629,15.2645833333333,9,3733.95,1325,106,3.78536363636364,355.195833333333,"United Kingdom",414.883333333333,147.222222222222,42.49140625,"2","Champions / High-Value","Yes"
15630,89.3402777777778,3,404.1,102,17,3.29352941176471,302.73125,"United Kingdom",134.7,34,106.695486111111,"3","Potential / Occasional","No"
15631,99.6659722222222,2,141.54,56,10,2.412,210.46875,"United Kingdom",70.77,28,110.802777777778,"3","Potential / Occasional","No"
15632,1.35763888888889,8,2111.11,632,73,3.47608108108108,350.06875,"United Kingdom",263.88875,79,49.815873015873,"4","Loyal Customers","No"
15633,87.2229166666667,3,2160.84,289,29,4.66344827586207,165.352083333333,"Sweden",720.28,96.3333333333333,39.0645833333333,"4","Loyal Customers","No"
15634,14.4486111111111,7,2023.5,896,103,2.41828571428571,229.555555555556,"United Kingdom",289.071428571429,128,35.8511574074074,"4","Loyal Customers","No"
15635,17.2625,17,9484.79,3024,311,3.11758928571429,315.48125,"United Kingdom",557.928823529412,177.882352941176,18.638671875,"2","Champions / High-Value","Yes"
15636,177.902777777778,3,243.64,159,14,2.36285714285714,219.138194444444,"United Kingdom",81.2133333333333,53,20.6177083333333,"3","Potential / Occasional","No"
15637,226.177777777778,1,17.58,13,2,1.35,226.177777777778,"United Kingdom",17.58,13,226.177777777778,"1","At-Risk / Dormant","No"
15638,31.1583333333333,6,1140.93,495,58,2.83965517241379,338.565277777778,"United Kingdom",190.155,82.5,61.4813888888889,"4","Loyal Customers","No"
15639,67.75,6,2613.96,669,70,3.50242857142857,262.844444444444,"United Kingdom",435.66,111.5,39.0188888888889,"4","Loyal Customers","No"
15640,12.0277777777778,21,11998.21,4039,394,3.24508888888889,342.626388888889,"United Kingdom",571.343333333333,192.333333333333,16.5299305555556,"2","Champions / High-Value","Yes"
15641,35.9444444444444,3,673.31,157,21,4.33238095238095,186.48125,"United Kingdom",224.436666666667,52.3333333333333,75.2684027777778,"3","Potential / Occasional","No"
15642,267.475694444444,1,124.75,27,4,4.325,267.475694444444,"United Kingdom",124.75,27,267.475694444444,"3","Potential / Occasional","No"
15643,56.5083333333333,2,70.04,8,2,8.05,100.414583333333,"United Kingdom",35.02,4,43.90625,"1","At-Risk / Dormant","No"
15644,74.33125,5,447.26,145,21,4.32761904761905,296.763194444444,"United Kingdom",89.452,29,55.6079861111111,"3","Potential / Occasional","No"
15645,49.3673611111111,3,1236.24,265,29,4.78827586206897,202.863194444444,"United Kingdom",412.08,88.3333333333333,76.7479166666667,"4","Loyal Customers","No"
15646,105.478472222222,7,1557.51,484,59,3.37803278688525,297.315277777778,"United Kingdom",222.501428571429,69.1428571428571,31.9728009259259,"4","Loyal Customers","No"
15647,7.4,8,1556.02,675,65,2.51136363636364,251.388888888889,"United Kingdom",194.5025,84.375,34.8555555555556,"4","Loyal Customers","No"
15648,53.00625,2,231.59,151,15,2.358,168.254861111111,"United Kingdom",115.795,75.5,115.248611111111,"3","Potential / Occasional","No"
15649,11.1104166666667,20,24162.76,6828,577,3.37398581560284,322.579166666667,"United Kingdom",1208.138,341.4,16.3930921052632,"2","Champions / High-Value","Yes"
15650,104.526388888889,1,34.23,6,2,5.705,104.526388888889,"Germany",34.23,6,104.526388888889,"1","At-Risk / Dormant","No"
15651,69.9590277777778,2,622.45,178,10,2.899,184.090277777778,"United Kingdom",311.225,89,114.13125,"3","Potential / Occasional","No"
15652,17.6652777777778,2,218.07,85,14,2.33142857142857,306.188194444444,"United Kingdom",109.035,42.5,288.522916666667,"3","Potential / Occasional","No"
15653,100.704861111111,4,2001.73,310,32,5.19,265.434027777778,"United Kingdom",500.4325,77.5,54.9097222222222,"4","Loyal Customers","No"
15654,71.3902777777778,5,1568.49,582,45,3.04822222222222,275.134722222222,"United Kingdom",313.698,116.4,50.9361111111111,"4","Loyal Customers","No"
15655,4.43125,16,7810.17,2169,213,3.34859030837004,299.729861111111,"France",488.135625,135.5625,19.6865740740741,"2","Champions / High-Value","Yes"
15656,28.3840277777778,7,1894.76,724,80,2.78463414634146,271.185416666667,"United Kingdom",270.68,103.428571428571,40.4668981481481,"4","Loyal Customers","No"
15657,86.3694444444444,3,233.44,78,13,2.90538461538462,309.052777777778,"United Kingdom",77.8133333333333,26,111.341666666667,"3","Potential / Occasional","No"
15658,95.2180555555556,3,144.59,54,8,2.7875,306.974305555556,"United Kingdom",48.1966666666667,18,105.878125,"3","Potential / Occasional","No"
15659,81.8083333333333,2,134.7,59,10,2.156,234.579166666667,"United Kingdom",67.35,29.5,152.770833333333,"3","Potential / Occasional","No"
15660,217.219444444444,2,372.36,95,10,4.665,272.878472222222,"United Kingdom",186.18,47.5,55.6590277777778,"3","Potential / Occasional","No"
15661,60.5013888888889,9,2447.98,887,100,3.32696078431373,325.438194444444,"Germany",271.997777777778,98.5555555555556,33.1171006944444,"4","Loyal Customers","No"
15662,44.9083333333333,3,440.22,105,12,4.40833333333333,257.196527777778,"France",146.74,35,106.144097222222,"3","Potential / Occasional","No"
15663,12.0208333333333,1,59.22,31,5,1.946,12.0208333333333,"United Kingdom",59.22,31,12.0208333333333,"1","At-Risk / Dormant","No"
15664,40.4722222222222,6,1478.23,426,43,3.22613636363636,336.619444444444,"United Kingdom",246.371666666667,71,59.2294444444444,"4","Loyal Customers","No"
15665,299.963194444444,1,99,21,3,3.80666666666667,299.963194444444,"United Kingdom",99,21,299.963194444444,"1","At-Risk / Dormant","No"
15666,12.64375,6,1200.31,337,50,3.45538461538462,277.005555555556,"United Kingdom",200.051666666667,56.1666666666667,52.8723611111111,"4","Loyal Customers","No"
15667,92.0694444444444,3,261.93,64,15,3.56066666666667,283.501388888889,"United Kingdom",87.31,21.3333333333333,95.7159722222222,"3","Potential / Occasional","No"
15668,171.027777777778,3,626.5,280,25,3.402,282.831944444444,"United Kingdom",208.833333333333,93.3333333333333,55.9020833333333,"3","Potential / Occasional","No"
15669,50.8055555555556,2,468.45,97,9,2.94,88.1590277777778,"United Kingdom",234.225,48.5,37.3534722222222,"3","Potential / Occasional","No"
15670,75.8152777777778,5,365.96,189,23,2.41260869565217,281.173611111111,"Denmark",73.192,37.8,51.3395833333333,"3","Potential / Occasional","No"
15671,83.7965277777778,4,103.93,92,10,1.945,233.013194444444,"United Kingdom",25.9825,23,49.7388888888889,"3","Potential / Occasional","No"
15672,288.515972222222,1,51.9,22,3,2.40666666666667,288.515972222222,"United Kingdom",51.9,22,288.515972222222,"1","At-Risk / Dormant","No"
15673,89.5333333333333,4,775.64,333,32,2.9525,338.76875,"United Kingdom",193.91,83.25,83.0784722222222,"4","Loyal Customers","No"
15674,250.219444444444,1,56.1,11,2,5.14,250.219444444444,"United Kingdom",56.1,11,250.219444444444,"1","At-Risk / Dormant","No"
15675,31.6993055555556,17,9157.21,2514,255,3.50563636363636,354.540277777778,"United Kingdom",538.659411764706,147.882352941176,20.1775607638889,"2","Champions / High-Value","Yes"
15676,177.122222222222,1,330.57,75,5,4.266,177.122222222222,"United Kingdom",330.57,75,177.122222222222,"3","Potential / Occasional","No"
15677,32.1111111111111,2,166.2,153,12,1.45666666666667,166.8625,"United Kingdom",83.1,76.5,134.751388888889,"3","Potential / Occasional","No"
15678,163.105555555556,1,204.69,43,4,5.272,163.105555555556,"United Kingdom",204.69,43,163.105555555556,"3","Potential / Occasional","No"
15679,5.97916666666667,11,5030.54,1440,161,3.42466257668712,323.824305555556,"United Kingdom",457.321818181818,130.909090909091,31.7845138888889,"2","Champions / High-Value","Yes"
15680,92.99375,2,276.4,99,8,3.71625,197.711805555556,"United Kingdom",138.2,49.5,104.718055555556,"3","Potential / Occasional","No"
15681,71.7083333333333,2,123.79,30,5,3.512,301.029166666667,"United Kingdom",61.895,15,229.320833333333,"1","At-Risk / Dormant","No"
15682,60.0618055555556,5,611.53,207,15,3.792,343.16875,"United Kingdom",122.306,41.4,70.7767361111111,"3","Potential / Occasional","No"
15683,156.714583333333,2,608.8,194,11,2.51818181818182,224.177083333333,"United Kingdom",304.4,97,67.4625,"3","Potential / Occasional","No"
15684,23.3458333333333,20,22610.4,6892,570,3.42056768558952,336.093055555556,"United Kingdom",1130.52,344.6,16.4603801169591,"2","Champions / High-Value","Yes"
15685,11.6868055555556,18,12213.02,3975,404,3.39883668903803,354.920138888889,"United Kingdom",678.501111111111,220.833333333333,20.1901960784314,"2","Champions / High-Value","Yes"
15686,31.4180555555556,4,318.32,100,15,3.00933333333333,256.291666666667,"United Kingdom",79.58,25,74.9578703703704,"3","Potential / Occasional","No"
15687,11.4784722222222,1,152.57,30,6,5.28,11.4784722222222,"United Kingdom",152.57,30,11.4784722222222,"1","At-Risk / Dormant","No"
15688,173.863194444444,4,490.9,234,31,2.66,354.559722222222,"United Kingdom",122.725,58.5,60.2321759259259,"3","Potential / Occasional","No"
15689,69.4291666666667,2,314.77,142,11,3.34090909090909,211.318055555556,"United Kingdom",157.385,71,141.888888888889,"3","Potential / Occasional","No"
15690,24.7631944444444,14,8915.79,2670,318,3.14290598290598,325.967361111111,"France",636.842142857143,190.714285714286,23.1695512820513,"2","Champions / High-Value","Yes"
15691,92.5902777777778,2,586.88,162,13,3.43692307692308,103.466666666667,"Spain",293.44,81,10.8763888888889,"3","Potential / Occasional","No"
15692,178.447916666667,1,0.2,1,1,0.2,178.447916666667,"United Kingdom",0.2,1,178.447916666667,"1","At-Risk / Dormant","No"
15693,1.31805555555556,14,7817.58,2192,208,3.52452054794521,310.500694444444,"United Kingdom",558.398571428571,156.571428571429,23.7832799145299,"2","Champions / High-Value","Yes"
15694,12.7416666666667,12,6363.42,1899,166,3.13704545454545,346.505555555556,"United Kingdom",530.285,158.25,30.3421717171717,"2","Champions / High-Value","Yes"
15695,7.11944444444444,16,6793.3,2416,248,3.08284090909091,333.161805555556,"United Kingdom",424.58125,151,21.7361574074074,"2","Champions / High-Value","Yes"
15696,22.5201388888889,4,1395.06,214,20,4.38142857142857,47.8298611111111,"United Kingdom",348.765,53.5,8.43657407407408,"3","Potential / Occasional","No"
15697,34.7763888888889,9,2888.82,923,103,3.13093457943925,254.254861111111,"United Kingdom",320.98,102.555555555556,27.4348090277778,"4","Loyal Customers","No"
15698,24.9034722222222,7,1289.01,371,55,3.74872727272727,325.572222222222,"United Kingdom",184.144285714286,53,50.1114583333333,"4","Loyal Customers","No"
15699,20.3118055555556,6,1247.73,406,52,2.81433962264151,192.50625,"Austria",207.955,67.6666666666667,34.4388888888889,"4","Loyal Customers","No"
15700,20.4451388888889,1,27.49,20,3,1.62,20.4451388888889,"Germany",27.49,20,20.4451388888889,"1","At-Risk / Dormant","No"
15701,18.8666666666667,12,4955.37,1663,167,3.40325714285714,282.368055555556,"United Kingdom",412.9475,138.583333333333,23.9546717171717,"2","Champions / High-Value","Yes"
15702,75.8868055555556,4,1753.52,290,29,4.52310344827586,342.616666666667,"Sweden",438.38,72.5,88.9099537037037,"4","Loyal Customers","No"
15703,86.5402777777778,4,743.09,243,27,3.88285714285714,255.321527777778,"United Kingdom",185.7725,60.75,56.2604166666667,"3","Potential / Occasional","No"
15704,14.4222222222222,8,4130.1,1522,143,2.96322368421053,270.258333333333,"United Kingdom",516.2625,190.25,36.5480158730159,"2","Champions / High-Value","Yes"
15705,10.0395833333333,4,581.24,233,22,2.825,333.9625,"United Kingdom",145.31,58.25,107.974305555556,"4","Loyal Customers","No"
15706,86.8305555555555,10,6503.2,1963,172,3.72634831460674,315.825694444444,"United Kingdom",650.32,196.3,25.4439043209877,"2","Champions / High-Value","Yes"
15707,42.0944444444444,20,15583.1,4556,445,3.49067193675889,348.002083333333,"United Kingdom",779.155,227.8,16.1004020467836,"2","Champions / High-Value","Yes"
15708,103.960416666667,1,86.48,59,6,1.48833333333333,103.960416666667,"United Kingdom",86.48,59,103.960416666667,"1","At-Risk / Dormant","No"
15709,95.0513888888889,3,950.86,296,18,3.99833333333333,114.154861111111,"United Kingdom",316.953333333333,98.6666666666667,9.55173611111111,"3","Potential / Occasional","No"
15710,26.2930555555556,1,117.8,60,4,3.915,26.2930555555556,"United Kingdom",117.8,60,26.2930555555556,"1","At-Risk / Dormant","No"
15711,30.5701388888889,8,1639.73,429,48,3.86098039215686,333.061111111111,"United Kingdom",204.96625,53.625,43.212996031746,"4","Loyal Customers","No"
15712,175.564583333333,2,380.68,234,16,3.12,191.141666666667,"United Kingdom",190.34,117,15.5770833333333,"3","Potential / Occasional","No"
15713,40.2840277777778,14,9799.23,3263,332,3.36309589041096,347.104861111111,"United Kingdom",699.945,233.071428571429,23.6016025641026,"2","Champions / High-Value","Yes"
15714,93.9111111111111,2,45.42,26,5,2.788,182.6125,"Spain",22.71,13,88.7013888888889,"1","At-Risk / Dormant","No"
15715,92.8625,1,60.16,21,4,3.015,92.8625,"United Kingdom",60.16,21,92.8625,"1","At-Risk / Dormant","No"
15716,6.11944444444444,4,433.88,181,25,2.962,129.825694444444,"Cyprus",108.47,45.25,41.2354166666667,"3","Potential / Occasional","No"
15717,139.447916666667,3,226.42,149,13,1.59538461538462,280.397222222222,"United Kingdom",75.4733333333333,49.6666666666667,70.4746527777778,"3","Potential / Occasional","No"
15718,67.6708333333333,1,46.84,33,4,1.875,67.6708333333333,"United Kingdom",46.84,33,67.6708333333333,"1","At-Risk / Dormant","No"
15719,105.303472222222,3,271.44,85,14,3.27428571428571,239.43125,"United Kingdom",90.48,28.3333333333333,67.0638888888889,"3","Potential / Occasional","No"
15720,189.389583333333,2,842.89,194,12,4.56833333333333,350.897916666667,"United Kingdom",421.445,97,161.508333333333,"3","Potential / Occasional","No"
15721,81.2361111111111,15,10149.78,2398,238,3.84531746031746,303.390277777778,"United Kingdom",676.652,159.866666666667,15.8681547619048,"2","Champions / High-Value","Yes"
15722,23.2368055555556,3,578.16,216,21,3.15,235.029166666667,"United Kingdom",192.72,72,105.896180555556,"4","Loyal Customers","No"
15723,97.6506944444444,3,325.85,38,7,6.02,259.647916666667,"United Kingdom",108.616666666667,12.6666666666667,80.9986111111111,"3","Potential / Occasional","No"
15724,166.102777777778,1,58.17,17,2,3.38,166.102777777778,"United Kingdom",58.17,17,166.102777777778,"1","At-Risk / Dormant","No"
15725,47.1340277777778,4,835.26,241,35,2.59371428571429,256.282638888889,"United Kingdom",208.815,60.25,69.7162037037037,"4","Loyal Customers","No"
15726,87.5520833333333,3,276.79,74,12,3.38166666666667,275.055555555556,"United Kingdom",92.2633333333333,24.6666666666667,93.7517361111111,"3","Potential / Occasional","No"
15727,13.5729166666667,5,353.87,121,14,3.59466666666667,185.029861111111,"United Kingdom",70.774,24.2,42.8642361111111,"3","Potential / Occasional","No"
15728,8.68888888888889,30,29915.2,8529,754,3.26418023887079,370.697222222222,"United Kingdom",997.173333333333,284.3,12.4830459770115,"2","Champions / High-Value","Yes"
15729,47.8166666666667,7,2604.93,684,67,3.74328358208955,236.730555555556,"United Kingdom",372.132857142857,97.7142857142857,31.4856481481481,"4","Loyal Customers","No"
15730,21.4034722222222,3,534.63,155,20,3.359,138.530555555556,"United Kingdom",178.21,51.6666666666667,58.5635416666667,"3","Potential / Occasional","No"
15731,16.2229166666667,7,2502.84,665,84,3.86476744186047,296.038194444444,"United Kingdom",357.548571428571,95,46.6358796296296,"4","Loyal Customers","No"
15732,14.2194444444444,6,632.47,305,37,2.80486486486486,316.022916666667,"United Kingdom",105.411666666667,50.8333333333333,60.3606944444444,"4","Loyal Customers","No"
15733,151.990972222222,2,310.56,87,12,3.58666666666667,164.854861111111,"United Kingdom",155.28,43.5,12.8638888888889,"3","Potential / Occasional","No"
15734,80.4770833333333,4,753.09,271,35,2.72083333333333,172.109027777778,"United Kingdom",188.2725,67.75,30.5439814814815,"3","Potential / Occasional","No"
15735,17.2159722222222,8,1232.42,422,52,2.60603773584906,327.092361111111,"Spain",154.0525,52.75,44.2680555555556,"4","Loyal Customers","No"
15736,12.8451388888889,2,486.37,130,13,3.43769230769231,150.464583333333,"United Kingdom",243.185,65,137.619444444444,"3","Potential / Occasional","No"
15737,1.97638888888889,31,35421.35,10669,909,3.2881910397295,316.959027777778,"United Kingdom",1142.62419354839,344.161290322581,10.4994212962963,"2","Champions / High-Value","Yes"
15738,7.20972222222222,9,2689.43,948,109,2.86783783783784,371.90625,"United Kingdom",298.825555555556,105.333333333333,45.5870659722222,"4","Loyal Customers","No"
15739,121.529861111111,1,509.62,107,3,4.25666666666667,121.529861111111,"United Kingdom",509.62,107,121.529861111111,"3","Potential / Occasional","No"
15740,121.20625,1,278.27,82,6,8.30666666666667,121.20625,"United Kingdom",278.27,82,121.20625,"3","Potential / Occasional","No"
15741,236.302777777778,1,8.92,4,1,2.23,236.302777777778,"United Kingdom",8.92,4,236.302777777778,"1","At-Risk / Dormant","No"
15742,20.6409722222222,22,12728.05,4191,391,3.33451025056948,341.927083333333,"United Kingdom",578.547727272727,190.5,15.2993386243386,"2","Champions / High-Value","Yes"
15743,41.9354166666667,5,1099.55,396,52,3.24230769230769,205.894444444444,"United Kingdom",219.91,79.2,40.9897569444444,"4","Loyal Customers","No"
15744,139.246527777778,1,387.59,68,6,3.55333333333333,139.246527777778,"United Kingdom",387.59,68,139.246527777778,"3","Potential / Occasional","No"
15745,24.4118055555556,2,107.66,30,6,4.27333333333333,39.6423611111111,"United Kingdom",53.83,15,15.2305555555556,"1","At-Risk / Dormant","No"
15746,8.17777777777778,21,12721.59,4376,410,3.14127155172414,345.885416666667,"United Kingdom",605.79,208.380952380952,16.8853819444444,"2","Champions / High-Value","Yes"
15747,15.9604166666667,3,914.81,253,31,3.5159375,264.082638888889,"France",304.936666666667,84.3333333333333,124.061111111111,"4","Loyal Customers","No"
15748,14.7416666666667,10,4260.9,1310,125,3.04984962406015,288.790972222222,"United Kingdom",426.09,131,30.4499228395062,"2","Champions / High-Value","Yes"
15749,39.3569444444444,14,7172.85,1712,194,3.47363184079602,361.011111111111,"United Kingdom",512.346428571429,122.285714285714,24.7426282051282,"2","Champions / High-Value","Yes"
15750,28.7888888888889,2,660.55,182,18,2.89944444444444,229.686111111111,"United Kingdom",330.275,91,200.897222222222,"3","Potential / Occasional","No"
15751,90.8368055555556,3,227.58,67,11,3.25181818181818,268.23125,"United Kingdom",75.86,22.3333333333333,88.6972222222222,"3","Potential / Occasional","No"
15752,213.795833333333,2,1035.05,175,17,4.09470588235294,233.775,"United Kingdom",517.525,87.5,19.9791666666667,"3","Potential / Occasional","No"
15753,110.334027777778,1,31.47,19,3,1.64333333333333,110.334027777778,"United Kingdom",31.47,19,110.334027777778,"1","At-Risk / Dormant","No"
15754,13.2625,9,2998.45,740,94,3.49239583333333,211.889583333333,"United Kingdom",333.161111111111,82.2222222222222,24.8283854166667,"4","Loyal Customers","No"
15755,11.225,12,6933.39,1996,182,3.47851851851852,253.35,"United Kingdom",577.7825,166.333333333333,22.0113636363636,"2","Champions / High-Value","Yes"
15756,243.167361111111,2,106.28,24,5,5.126,248.754861111111,"United Kingdom",53.14,12,5.58749999999998,"1","At-Risk / Dormant","No"
15757,112.180555555556,1,48.37,23,4,2.4775,112.180555555556,"United Kingdom",48.37,23,112.180555555556,"1","At-Risk / Dormant","No"
15758,51.9493055555556,6,788.51,235,27,3.68925925925926,341.392361111111,"United Kingdom",131.418333333333,39.1666666666667,57.8886111111111,"4","Loyal Customers","No"
15759,7.28263888888889,13,5741.99,1216,133,3.53231343283582,247.540972222222,"United Kingdom",441.691538461538,93.5384615384615,20.0215277777778,"2","Champions / High-Value","Yes"
15760,147.966666666667,1,180.22,66,6,4.11666666666667,147.966666666667,"Norway",180.22,66,147.966666666667,"3","Potential / Occasional","No"
15761,13.1972222222222,5,1342.78,335,42,3.68,156.703472222222,"United Kingdom",268.556,67,35.8765625,"4","Loyal Customers","No"
15762,46.7319444444444,13,6118.73,1850,176,3.36395721925134,297.181944444444,"United Kingdom",470.671538461538,142.307692307692,20.8708333333333,"2","Champions / High-Value","Yes"
15763,47.5090277777778,16,8174.83,2390,235,3.40569721115538,266.376388888889,"United Kingdom",510.926875,149.375,14.5911574074074,"2","Champions / High-Value","Yes"
15764,3.0625,5,1049.98,310,39,3.224,307.584027777778,"United Kingdom",209.996,62,76.1303819444445,"4","Loyal Customers","No"
15765,73.2763888888889,2,323.74,107,7,5.84,270.429861111111,"United Kingdom",161.87,53.5,197.153472222222,"3","Potential / Occasional","No"
15766,10.55,7,1969.76,602,82,3.13265060240964,350.538888888889,"United Kingdom",281.394285714286,86,56.6648148148148,"4","Loyal Customers","No"
15767,158.022222222222,4,270.12,96,17,2.94882352941176,305.326388888889,"United Kingdom",67.53,24,49.1013888888889,"3","Potential / Occasional","No"
15768,122.577083333333,3,395.28,111,20,3.4055,187.922916666667,"United Kingdom",131.76,37,32.6729166666667,"3","Potential / Occasional","No"
15769,13.1694444444444,19,10680.21,3179,329,3.25067204301075,297.707638888889,"United Kingdom",562.116315789474,167.315789473684,15.8076774691358,"2","Champions / High-Value","Yes"
15770,214.118055555556,3,1447.76,281,26,3.56576923076923,286.370833333333,"United Kingdom",482.586666666667,93.6666666666667,36.1263888888889,"3","Potential / Occasional","No"
15771,93.7951388888889,1,65.07,16,2,4.635,93.7951388888889,"United Kingdom",65.07,16,93.7951388888889,"1","At-Risk / Dormant","No"
15772,23.3298611111111,4,2349.61,359,32,4.5971875,94.3881944444445,"United Kingdom",587.4025,89.75,23.6861111111111,"4","Loyal Customers","No"
15773,122.359027777778,3,272.85,72,14,3.88571428571429,242.544444444444,"United Kingdom",90.95,24,60.0927083333333,"3","Potential / Occasional","No"
15774,30.7354166666667,5,1134.14,283,39,3.50170731707317,283.501388888889,"United Kingdom",226.828,56.6,63.1914930555556,"4","Loyal Customers","No"
15775,27.9069444444444,9,4053.01,947,81,3.71223529411765,271.495138888889,"United Kingdom",450.334444444444,105.222222222222,30.4485243055556,"4","Loyal Customers","No"
15776,54.1861111111111,8,976.51,500,57,2.24610169491525,319.907638888889,"United Kingdom",122.06375,62.5,37.9602182539683,"4","Loyal Customers","No"
15777,55.9770833333333,3,629.75,149,19,3.20578947368421,172.473611111111,"United Kingdom",209.916666666667,49.6666666666667,58.2482638888889,"3","Potential / Occasional","No"
15778,32.6680555555556,5,784.67,355,35,2.72457142857143,312.856944444444,"United Kingdom",156.934,71,70.0472222222222,"4","Loyal Customers","No"
15779,225.151388888889,4,207.04,111,13,2.11846153846154,276.253472222222,"United Kingdom",51.76,27.75,17.0340277777778,"3","Potential / Occasional","No"
15780,20.0527777777778,1,125.4,5,1,25.08,20.0527777777778,"United Kingdom",125.4,5,20.0527777777778,"1","At-Risk / Dormant","No"
15781,93.3777777777778,4,1396.75,522,41,3.69214285714286,297.947916666667,"United Kingdom",349.1875,130.5,68.1900462962963,"4","Loyal Customers","No"
15782,29.1895833333333,7,651.58,273,30,2.18066666666667,305.541666666667,"France",93.0828571428572,39,46.0586805555556,"4","Loyal Customers","No"
15783,92.1840277777778,4,1106.05,292,35,3.88714285714286,167.790277777778,"United Kingdom",276.5125,73,25.2020833333333,"4","Loyal Customers","No"
15784,81.20625,1,37.46,12,3,5.67666666666667,81.20625,"United Kingdom",37.46,12,81.20625,"1","At-Risk / Dormant","No"
15785,10.6840277777778,24,30566.91,8942,806,3.35638361638362,329.977777777778,"United Kingdom",1273.62125,372.583333333333,13.8823369565217,"2","Champions / High-Value","Yes"
15786,34.6993055555556,5,571.16,310,26,1.95307692307692,177.778472222222,"United Kingdom",114.232,62,35.7697916666667,"3","Potential / Occasional","No"
15787,7.78888888888889,4,386.96,120,11,4.08181818181818,154.604166666667,"United Kingdom",96.74,30,48.9384259259259,"3","Potential / Occasional","No"
15788,30.3798611111111,3,468.1,110,21,3.96190476190476,320.859722222222,"United Kingdom",156.033333333333,36.6666666666667,145.239930555556,"3","Potential / Occasional","No"
15789,8.875,12,4958.09,1539,157,2.96068322981366,346.325694444444,"United Kingdom",413.174166666667,128.25,30.6773358585859,"2","Champions / High-Value","Yes"
15790,224.954166666667,1,66.3,12,2,5.525,224.954166666667,"United Kingdom",66.3,12,224.954166666667,"1","At-Risk / Dormant","No"
15791,30.2548611111111,6,45228.06,75169,103,3.45095238095238,248.171527777778,"United Kingdom",7538.01,12528.1666666667,43.5833333333333,"2","Champions / High-Value","Yes"
15792,14.4159722222222,12,9969.13,3250,317,3.22919308357349,364.484027777778,"United Kingdom",830.760833333333,270.833333333333,31.8243686868687,"2","Champions / High-Value","Yes"
15793,330.144444444444,1,21.84,17,3,1.51,330.144444444444,"United Kingdom",21.84,17,330.144444444444,"1","At-Risk / Dormant","No"
15794,72.4569444444444,4,218.02,73,11,2.55916666666667,236.997916666667,"United Kingdom",54.505,18.25,54.8469907407407,"3","Potential / Occasional","No"
15795,67.7555555555556,5,2110.68,534,51,3.35076923076923,254.316666666667,"United Kingdom",422.136,106.8,46.6402777777778,"4","Loyal Customers","No"
15796,14.2298611111111,29,30483.33,9329,812,3.17575144508671,281.185416666667,"United Kingdom",1051.14931034483,321.689655172414,9.53412698412698,"2","Champions / High-Value","Yes"
15797,78.0888888888889,5,1759.38,553,47,3.21854166666667,276.904861111111,"United Kingdom",351.876,110.6,49.7039930555556,"4","Loyal Customers","No"
15798,213.822916666667,4,573.3,223,35,2.58914285714286,314.956944444444,"United Kingdom",143.325,55.75,33.7113425925926,"3","Potential / Occasional","No"
15799,252.316666666667,1,102.51,25,5,5.812,252.316666666667,"United Kingdom",102.51,25,252.316666666667,"3","Potential / Occasional","No"
15800,33.80625,7,2079.26,502,47,3.04148936170213,331.590277777778,"United Kingdom",297.037142857143,71.7142857142857,49.6306712962963,"4","Loyal Customers","No"
15801,75.3027777777778,1,128.62,63,4,2.43,75.3027777777778,"United Kingdom",128.62,63,75.3027777777778,"1","At-Risk / Dormant","No"
15802,36.9944444444444,9,979.7,327,39,2.5285,279.825694444444,"United Kingdom",108.855555555556,36.3333333333333,30.35390625,"4","Loyal Customers","No"
15803,205.923611111111,1,108.1,47,1,2.3,205.923611111111,"United Kingdom",108.1,47,205.923611111111,"3","Potential / Occasional","No"
15804,90.9034722222222,3,308.29,138,15,2.33866666666667,235.636111111111,"United Kingdom",102.763333333333,46,72.3663194444445,"3","Potential / Occasional","No"
15805,37.1041666666667,13,7418.61,2458,234,3.48440816326531,312.990277777778,"United Kingdom",570.662307692308,189.076923076923,22.9905092592593,"2","Champions / High-Value","Yes"
15806,7.55625,7,1150.19,316,23,3.21478260869565,336.05625,"United Kingdom",164.312857142857,45.1428571428571,54.75,"4","Loyal Customers","No"
15807,7.35138888888889,15,4620.47,1299,147,3.44474358974359,307.032638888889,"United Kingdom",308.031333333333,86.6,21.4058035714286,"2","Champions / High-Value","Yes"
15808,17.0013888888889,5,1201.25,305,27,3.81925925925926,173.304861111111,"United Kingdom",240.25,61,39.0758680555556,"4","Loyal Customers","No"
15809,70.8625,4,2057.7,669,54,2.66418181818182,208.929166666667,"United Kingdom",514.425,167.25,46.0222222222222,"4","Loyal Customers","No"
15810,19.4576388888889,7,2465.05,818,97,3.2628,244.61875,"United Kingdom",352.15,116.857142857143,37.5268518518519,"4","Loyal Customers","No"
15811,284.814583333333,1,88.38,43,5,2.286,284.814583333333,"United Kingdom",88.38,43,284.814583333333,"3","Potential / Occasional","No"
15812,13.9694444444444,2,274.3,76,9,2.61111111111111,187.266666666667,"United Kingdom",137.15,38,173.297222222222,"3","Potential / Occasional","No"
15813,20.7256944444444,3,705.7,246,24,2.80791666666667,329.398611111111,"Netherlands",235.233333333333,82,154.336458333333,"4","Loyal Customers","No"
15814,116.994444444444,5,982.71,247,41,3.87390243902439,318.877777777778,"United Kingdom",196.542,49.4,50.4708333333333,"4","Loyal Customers","No"
15815,49.3375,3,650.05,247,24,2.4688,189.7125,"United Kingdom",216.683333333333,82.3333333333333,70.1875,"3","Potential / Occasional","No"
15816,16.5118055555556,21,13840.49,4734,461,3.16509505703422,356.304861111111,"United Kingdom",659.070952380952,225.428571428571,16.9896527777778,"2","Champions / High-Value","Yes"
15817,30.8159722222222,7,944.51,274,41,3.31261904761905,337.213194444444,"United Kingdom",134.93,39.1428571428571,51.0662037037037,"4","Loyal Customers","No"
15818,83.4875,5,820.49,313,40,2.76048780487805,209.605555555556,"United Kingdom",164.098,62.6,31.5295138888889,"4","Loyal Customers","No"
15819,156.620833333333,2,411.67,142,11,3.07307692307692,223.661805555556,"United Kingdom",205.835,71,67.0409722222222,"3","Potential / Occasional","No"
15820,15.0020833333333,5,509.93,249,28,3.09607142857143,184.054166666667,"United Kingdom",101.986,49.8,42.2630208333333,"4","Loyal Customers","No"
15821,4.38958333333333,11,4094.36,838,98,3.88757575757576,282.040277777778,"United Kingdom",372.214545454545,76.1818181818182,27.7650694444444,"4","Loyal Customers","No"
15822,6.07569444444444,11,4201.59,1336,138,3.52884353741497,312.285416666667,"United Kingdom",381.962727272727,121.454545454545,30.6209722222222,"2","Champions / High-Value","Yes"
15823,35.6555555555556,7,1666.21,421,52,3.50653846153846,267.467361111111,"United Kingdom",238.03,60.1428571428571,38.6353009259259,"4","Loyal Customers","No"
15824,12.6298611111111,6,1867.1,512,43,2.93239130434783,305.095138888889,"United Kingdom",311.183333333333,85.3333333333333,58.4930555555556,"4","Loyal Customers","No"
15825,1.6625,5,1605.49,638,50,2.98058823529412,179.029166666667,"United Kingdom",321.098,127.6,44.3416666666667,"4","Loyal Customers","No"
15826,222.680555555556,1,49.06,22,2,2.23,222.680555555556,"United Kingdom",49.06,22,222.680555555556,"1","At-Risk / Dormant","No"
15827,62.1756944444444,1,20.97,12,2,2.915,62.1756944444444,"United Kingdom",20.97,12,62.1756944444444,"1","At-Risk / Dormant","No"
15828,28.0729166666667,3,467.24,145,15,3.886875,254.459722222222,"United Kingdom",155.746666666667,48.3333333333333,113.193402777778,"3","Potential / Occasional","No"
15829,8.85833333333333,14,9621.8,2939,291,3.3808064516129,325.9,"United Kingdom",687.271428571428,209.928571428571,24.3878205128205,"2","Champions / High-Value","Yes"
15830,18.8347222222222,1,53.64,34,6,1.81833333333333,18.8347222222222,"United Kingdom",53.64,34,18.8347222222222,"1","At-Risk / Dormant","No"
15831,157.570138888889,3,360.02,86,8,3.4125,223.461111111111,"United Kingdom",120.006666666667,28.6666666666667,32.9454861111111,"3","Potential / Occasional","No"
15832,17.4090277777778,6,2613.97,662,85,3.38057471264368,267.919444444444,"Spain",435.661666666667,110.333333333333,50.1020833333333,"4","Loyal Customers","No"
15833,8.74097222222222,5,1937.24,509,50,3.3056,343.370833333333,"Germany",387.448,101.8,83.6574652777778,"4","Loyal Customers","No"
15834,12.6659722222222,6,1991.7,557,76,3.95717948717949,283.218055555556,"United Kingdom",331.95,92.8333333333333,54.1104166666667,"4","Loyal Customers","No"
15835,2.63263888888889,6,1603.98,591,72,3.106,353.448611111111,"United Kingdom",267.33,98.5,70.1631944444444,"4","Loyal Customers","No"
15836,63.7243055555556,6,1333.33,422,50,3.1586,277.150694444444,"United Kingdom",222.221666666667,70.3333333333333,42.6852777777778,"4","Loyal Customers","No"
15837,183.888194444444,4,534.61,201,17,2.52235294117647,255.568055555556,"United Kingdom",133.6525,50.25,23.893287037037,"3","Potential / Occasional","No"
15838,9.56319444444444,10,2232.5,827,90,3.28847826086957,300.690277777778,"United Kingdom",223.25,82.7,32.3474537037037,"4","Loyal Customers","No"
15839,123.768055555556,5,534.43,157,20,3.6425,309.463194444444,"United Kingdom",106.886,31.4,46.4237847222222,"3","Potential / Occasional","No"
15840,19.4673611111111,9,3411.15,922,86,3.75505617977528,294.497222222222,"United Kingdom",379.016666666667,102.444444444444,34.3787326388889,"4","Loyal Customers","No"
15841,45.4284722222222,7,945.6,274,37,2.41783783783784,283.116666666667,"United Kingdom",135.085714285714,39.1428571428571,39.6146990740741,"4","Loyal Customers","No"
15842,24.1520833333333,5,337.2,102,15,2.88266666666667,367.86875,"United Kingdom",67.44,20.4,85.9291666666667,"3","Potential / Occasional","No"
15843,5.10694444444444,7,1453.61,497,54,3.43018518518519,193.715277777778,"United Kingdom",207.658571428571,71,31.4347222222222,"4","Loyal Customers","No"
15844,69.3458333333333,10,4623.69,1462,133,3.11123188405797,274.702083333333,"United Kingdom",462.369,146.2,22.8173611111111,"2","Champions / High-Value","Yes"
15845,98.8208333333333,2,115.96,56,10,2.023,107.971527777778,"United Kingdom",57.98,28,9.15069444444444,"1","At-Risk / Dormant","No"
15846,61.8430555555556,2,101.9,66,5,3.362,323.716666666667,"United Kingdom",50.95,33,261.873611111111,"3","Potential / Occasional","No"
15847,30.3895833333333,10,3236.38,978,96,3.71469387755102,304.373611111111,"United Kingdom",323.638,97.8,30.4426697530864,"4","Loyal Customers","No"
15848,180.14375,4,502.52,235,28,2.76821428571429,250.717361111111,"United Kingdom",125.63,58.75,23.524537037037,"3","Potential / Occasional","No"
15849,93.9597222222222,10,5475.1,1380,137,3.53915492957746,353.338194444444,"United Kingdom",547.51,138,28.8198302469136,"2","Champions / High-Value","Yes"
15850,19.4875,1,63.88,19,3,3.88,19.4875,"United Kingdom",63.88,19,19.4875,"1","At-Risk / Dormant","No"
15851,34.4319444444444,12,6424.56,1483,156,3.3445625,294.573611111111,"United Kingdom",535.38,123.583333333333,23.6492424242424,"2","Champions / High-Value","Yes"
15853,27.5541666666667,7,2610.39,928,100,2.8327619047619,272.54375,"United Kingdom",372.912857142857,132.571428571429,40.8315972222222,"4","Loyal Customers","No"
15854,11.8055555555556,4,395.72,152,22,2.67681818181818,228.18125,"United Kingdom",98.93,38,72.1252314814815,"3","Potential / Occasional","No"
15855,23.2590277777778,1,59.43,18,3,3.53666666666667,23.2590277777778,"United Kingdom",59.43,18,23.2590277777778,"1","At-Risk / Dormant","No"
15856,73.0520833333333,4,313.9,63,12,5.78916666666667,286.813194444444,"United Kingdom",78.475,15.75,71.2537037037037,"3","Potential / Occasional","No"
15857,22.4208333333333,3,180.97,72,10,2.324,305.842361111111,"United Kingdom",60.3233333333333,24,141.710763888889,"3","Potential / Occasional","No"
15858,25.4222222222222,1,105.36,59,3,1.82,25.4222222222222,"United Kingdom",105.36,59,25.4222222222222,"1","At-Risk / Dormant","No"
15859,22.0395833333333,12,5040.68,1540,148,3.19464516129032,315.621527777778,"United Kingdom",420.056666666667,128.333333333333,26.6892676767677,"2","Champions / High-Value","Yes"
15860,49.2236111111111,1,8.19,7,1,1.17,49.2236111111111,"United Kingdom",8.19,7,49.2236111111111,"1","At-Risk / Dormant","No"
15861,78.4534722222222,3,50.84,47,7,1.18428571428571,285.269444444444,"United Kingdom",16.9466666666667,15.6666666666667,103.407986111111,"1","At-Risk / Dormant","No"
15862,41.1340277777778,1,29.61,13,2,3.37,41.1340277777778,"United Kingdom",29.61,13,41.1340277777778,"1","At-Risk / Dormant","No"
15863,45.7354166666667,6,1882.99,349,38,3.57307692307692,174.004861111111,"United Kingdom",313.831666666667,58.1666666666667,25.6538888888889,"4","Loyal Customers","No"
15864,54.0847222222222,11,3028.28,1029,124,3.27115384615385,332.870833333333,"United Kingdom",275.298181818182,93.5454545454545,27.8786111111111,"4","Loyal Customers","No"
15865,8.13402777777778,3,237.38,102,18,2.13555555555556,231.068055555556,"United Kingdom",79.1266666666667,34,111.467013888889,"3","Potential / Occasional","No"
15866,123.123611111111,10,4587.23,1347,121,3.4621875,308.218055555556,"United Kingdom",458.723,134.7,20.566049382716,"4","Loyal Customers","No"
15867,67.4506944444445,4,458.13,133,15,2.196875,274.488194444444,"United Kingdom",114.5325,33.25,69.0125,"3","Potential / Occasional","No"
15868,82.1395833333333,4,422.46,140,20,3.108,262.625,"United Kingdom",105.615,35,60.1618055555556,"3","Potential / Occasional","No"
15869,33.8486111111111,6,2878.68,771,93,3.68694736842105,343.349305555556,"United Kingdom",479.78,128.5,61.9001388888889,"4","Loyal Customers","No"
15870,170.814583333333,2,74.65,35,6,1.99,226.284722222222,"United Kingdom",37.325,17.5,55.4701388888889,"1","At-Risk / Dormant","No"
15871,15.5361111111111,1,8.32,4,1,2.08,15.5361111111111,"Germany",8.32,4,15.5361111111111,"1","At-Risk / Dormant","No"
15872,49.0548611111111,4,1020.39,230,33,4.50878787878788,190.40625,"United Kingdom",255.0975,57.5,47.1171296296296,"4","Loyal Customers","No"
15873,25.8881944444444,3,63.59,32,6,2.11166666666667,196.522222222222,"United Kingdom",21.1966666666667,10.6666666666667,85.3170138888889,"1","At-Risk / Dormant","No"
15874,33.6375,11,6633.13,1922,193,3.48048076923077,308.168055555556,"United Kingdom",603.011818181818,174.727272727273,27.4530555555556,"2","Champions / High-Value","Yes"
15875,3.24861111111111,16,8342.7,2571,269,2.94154882154882,308.8125,"United Kingdom",521.41875,160.6875,20.3709259259259,"2","Champions / High-Value","Yes"
15876,75.9125,3,284.3,184,23,2.66565217391304,317.276388888889,"United Kingdom",94.7666666666667,61.3333333333333,120.681944444444,"3","Potential / Occasional","No"
15877,36.4618055555556,6,2296.73,776,61,2.85193548387097,346.074305555556,"United Kingdom",382.788333333333,129.333333333333,61.9225,"4","Loyal Customers","No"
15878,82.0173611111111,6,1535.92,395,38,3.76210526315789,268.020138888889,"United Kingdom",255.986666666667,65.8333333333333,37.2005555555556,"4","Loyal Customers","No"
15879,181.810416666667,1,408.54,116,10,2.801,181.810416666667,"United Kingdom",408.54,116,181.810416666667,"3","Potential / Occasional","No"
15880,80.6840277777778,6,961.03,305,35,3.10444444444444,328.150694444444,"United Kingdom",160.171666666667,50.8333333333333,49.4933333333333,"4","Loyal Customers","No"
15881,47.2298611111111,2,808.47,146,15,3.692,119.310416666667,"United Kingdom",404.235,73,72.0805555555555,"3","Potential / Occasional","No"
15882,73.9416666666667,9,2245.17,705,75,3.47871794871795,335.093055555556,"United Kingdom",249.463333333333,78.3333333333333,32.6439236111111,"4","Loyal Customers","No"
15883,29.5763888888889,2,63.42,12,3,4.86333333333333,307.138888888889,"United Kingdom",31.71,6,277.5625,"1","At-Risk / Dormant","No"
15884,98.3805555555556,4,697.9,228,22,3.22318181818182,336.658333333333,"Spain",174.475,57,79.4259259259259,"3","Potential / Occasional","No"
15885,148.60625,3,369.35,136,15,2.996,205.871527777778,"United Kingdom",123.116666666667,45.3333333333333,28.6326388888889,"3","Potential / Occasional","No"
15886,4.74791666666667,7,1470.91,544,49,3.21490196078431,326.998611111111,"United Kingdom",210.13,77.7142857142857,53.7084490740741,"4","Loyal Customers","No"
15887,22.1215277777778,10,3781.66,1309,113,3.20416,334.904861111111,"United Kingdom",378.166,130.9,34.7537037037037,"2","Champions / High-Value","Yes"
15888,77.4055555555556,3,419.63,105,14,3.482,159.611805555556,"United Kingdom",139.876666666667,35,41.103125,"3","Potential / Occasional","No"
15889,57.6736111111111,8,2065.39,543,58,3.28672413793103,341.876388888889,"United Kingdom",258.17375,67.875,40.6003968253968,"4","Loyal Customers","No"
15890,55.3777777777778,6,831.61,338,34,2.53361111111111,325.427777777778,"United Kingdom",138.601666666667,56.3333333333333,54.01,"4","Loyal Customers","No"
15891,26.0215277777778,18,12571.38,3219,308,3.60561561561562,335.655555555556,"United Kingdom",698.41,178.833333333333,18.2137663398693,"2","Champions / High-Value","Yes"
15892,238.888194444444,1,3.3,5,1,0.66,238.888194444444,"United Kingdom",3.3,5,238.888194444444,"1","At-Risk / Dormant","No"
15893,87.1236111111111,6,862.79,238,29,4.18448275862069,260.634027777778,"United Kingdom",143.798333333333,39.6666666666667,34.7020833333333,"3","Potential / Occasional","No"
15894,21.8555555555556,12,4037.27,1224,99,2.9789,289.8625,"United Kingdom",336.439166666667,102,24.3642676767677,"4","Loyal Customers","No"
15895,46.2618055555556,5,618.69,199,30,2.95032258064516,349.765277777778,"United Kingdom",123.738,39.8,75.8758680555556,"3","Potential / Occasional","No"
15896,2.37777777777778,8,1967.57,774,79,2.882375,269.4,"United Kingdom",245.94625,96.75,38.1460317460317,"4","Loyal Customers","No"
15897,71.425,3,893.7,188,28,5.00392857142857,317.284722222222,"United Kingdom",297.9,62.6666666666667,122.929861111111,"3","Potential / Occasional","No"
15898,104.177083333333,6,944.62,261,38,3.56368421052632,329.384722222222,"United Kingdom",157.436666666667,43.5,45.0415277777778,"4","Loyal Customers","No"
15899,6.40069444444444,5,718.66,266,33,3.51147058823529,236.940972222222,"United Kingdom",143.732,53.2,57.6350694444444,"4","Loyal Customers","No"
15900,111.174305555556,3,617.66,119,12,5.12916666666667,156.75625,"United Kingdom",205.886666666667,39.6666666666667,22.7909722222222,"3","Potential / Occasional","No"
15901,117.752083333333,2,101.01,83,5,2.608,231.175694444444,"United Kingdom",50.505,41.5,113.423611111111,"3","Potential / Occasional","No"
15902,145.511111111111,2,291.12,101,9,4.04444444444444,334.806944444444,"United Kingdom",145.56,50.5,189.295833333333,"3","Potential / Occasional","No"
15903,78.44375,4,289.75,88,14,3.29214285714286,296.100694444444,"United Kingdom",72.4375,22,72.5523148148148,"3","Potential / Occasional","No"
15904,75.9847222222222,4,1104.13,263,17,3.49411764705882,302.144444444444,"United Kingdom",276.0325,65.75,75.3865740740741,"4","Loyal Customers","No"
15905,2.74861111111111,9,3594.81,1140,119,3.11112903225806,287.9625,"United Kingdom",399.423333333333,126.666666666667,35.6517361111111,"2","Champions / High-Value","Yes"
15906,106.382638888889,1,827.88,143,9,5.17333333333333,106.382638888889,"Germany",827.88,143,106.382638888889,"3","Potential / Occasional","No"
15907,13.6125,1,46.78,23,3,2.27666666666667,13.6125,"United Kingdom",46.78,23,13.6125,"1","At-Risk / Dormant","No"
15908,36.8208333333333,16,6115.46,1825,222,3.37609243697479,346.4125,"United Kingdom",382.21625,114.0625,20.6394444444444,"2","Champions / High-Value","Yes"
15909,76.1180555555556,4,708.11,305,20,2.76380952380952,259.720138888889,"United Kingdom",177.0275,76.25,61.2006944444444,"3","Potential / Occasional","No"
15910,11.1826388888889,2,103.88,68,5,2.696,172.311111111111,"United Kingdom",51.94,34,161.128472222222,"1","At-Risk / Dormant","No"
15911,17.7659722222222,30,36681.54,10842,905,3.28317988064791,346.085416666667,"United Kingdom",1222.718,361.4,11.3213601532567,"2","Champions / High-Value","Yes"
15912,19.5833333333333,3,376.8,84,14,4.46785714285714,186.973611111111,"United Kingdom",125.6,28,83.6951388888889,"3","Potential / Occasional","No"
15913,5.50208333333333,1,21.3,6,1,3.55,5.50208333333333,"United Kingdom",21.3,6,5.50208333333333,"1","At-Risk / Dormant","No"
15914,160.375694444444,1,312.17,67,6,4.43833333333333,160.375694444444,"United Kingdom",312.17,67,160.375694444444,"3","Potential / Occasional","No"
15915,6.63263888888889,33,45708.33,13552,1054,3.34937588652482,364.573611111111,"United Kingdom",1385.10090909091,410.666666666667,11.1856553819444,"2","Champions / High-Value","Yes"
15916,40.6090277777778,3,399.09,145,9,2.06888888888889,217.009722222222,"United Kingdom",133.03,48.3333333333333,88.2003472222222,"3","Potential / Occasional","No"
15917,15.5291666666667,2,109.42,37,5,2.986,145.407638888889,"Germany",54.71,18.5,129.878472222222,"1","At-Risk / Dormant","No"
15918,4.97638888888889,14,3114.79,821,88,3.12197802197802,333.518055555556,"United Kingdom",222.485,58.6428571428571,25.2724358974359,"4","Loyal Customers","No"
15919,53.1256944444444,7,2064.62,415,48,4.09857142857143,313.76875,"United Kingdom",294.945714285714,59.2857142857143,43.4405092592593,"4","Loyal Customers","No"
15920,10.9409722222222,10,2515.65,591,71,4.90055555555556,246.108333333333,"United Kingdom",251.565,59.1,26.1297067901235,"4","Loyal Customers","No"
15921,4.46875,4,496.34,167,19,3.873,270.170833333333,"United Kingdom",124.085,41.75,88.5673611111111,"4","Loyal Customers","No"
15922,7.78958333333333,4,996.62,177,28,4.17892857142857,277.406944444444,"United Kingdom",249.155,44.25,89.8724537037037,"4","Loyal Customers","No"
15923,8.40972222222222,10,44950.32,13242,90,4.12510869565217,295.795833333333,"United Kingdom",4495.032,1324.2,31.9317901234568,"2","Champions / High-Value","Yes"
15924,77.4090277777778,6,1745.67,389,48,4.4328,266.739583333333,"United Kingdom",290.945,64.8333333333333,37.8661111111111,"4","Loyal Customers","No"
15925,8.11111111111111,8,3493.93,1023,110,3.436,308.340972222222,"United Kingdom",436.74125,127.875,42.8899801587302,"2","Champions / High-Value","Yes"
15926,194.295833333333,2,175.03,95,8,3.74,205.134027777778,"United Kingdom",87.515,47.5,10.8381944444445,"3","Potential / Occasional","No"
15927,60.9375,2,94.59,44,7,2.19285714285714,117.638888888889,"United Kingdom",47.295,22,56.7013888888889,"1","At-Risk / Dormant","No"
15928,67.9472222222222,5,728.81,222,23,3.43086956521739,284.286805555556,"United Kingdom",145.762,44.4,54.0848958333333,"3","Potential / Occasional","No"
15929,25.1576388888889,4,409.97,118,22,3.68954545454545,212.243055555556,"United Kingdom",102.4925,29.5,62.3618055555555,"3","Potential / Occasional","No"
15930,27.6333333333333,9,3187.93,963,88,3.19478260869565,316.606944444444,"United Kingdom",354.214444444444,107,36.1217013888889,"4","Loyal Customers","No"
15931,10.6076388888889,9,2270.52,773,69,2.95416666666667,313.491666666667,"United Kingdom",252.28,85.8888888888889,37.8605034722222,"4","Loyal Customers","No"
15932,8.93611111111111,4,631.06,140,10,2.84333333333333,161.182638888889,"Germany",157.765,35,50.7488425925926,"3","Potential / Occasional","No"
15933,8.10555555555556,5,1434.69,386,44,3.36244444444444,156.708333333333,"United Kingdom",286.938,77.2,37.1506944444444,"4","Loyal Customers","No"
15934,45.15,3,436.64,89,16,4.57125,359.302777777778,"United Kingdom",145.546666666667,29.6666666666667,157.076388888889,"3","Potential / Occasional","No"
15935,9.48055555555556,9,2293.22,685,76,3.662,245.890277777778,"United Kingdom",254.802222222222,76.1111111111111,29.5512152777778,"4","Loyal Customers","No"
15936,329.7125,1,69.07,29,5,2.222,329.7125,"United Kingdom",69.07,29,329.7125,"3","Potential / Occasional","No"
15937,38.6611111111111,5,756.14,265,28,2.92689655172414,142.366666666667,"France",151.228,53,25.9263888888889,"3","Potential / Occasional","No"
15938,36.8666666666667,1,411.97,71,4,6.34,36.8666666666667,"United Kingdom",411.97,71,36.8666666666667,"3","Potential / Occasional","No"
15939,19.2069444444444,5,1390.87,324,30,3.211,341.184027777778,"United Kingdom",278.174,64.8,80.4942708333333,"4","Loyal Customers","No"
15940,30.7055555555556,2,21.68,8,2,2.71,44.0486111111111,"Netherlands",10.84,4,13.3430555555556,"1","At-Risk / Dormant","No"
15941,27.5402777777778,5,911.7,422,41,2.91571428571429,272.480555555556,"United Kingdom",182.34,84.4,61.2350694444444,"4","Loyal Customers","No"
15942,82.9930555555556,3,1511.23,160,14,4.86285714285714,251.446527777778,"United Kingdom",503.743333333333,53.3333333333333,84.2267361111111,"3","Potential / Occasional","No"
15943,12.5631944444444,6,2237.23,622,82,3.91240963855422,154.907638888889,"United Kingdom",372.871666666667,103.666666666667,28.4688888888889,"4","Loyal Customers","No"
15944,2.14305555555556,8,2312.95,848,77,3.17025641025641,358.331944444444,"United Kingdom",289.11875,106,50.884126984127,"4","Loyal Customers","No"
15945,38.2013888888889,19,9308.33,3146,332,3.39929919137466,357.345833333333,"United Kingdom",489.912105263158,165.578947368421,17.7302469135802,"2","Champions / High-Value","Yes"
15946,103.309027777778,1,120.94,49,7,2.30285714285714,103.309027777778,"United Kingdom",120.94,49,103.309027777778,"3","Potential / Occasional","No"
15947,27.0673611111111,1,70.83,31,5,2.122,27.0673611111111,"United Kingdom",70.83,31,27.0673611111111,"1","At-Risk / Dormant","No"
15948,2.72152777777778,37,45339.29,14238,1101,3.23691109669046,305.477777777778,"United Kingdom",1225.38621621622,384.810810810811,8.40989583333333,"2","Champions / High-Value","Yes"
15949,99.9048611111111,1,101.65,37,6,2.54666666666667,99.9048611111111,"United Kingdom",101.65,37,99.9048611111111,"1","At-Risk / Dormant","No"
15950,7.96527777777778,6,2383.8,623,59,3.6764406779661,218.609027777778,"United Kingdom",397.3,103.833333333333,42.12875,"4","Loyal Customers","No"
15951,35.3215277777778,6,1187.02,185,24,4.05375,299.534027777778,"United Kingdom",197.836666666667,30.8333333333333,52.8425,"4","Loyal Customers","No"
15952,344.233333333333,1,496.48,51,4,4.4025,344.233333333333,"United Kingdom",496.48,51,344.233333333333,"3","Potential / Occasional","No"
15953,43.3805555555556,9,1140.68,421,32,2.385,321.038194444444,"United Kingdom",126.742222222222,46.7777777777778,34.7072048611111,"4","Loyal Customers","No"
15954,9.25416666666667,4,351.05,101,18,3.90388888888889,237.518055555556,"United Kingdom",87.7625,25.25,76.087962962963,"3","Potential / Occasional","No"
15955,38.7423611111111,3,382.18,61,10,5.737,117.477777777778,"France",127.393333333333,20.3333333333333,39.3677083333333,"3","Potential / Occasional","No"
15956,24.9527777777778,2,195.37,63,11,3.33,165.461805555556,"United Kingdom",97.685,31.5,140.509027777778,"3","Potential / Occasional","No"
15957,2.36805555555556,21,15208.55,4260,413,3.47890590809628,327.582638888889,"United Kingdom",724.216666666667,202.857142857143,16.2607291666667,"2","Champions / High-Value","Yes"
15958,6.15833333333333,8,1757.99,618,67,2.82676470588235,324.545138888889,"United Kingdom",219.74875,77.25,45.4838293650794,"4","Loyal Customers","No"
15959,137.1625,1,14.16,3,1,4.72,137.1625,"Germany",14.16,3,137.1625,"1","At-Risk / Dormant","No"
15960,179.304861111111,2,82.09,54,8,1.6675,203.776388888889,"United Kingdom",41.045,27,24.4715277777778,"1","At-Risk / Dormant","No"
15961,122.4,5,1360.23,409,39,2.20717948717949,320.580555555556,"United Kingdom",272.046,81.8,49.5451388888889,"4","Loyal Customers","No"
15962,13.9444444444444,3,617.63,169,20,4.405,209.852083333333,"United Kingdom",205.876666666667,56.3333333333333,97.9538194444444,"4","Loyal Customers","No"
15963,93.0145833333333,3,817.02,243,22,3.82636363636364,344.936805555556,"United Kingdom",272.34,81,125.961111111111,"3","Potential / Occasional","No"
15964,15.0868055555556,10,3820.82,1182,123,3.31904,251.609722222222,"United Kingdom",382.082,118.2,26.2803240740741,"2","Champions / High-Value","Yes"
15965,259.256944444444,3,297.2,125,18,3.34166666666667,353.550694444444,"United Kingdom",99.0666666666667,41.6666666666667,47.146875,"3","Potential / Occasional","No"
15966,18.2305555555556,12,7138.27,2141,212,3.31947136563877,326.05,"United Kingdom",594.855833333333,178.416666666667,27.9835858585859,"2","Champions / High-Value","Yes"
15967,42.8159722222222,4,599.16,123,14,4.218,189.927777777778,"United Kingdom",149.79,30.75,49.0372685185185,"3","Potential / Occasional","No"
15968,65.5458333333333,7,2477.37,636,69,3.569,283.022222222222,"United Kingdom",353.91,90.8571428571429,36.2460648148148,"4","Loyal Customers","No"
15969,28.2527777777778,13,6273.94,1849,190,3.11704081632653,270.915277777778,"United Kingdom",482.610769230769,142.230769230769,20.221875,"2","Champions / High-Value","Yes"
15970,36.3131944444444,6,1481.51,536,55,3.35327272727273,292.928472222222,"United Kingdom",246.918333333333,89.3333333333333,51.3230555555556,"4","Loyal Customers","No"
15971,52.5201388888889,6,412.02,106,17,3.39411764705882,359.775,"United Kingdom",68.67,17.6666666666667,61.4509722222222,"3","Potential / Occasional","No"
15972,59.3555555555556,1,157.88,56,7,3.11571428571429,59.3555555555556,"Switzerland",157.88,56,59.3555555555556,"1","At-Risk / Dormant","No"
15973,110.675694444444,7,775.52,326,29,2.32137931034483,310.934722222222,"United Kingdom",110.788571428571,46.5714285714286,33.3765046296296,"3","Potential / Occasional","No"
15974,24.9090277777778,7,1522.86,449,39,4.07794871794872,314.653472222222,"United Kingdom",217.551428571429,64.1428571428571,48.2907407407407,"4","Loyal Customers","No"
15975,151.94375,3,250.1,107,12,3.03916666666667,298.974305555556,"United Kingdom",83.3666666666667,35.6666666666667,73.5152777777778,"3","Potential / Occasional","No"
15976,14.9680555555556,6,1069.24,462,47,3.68040816326531,279.786805555556,"United Kingdom",178.206666666667,77,52.96375,"4","Loyal Customers","No"
15977,85.2604166666667,5,794.33,317,22,2.93652173913043,205.873611111111,"United Kingdom",158.866,63.4,30.1532986111111,"3","Potential / Occasional","No"
15978,3.39166666666667,16,10613.23,2944,305,3.41008982035928,346.882638888889,"United Kingdom",663.326875,184,22.8993981481481,"2","Champions / High-Value","Yes"
15979,146.550694444444,5,697.65,254,24,2.65375,231.774305555556,"United Kingdom",139.53,50.8,21.3059027777778,"3","Potential / Occasional","No"
15980,112.826388888889,1,3.94,2,1,1.97,112.826388888889,"United Kingdom",3.94,2,112.826388888889,"1","At-Risk / Dormant","No"
15981,72.0006944444444,2,62.51,33,6,1.81666666666667,191.173611111111,"United Kingdom",31.255,16.5,119.172916666667,"1","At-Risk / Dormant","No"
15982,269.684722222222,1,21.8,11,3,2,269.684722222222,"United Kingdom",21.8,11,269.684722222222,"1","At-Risk / Dormant","No"
15983,7.20555555555556,8,2008.75,806,69,3.21385714285714,230.342361111111,"United Kingdom",251.09375,100.75,31.8766865079365,"4","Loyal Customers","No"
15984,122.277777777778,4,679.33,248,22,3.88772727272727,315.257638888889,"United Kingdom",169.8325,62,64.3266203703704,"3","Potential / Occasional","No"
15985,26.2243055555556,9,2802.29,893,121,3.2080487804878,339.64375,"United Kingdom",311.365555555556,99.2222222222222,39.1774305555556,"4","Loyal Customers","No"
15986,10.0666666666667,1,10.78,15,3,0.8,10.0666666666667,"United Kingdom",10.78,15,10.0666666666667,"1","At-Risk / Dormant","No"
15987,298.783333333333,1,433.47,109,17,3.88294117647059,298.783333333333,"United Kingdom",433.47,109,298.783333333333,"3","Potential / Occasional","No"
15988,32.9298611111111,9,1400.29,591,53,2.86396226415094,310.771527777778,"United Kingdom",155.587777777778,65.6666666666667,34.7302083333333,"4","Loyal Customers","No"
15989,162.267361111111,1,234.29,92,8,3.18875,162.267361111111,"United Kingdom",234.29,92,162.267361111111,"3","Potential / Occasional","No"
15990,4.04791666666667,9,1431.7,781,72,2.45108108108108,236.8375,"United Kingdom",159.077777777778,86.7777777777778,29.0986979166667,"4","Loyal Customers","No"
15991,102.597222222222,2,282.58,87,7,4.82857142857143,111.088888888889,"United Kingdom",141.29,43.5,8.49166666666666,"3","Potential / Occasional","No"
15992,36.3166666666667,6,482.4,227,32,2.34939393939394,153.279861111111,"United Kingdom",80.4,37.8333333333333,23.3926388888889,"3","Potential / Occasional","No"
15993,46.8972222222222,8,2640.5,674,74,4.06243243243243,367.284722222222,"United Kingdom",330.0625,84.25,45.7696428571429,"4","Loyal Customers","No"
15994,13.7493055555556,7,1523.07,469,46,3.72340425531915,292.368055555556,"United Kingdom",217.581428571429,67,46.4364583333333,"4","Loyal Customers","No"
15995,19.2048611111111,2,92.96,45,5,2.024,33.7444444444444,"United Kingdom",46.48,22.5,14.5395833333333,"1","At-Risk / Dormant","No"
15996,22.5340277777778,3,627.66,41,8,11.56375,144.765972222222,"United Kingdom",209.22,13.6666666666667,61.1159722222222,"3","Potential / Occasional","No"
15997,7.71388888888889,6,1470.65,552,67,2.98420289855072,283.403472222222,"United Kingdom",245.108333333333,92,55.1379166666667,"4","Loyal Customers","No"
15998,176.961111111111,1,7.35,7,1,1.05,176.961111111111,"United Kingdom",7.35,7,176.961111111111,"1","At-Risk / Dormant","No"
15999,133.398611111111,3,427.31,149,16,3.9375,197.990972222222,"United Kingdom",142.436666666667,49.6666666666667,32.2961805555556,"3","Potential / Occasional","No"
16000,168.803472222222,4,664.3,196,27,2.57740740740741,256.364583333333,"United Kingdom",166.075,49,29.187037037037,"3","Potential / Occasional","No"
16001,103.963888888889,5,735.37,243,19,3.65473684210526,352.218055555556,"United Kingdom",147.074,48.6,62.0635416666667,"3","Potential / Occasional","No"
16002,43.8402777777778,2,265.62,92,8,3.72,269.35,"United Kingdom",132.81,46,225.509722222222,"3","Potential / Occasional","No"
16003,26.2041666666667,10,5637.39,1204,115,3.51608333333333,356.10625,"United Kingdom",563.739,120.4,36.655787037037,"2","Champions / High-Value","Yes"
16004,38.0375,7,897.45,236,35,3.65857142857143,317.418055555556,"United Kingdom",128.207142857143,33.7142857142857,46.5634259259259,"4","Loyal Customers","No"
16005,36.0083333333333,3,781.57,229,18,3.26722222222222,256.024305555556,"United Kingdom",260.523333333333,76.3333333333333,110.007986111111,"4","Loyal Customers","No"
16006,18.5388888888889,6,469.13,217,26,2.22703703703704,346.036805555556,"United Kingdom",78.1883333333333,36.1666666666667,65.4995833333333,"4","Loyal Customers","No"
16007,85.5993055555556,2,1174.12,250,17,5.32647058823529,302.434722222222,"United Kingdom",587.06,125,216.835416666667,"4","Loyal Customers","No"
16008,14.2527777777778,21,13375.08,4675,461,3.08727443609023,281.815972222222,"United Kingdom",636.908571428571,222.619047619048,13.3781597222222,"2","Champions / High-Value","Yes"
16009,44.4826388888889,3,697.1,272,24,3.27875,315.1125,"United Kingdom",232.366666666667,90.6666666666667,135.314930555556,"4","Loyal Customers","No"
16010,73.5131944444445,12,5281.37,1330,142,3.85666666666667,332.267361111111,"United Kingdom",440.114166666667,110.833333333333,23.5231060606061,"2","Champions / High-Value","Yes"
16011,11.4756944444444,4,1251.06,298,34,3.735,261.377083333333,"United Kingdom",312.765,74.5,83.300462962963,"4","Loyal Customers","No"
16012,38.3090277777778,4,603.02,183,17,3.14352941176471,251.696527777778,"United Kingdom",150.755,45.75,71.1291666666667,"3","Potential / Occasional","No"
16013,105.672916666667,3,723.99,272,37,2.74432432432432,259.047222222222,"United Kingdom",241.33,90.6666666666667,76.6871527777778,"3","Potential / Occasional","No"
16014,88.7423611111111,1,132.48,58,5,2.7,88.7423611111111,"United Kingdom",132.48,58,88.7423611111111,"3","Potential / Occasional","No"
16015,78.5583333333333,12,5209.12,1589,186,3.37731343283582,303.305555555556,"United Kingdom",434.093333333333,132.416666666667,20.4315656565657,"2","Champions / High-Value","Yes"
16016,24.2180555555556,4,327.09,157,25,2.0044,41.6409722222222,"United Kingdom",81.7725,39.25,5.80763888888889,"3","Potential / Occasional","No"
16017,17.6319444444444,2,123.81,46,7,2.24,37.2506944444444,"United Kingdom",61.905,23,19.61875,"1","At-Risk / Dormant","No"
16018,4.15416666666667,7,2285.87,1060,86,3.02355555555556,320.949305555556,"United Kingdom",326.552857142857,151.428571428571,52.7991898148148,"4","Loyal Customers","No"
16019,26.3020833333333,2,661.32,235,23,3.5204347826087,131.159722222222,"United Kingdom",330.66,117.5,104.857638888889,"3","Potential / Occasional","No"
16020,174.515972222222,2,369.77,67,10,4.681,281.592361111111,"United Kingdom",184.885,33.5,107.076388888889,"3","Potential / Occasional","No"
16021,1.49444444444444,7,1508.52,497,52,3.29346153846154,300.7875,"United Kingdom",215.502857142857,71,49.8821759259259,"4","Loyal Customers","No"
16022,1.61736111111111,13,5917.57,2198,213,3.18813043478261,321.835416666667,"United Kingdom",455.197692307692,169.076923076923,26.684837962963,"2","Champions / High-Value","Yes"
16023,105.716666666667,4,479.9,186,18,3.14222222222222,232.543055555556,"United Kingdom",119.975,46.5,42.275462962963,"3","Potential / Occasional","No"
16024,58.6513888888889,1,17.11,9,2,1.135,58.6513888888889,"United Kingdom",17.11,9,58.6513888888889,"1","At-Risk / Dormant","No"
16025,58.81875,3,171.26,57,8,3.02875,238.913888888889,"United Kingdom",57.0866666666667,19,90.0475694444444,"3","Potential / Occasional","No"
16026,4.87777777777778,1,116.87,60,3,1.30333333333333,4.87777777777778,"United Kingdom",116.87,60,4.87777777777778,"1","At-Risk / Dormant","No"
16027,25.4784722222222,8,1390.34,626,71,2.89027777777778,277.238194444444,"United Kingdom",173.7925,78.25,35.9656746031746,"4","Loyal Customers","No"
16028,185.90625,3,470.02,287,27,2.54962962962963,353.560416666667,"United Kingdom",156.673333333333,95.6666666666667,83.8270833333333,"3","Potential / Occasional","No"
16029,63.9375,7,646.16,191,28,4.14607142857143,323.6875,"United Kingdom",92.3085714285714,27.2857142857143,43.2916666666667,"3","Potential / Occasional","No"
16030,50.5861111111111,4,316.57,94,17,3.05764705882353,193.130555555556,"Germany",79.1425,23.5,47.5148148148148,"3","Potential / Occasional","No"
16031,122.516666666667,1,107.62,39,6,2.965,122.516666666667,"United Kingdom",107.62,39,122.516666666667,"1","At-Risk / Dormant","No"
16032,26.5486111111111,4,634.65,200,19,2.99947368421053,88.9729166666667,"United Kingdom",158.6625,50,20.8081018518518,"3","Potential / Occasional","No"
16033,46.6979166666667,6,700.48,291,37,2.69351351351351,324.732638888889,"United Kingdom",116.746666666667,48.5,55.6069444444444,"4","Loyal Customers","No"
16034,4.50694444444444,11,7195.65,1937,186,3.19635897435897,307.929166666667,"United Kingdom",654.15,176.090909090909,30.3422222222222,"2","Champions / High-Value","Yes"
16035,41.4631944444444,14,4927.57,1874,211,3.24771929824561,314.834027777778,"United Kingdom",351.969285714286,133.857142857143,21.0285256410256,"2","Champions / High-Value","Yes"
16036,20.6354166666667,1,256.62,149,12,2.46166666666667,20.6354166666667,"United Kingdom",256.62,149,20.6354166666667,"3","Potential / Occasional","No"
16037,113.28125,3,312.53,62,10,4.487,317.116666666667,"United Kingdom",104.176666666667,20.6666666666667,101.917708333333,"3","Potential / Occasional","No"
16038,8.44791666666667,10,2450.05,885,85,3.48366666666667,354.152083333333,"United Kingdom",245.005,88.5,38.4115740740741,"4","Loyal Customers","No"
16039,10.6347222222222,5,1049.5,316,34,2.85171428571429,234.165277777778,"Israel",209.9,63.2,55.8826388888889,"4","Loyal Customers","No"
16040,269.175694444444,2,389.79,83,7,5.32875,288.007638888889,"United Kingdom",194.895,41.5,18.8319444444444,"3","Potential / Occasional","No"
16041,11.5833333333333,5,432.6,201,22,2.05909090909091,159.407638888889,"United Kingdom",86.52,40.2,36.9560763888889,"3","Potential / Occasional","No"
16042,114.070833333333,1,48.27,9,2,4.97,114.070833333333,"Netherlands",48.27,9,114.070833333333,"1","At-Risk / Dormant","No"
16043,122.259027777778,1,63.89,23,3,2.61,122.259027777778,"United Kingdom",63.89,23,122.259027777778,"1","At-Risk / Dormant","No"
16044,17.8159722222222,25,20016.34,6241,606,3.38271587743733,339.572916666667,"United Kingdom",800.6536,249.64,13.4065393518519,"2","Champions / High-Value","Yes"
16045,43.0319444444444,3,734.02,290,22,3.54318181818182,121.533333333333,"United Kingdom",244.673333333333,96.6666666666667,39.2506944444444,"3","Potential / Occasional","No"
16046,11.3208333333333,9,1001.07,380,44,2.85113636363636,197.977083333333,"United Kingdom",111.23,42.2222222222222,23.33203125,"4","Loyal Customers","No"
16047,178.870138888889,1,3.08,7,2,0.44,178.870138888889,"United Kingdom",3.08,7,178.870138888889,"1","At-Risk / Dormant","No"
16048,143.602083333333,2,161.03,42,5,3.666,217.945833333333,"United Kingdom",80.515,21,74.34375,"3","Potential / Occasional","No"
16049,2.67847222222222,2,128.22,53,9,2.42222222222222,53.3902777777778,"United Kingdom",64.11,26.5,50.7118055555556,"1","At-Risk / Dormant","No"
16050,110.694444444444,5,1186.9,444,47,2.57081632653061,244.264583333333,"France",237.38,88.8,33.3925347222222,"4","Loyal Customers","No"
16051,145.032638888889,3,662.74,120,12,3.72916666666667,352.247222222222,"United Kingdom",220.913333333333,40,103.607291666667,"3","Potential / Occasional","No"
16052,9.79652777777778,4,176.75,75,13,2.71384615384615,198.75,"United Kingdom",44.1875,18.75,62.9844907407407,"3","Potential / Occasional","No"
16053,97.0847222222222,5,428.57,107,12,3.12166666666667,251.69375,"United Kingdom",85.714,21.4,38.6522569444444,"3","Potential / Occasional","No"
16054,90.4173611111111,3,205.56,81,15,2.91933333333333,293.427777777778,"United Kingdom",68.52,27,101.505208333333,"3","Potential / Occasional","No"
16055,50.9375,2,715.47,219,13,3.97923076923077,114.949305555556,"United Kingdom",357.735,109.5,64.0118055555556,"3","Potential / Occasional","No"
16056,129.275694444444,5,889.83,241,24,4.41,310.395138888889,"United Kingdom",177.966,48.2,45.2798611111111,"3","Potential / Occasional","No"
16057,19.4263888888889,8,1820.45,637,78,3.266375,306.808333333333,"United Kingdom",227.55625,79.625,41.0545634920635,"4","Loyal Customers","No"
16058,36.6111111111111,6,1167.87,415,41,3.29829268292683,251.583333333333,"United Kingdom",194.645,69.1666666666667,42.9944444444444,"4","Loyal Customers","No"
16059,114.906944444444,1,35,49,3,0.92,114.906944444444,"United Kingdom",35,49,114.906944444444,"1","At-Risk / Dormant","No"
16060,60.4298611111111,7,3076.68,837,84,4.23537634408602,276.784027777778,"United Kingdom",439.525714285714,119.571428571429,36.0590277777778,"4","Loyal Customers","No"
16061,4.33125,7,1913.41,479,49,3.11530612244898,221.540277777778,"United Kingdom",273.344285714286,68.4285714285714,36.2015046296296,"4","Loyal Customers","No"
16062,86.8076388888889,4,529.3,178,16,2.2,290.942361111111,"United Kingdom",132.325,44.5,68.0449074074074,"3","Potential / Occasional","No"
16063,210.075,2,459.03,175,12,2.2225,244.522222222222,"United Kingdom",229.515,87.5,34.4472222222222,"3","Potential / Occasional","No"
16064,151.890277777778,2,608.89,156,13,3.28384615384615,192.344444444444,"United Kingdom",304.445,78,40.4541666666667,"3","Potential / Occasional","No"
16065,15.33125,8,5502.06,1542,164,3.9193567251462,355.922916666667,"United Kingdom",687.7575,192.75,48.6559523809524,"2","Champions / High-Value","Yes"
16066,14.5993055555556,9,2384.86,770,89,3.16307692307692,331.985416666667,"United Kingdom",264.984444444444,85.5555555555556,39.6732638888889,"4","Loyal Customers","No"
16067,82.4347222222222,5,1251.74,517,47,2.98041666666667,322.588194444444,"United Kingdom",250.348,103.4,60.0383680555556,"4","Loyal Customers","No"
16068,87.2340277777778,2,1156.32,171,13,4.97769230769231,199.561805555556,"United Kingdom",578.16,85.5,112.327777777778,"3","Potential / Occasional","No"
16069,192.949305555556,1,186.73,72,4,2.51,192.949305555556,"United Kingdom",186.73,72,192.949305555556,"3","Potential / Occasional","No"
16070,71.8291666666667,5,1047.46,247,35,3.54555555555556,229.53125,"United Kingdom",209.492,49.4,39.4255208333333,"4","Loyal Customers","No"
16071,67.7131944444444,10,8323.12,2325,223,3.54870292887029,360.497916666667,"United Kingdom",832.312,232.5,32.5316358024691,"2","Champions / High-Value","Yes"
16072,61.83125,7,1116.96,360,33,4.09121212121212,218.20625,"United Kingdom",159.565714285714,51.4285714285714,26.0625,"4","Loyal Customers","No"
16073,67.9479166666667,2,21.68,17,4,1.3275,196.948611111111,"United Kingdom",10.84,8.5,129.000694444444,"1","At-Risk / Dormant","No"
16074,23.5541666666667,8,4994.84,1145,118,3.26680327868852,291.326388888889,"United Kingdom",624.355,143.125,38.2531746031746,"2","Champions / High-Value","Yes"
16075,40.8534722222222,3,154.27,109,10,1.971,203.236805555556,"United Kingdom",51.4233333333333,36.3333333333333,81.1916666666667,"3","Potential / Occasional","No"
16076,59.5777777777778,4,381.56,199,20,2.6055,299.629166666667,"United Kingdom",95.39,49.75,80.0171296296296,"3","Potential / Occasional","No"
16077,33.61875,3,158.17,45,8,3.77875,180.501388888889,"United Kingdom",52.7233333333333,15,73.4413194444444,"1","At-Risk / Dormant","No"
16078,1.15555555555556,26,34722.49,9687,807,3.61743153918791,336.679166666667,"United Kingdom",1335.48038461538,372.576923076923,13.4209444444444,"2","Champions / High-Value","Yes"
16079,2.77430555555556,10,3883.7,1222,141,2.97872483221477,292.051388888889,"United Kingdom",388.37,122.2,32.1418981481482,"2","Champions / High-Value","Yes"
16080,113.444444444444,3,256.77,82,9,3.60222222222222,225.759027777778,"United Kingdom",85.59,27.3333333333333,56.1572916666667,"3","Potential / Occasional","No"
16081,25.9534722222222,6,581.4,145,19,2.98421052631579,209.571527777778,"United Kingdom",96.9,24.1666666666667,36.7236111111111,"3","Potential / Occasional","No"
16082,44.6645833333333,10,5126.33,1131,120,3.3628,355.771527777778,"United Kingdom",512.633,113.1,34.5674382716049,"2","Champions / High-Value","Yes"
16083,175.851388888889,1,49.54,30,4,1.85,175.851388888889,"United Kingdom",49.54,30,175.851388888889,"1","At-Risk / Dormant","No"
16084,40.3840277777778,4,635.89,330,21,2.82409090909091,325.527777777778,"United Kingdom",158.9725,82.5,95.0479166666667,"4","Loyal Customers","No"
16085,45.6430555555556,4,606.31,201,26,2.63384615384615,272.955555555556,"United Kingdom",151.5775,50.25,75.7708333333333,"3","Potential / Occasional","No"
16086,4.56041666666667,12,2930.13,960,109,3.5371186440678,343.210416666667,"United Kingdom",244.1775,80,30.7863636363636,"4","Loyal Customers","No"
16087,6.94583333333333,19,14167.21,4525,440,3.49665330661323,276.574305555556,"United Kingdom",745.642631578947,238.157894736842,14.9793595679012,"2","Champions / High-Value","Yes"
16088,227.735416666667,1,29.36,16,2,1.835,227.735416666667,"United Kingdom",29.36,16,227.735416666667,"1","At-Risk / Dormant","No"
16089,15.9868055555556,4,1635.18,276,27,6.66518518518519,278.407638888889,"United Kingdom",408.795,69,87.4736111111111,"4","Loyal Customers","No"
16090,51.7777777777778,2,201.41,63,10,2.505,361.352777777778,"United Kingdom",100.705,31.5,309.575,"3","Potential / Occasional","No"
16091,16.4534722222222,7,951.16,262,35,3.64444444444444,295.04375,"United Kingdom",135.88,37.4285714285714,46.431712962963,"4","Loyal Customers","No"
16092,8.24375,9,1458.1,498,46,3.15586956521739,357.945833333333,"United Kingdom",162.011111111111,55.3333333333333,43.7127604166667,"4","Loyal Customers","No"
16093,174.432638888889,2,493.44,178,14,4.79928571428571,268.252083333333,"Netherlands",246.72,89,93.8194444444445,"3","Potential / Occasional","No"
16094,59.3243055555556,1,163.85,53,7,2.84,59.3243055555556,"United Kingdom",163.85,53,59.3243055555556,"1","At-Risk / Dormant","No"
16095,46.1013888888889,3,378.79,90,14,3.70357142857143,253.380555555556,"United Kingdom",126.263333333333,30,103.639583333333,"3","Potential / Occasional","No"
16096,44.5756944444444,6,483.25,200,21,2.67857142857143,219.492361111111,"United Kingdom",80.5416666666667,33.3333333333333,34.9833333333333,"3","Potential / Occasional","No"
16097,21.9965277777778,5,477.23,178,28,2.805,314.270138888889,"Netherlands",95.446,35.6,73.0684027777778,"3","Potential / Occasional","No"
16098,58.3604166666667,1,25.14,16,3,1.72333333333333,58.3604166666667,"United Kingdom",25.14,16,58.3604166666667,"1","At-Risk / Dormant","No"
16099,21.0125,12,3782.82,1321,156,2.663125,350.320833333333,"United Kingdom",315.235,110.083333333333,29.9371212121212,"2","Champions / High-Value","Yes"
16100,78.4506944444445,3,1929.67,212,18,6.42388888888889,299.99375,"United Kingdom",643.223333333333,70.6666666666667,110.771527777778,"4","Loyal Customers","No"
16101,57.6305555555556,2,918.27,155,13,3.29615384615385,162.005555555556,"United Kingdom",459.135,77.5,104.375,"3","Potential / Occasional","No"
16102,20.2555555555556,17,10199.1,3186,322,3.34084745762712,283.578472222222,"Channel Islands",599.947058823529,187.411764705882,16.4576822916667,"2","Champions / High-Value","Yes"
16103,287.040277777778,1,362.81,103,9,5.11555555555556,287.040277777778,"United Kingdom",362.81,103,287.040277777778,"3","Potential / Occasional","No"
16104,9.22916666666667,5,1347.82,424,42,3.38627906976744,189.348611111111,"United Kingdom",269.564,84.8,45.0298611111111,"4","Loyal Customers","No"
16105,10.3541666666667,15,9734.06,3307,323,3.07353107344633,347.901388888889,"United Kingdom",648.937333333333,220.466666666667,24.1105158730159,"2","Champions / High-Value","Yes"
16106,11.6944444444444,7,1775.34,632,75,3.10434210526316,217.4125,"United Kingdom",253.62,90.2857142857143,34.2863425925926,"4","Loyal Customers","No"
16107,225.259027777778,3,170.58,65,11,2.29181818181818,241.021527777778,"United Kingdom",56.86,21.6666666666667,7.88124999999999,"3","Potential / Occasional","No"
16108,12.4930555555556,17,8598,3094,302,3.30398176291793,329.866666666667,"United Kingdom",505.764705882353,182,19.8358506944444,"2","Champions / High-Value","Yes"
16109,34.0618055555556,4,1064.75,298,29,3.97448275862069,307.504166666667,"United Kingdom",266.1875,74.5,91.1474537037037,"4","Loyal Customers","No"
16110,226.770833333333,2,538.55,200,20,3.3895,246.989583333333,"United Kingdom",269.275,100,20.21875,"3","Potential / Occasional","No"
16111,22.3805555555556,7,2665.13,732,71,3.12652777777778,289.177777777778,"United Kingdom",380.732857142857,104.571428571429,44.4662037037037,"4","Loyal Customers","No"
16112,4.03541666666667,11,4657.87,1298,136,4.1035,283.579861111111,"United Kingdom",423.442727272727,118,27.9544444444444,"2","Champions / High-Value","Yes"
16113,10.6902777777778,12,4500.47,1470,171,3.24140449438202,351.28125,"United Kingdom",375.039166666667,122.5,30.9628156565657,"2","Champions / High-Value","Yes"
16114,8.01666666666667,20,13487.44,3851,386,3.25905963302752,265.057638888889,"United Kingdom",674.372,192.55,13.5284722222222,"2","Champions / High-Value","Yes"
16115,80.5666666666667,2,124.21,45,6,3.14333333333333,196.771527777778,"United Kingdom",62.105,22.5,116.204861111111,"1","At-Risk / Dormant","No"
16116,8.96041666666667,19,14605.55,3550,370,3.47408312958435,267.110416666667,"United Kingdom",768.713157894737,186.842105263158,14.3416666666667,"2","Champions / High-Value","Yes"
16117,57.1298611111111,3,440.69,159,27,2.86925925925926,318.014583333333,"United Kingdom",146.896666666667,53,130.442361111111,"3","Potential / Occasional","No"
16118,75.6868055555556,4,288.96,81,13,3.13285714285714,242.629861111111,"United Kingdom",72.24,20.25,55.6476851851852,"3","Potential / Occasional","No"
16119,3.73472222222222,29,37144.79,10137,893,3.47026595744681,368.11875,"United Kingdom",1280.85482758621,349.551724137931,13.0137152777778,"2","Champions / High-Value","Yes"
16120,17.1784722222222,1,545.49,151,11,3.89,17.1784722222222,"United Kingdom",545.49,151,17.1784722222222,"3","Potential / Occasional","No"
16121,56.7805555555556,1,48.22,68,3,1.24333333333333,56.7805555555556,"United Kingdom",48.22,68,56.7805555555556,"1","At-Risk / Dormant","No"
16122,82.6958333333333,12,6011.83,1938,168,3.50830409356725,301.986111111111,"Netherlands",500.985833333333,161.5,19.9354797979798,"2","Champions / High-Value","Yes"
16123,69.6756944444444,1,185.68,18,3,9.67333333333333,69.6756944444444,"United Kingdom",185.68,18,69.6756944444444,"1","At-Risk / Dormant","No"
16124,34.325,3,207.57,96,17,1.96058823529412,297.675,"United Kingdom",69.19,32,131.675,"3","Potential / Occasional","No"
16125,28.3298611111111,2,387.07,81,11,4.20272727272727,143.161805555556,"Germany",193.535,40.5,114.831944444444,"3","Potential / Occasional","No"
16126,59.7111111111111,5,1169.36,243,27,5.77851851851852,255.854166666667,"United Kingdom",233.872,48.6,49.0357638888889,"4","Loyal Customers","No"
16127,42.4548611111111,8,707.7,334,43,2.55674418604651,276.881944444444,"United Kingdom",88.4625,41.75,33.4895833333333,"4","Loyal Customers","No"
16128,18.7659722222222,10,2354.06,876,96,3.0313,306.95625,"United Kingdom",235.406,87.6,32.0211419753086,"4","Loyal Customers","No"
16129,23.2819444444444,8,1461.68,454,55,3.4025,248.368055555556,"United Kingdom",182.71,56.75,32.1551587301587,"4","Loyal Customers","No"
16130,28.2256944444444,2,387.88,89,9,7.47444444444444,103.445138888889,"United Kingdom",193.94,44.5,75.2194444444444,"3","Potential / Occasional","No"
16131,62.4652777777778,12,5446.66,1541,146,3.32816455696203,317.243055555556,"France",453.888333333333,128.416666666667,23.1616161616162,"2","Champions / High-Value","Yes"
16132,164.201388888889,2,440.38,152,17,3.37777777777778,362.33125,"United Kingdom",220.19,76,198.129861111111,"3","Potential / Occasional","No"
16133,10.00625,13,6023.79,1788,195,3.02961722488038,326.947916666667,"EIRE",463.368461538462,137.538461538462,26.4118055555556,"2","Champions / High-Value","Yes"
16134,2.00138888888889,8,2514,779,83,2.77928571428571,344.761111111111,"United Kingdom",314.25,97.375,48.9656746031746,"4","Loyal Customers","No"
16135,136.339583333333,2,273.24,123,8,2.15625,139.241666666667,"United Kingdom",136.62,61.5,2.90208333333334,"3","Potential / Occasional","No"
16136,45.7,4,531.75,247,32,2.62,212.776388888889,"United Kingdom",132.9375,61.75,55.6921296296296,"3","Potential / Occasional","No"
16137,6.71041666666667,11,3525.29,1219,131,3.2658273381295,327.466666666667,"United Kingdom",320.480909090909,110.818181818182,32.075625,"2","Champions / High-Value","Yes"
16138,4.11319444444444,17,15369.29,3997,397,3.47924611973392,339.190972222222,"United Kingdom",904.075882352941,235.117647058824,20.9423611111111,"2","Champions / High-Value","Yes"
16139,67.7826388888889,6,585.89,181,23,3.72565217391304,362.952083333333,"United Kingdom",97.6483333333333,30.1666666666667,59.0338888888889,"3","Potential / Occasional","No"
16140,18.8416666666667,1,81.7,17,3,5.33333333333333,18.8416666666667,"United Kingdom",81.7,17,18.8416666666667,"1","At-Risk / Dormant","No"
16141,235.526388888889,3,557.86,132,17,4.02352941176471,310.825,"United Kingdom",185.953333333333,44,37.6493055555555,"3","Potential / Occasional","No"
16142,30.5604166666667,4,287.07,107,16,2.81875,225.34375,"United Kingdom",71.7675,26.75,64.9277777777778,"3","Potential / Occasional","No"
16143,103.940972222222,5,1102.43,369,50,3.4044,275.180555555556,"United Kingdom",220.486,73.8,42.8098958333333,"4","Loyal Customers","No"
16144,25.5930555555556,6,2144.09,447,40,4.5245,322.861805555556,"United Kingdom",357.348333333333,74.5,59.45375,"4","Loyal Customers","No"
16145,65.5534722222222,5,2091.46,435,57,3.33824561403509,369.403472222222,"United Kingdom",418.292,87,75.9625,"4","Loyal Customers","No"
16146,5.88541666666667,24,17907.91,5509,528,3.35820554649266,296.727777777778,"United Kingdom",746.162916666667,229.541666666667,12.6453200483092,"2","Champions / High-Value","Yes"
16147,8.11111111111111,34,46430.16,13331,1094,3.366001367054,364.377083333333,"United Kingdom",1365.59294117647,392.088235294118,10.7959385521886,"2","Champions / High-Value","Yes"
16148,368.917361111111,1,361.05,102,8,3.02222222222222,368.917361111111,"United Kingdom",361.05,102,368.917361111111,"3","Potential / Occasional","No"
16149,108.315277777778,1,937.42,131,14,6.24142857142857,108.315277777778,"United Kingdom",937.42,131,108.315277777778,"3","Potential / Occasional","No"
16150,123.13125,5,948.27,186,26,4.50384615384615,250.213194444444,"United Kingdom",189.654,37.2,31.7704861111111,"3","Potential / Occasional","No"
16151,97.4256944444444,4,577.7,212,24,3.64375,262.336805555556,"United Kingdom",144.425,53,54.9703703703704,"3","Potential / Occasional","No"
16152,11.5805555555556,7,1369.5,362,34,2.90617647058824,247.789583333333,"United Kingdom",195.642857142857,51.7142857142857,39.3681712962963,"4","Loyal Customers","No"
16153,238.049305555556,4,470.77,226,24,2.336,305.143055555556,"United Kingdom",117.6925,56.5,22.3645833333333,"3","Potential / Occasional","No"
16154,10.9784722222222,22,19117.48,6083,523,3.25712918660287,317.957638888889,"United Kingdom",868.976363636364,276.5,14.6180555555556,"2","Champions / High-Value","Yes"
16155,8.73680555555556,6,2401.04,570,53,4.62574074074074,279.681944444444,"United Kingdom",400.173333333333,95,54.1890277777778,"4","Loyal Customers","No"
16156,9.69375,7,1851.75,319,34,3.55771428571429,301.436111111111,"United Kingdom",264.535714285714,45.5714285714286,48.6237268518518,"4","Loyal Customers","No"
16157,2.60416666666667,16,14245.86,3230,330,3.94955922865014,281.966666666667,"United Kingdom",890.36625,201.875,18.6241666666667,"2","Champions / High-Value","Yes"
16158,72.6902777777778,1,136.4,23,3,6.04,72.6902777777778,"United Kingdom",136.4,23,72.6902777777778,"1","At-Risk / Dormant","No"
16159,54.6465277777778,5,1558.29,493,51,3.00307692307692,265.222916666667,"United Kingdom",311.658,98.6,52.6440972222222,"4","Loyal Customers","No"
16160,16.8368055555556,8,1995.18,498,64,3.446875,268.193055555556,"United Kingdom",249.3975,62.25,35.9080357142857,"4","Loyal Customers","No"
16161,37.1902777777778,10,3560.47,1054,97,3.93790476190476,280.26875,"United Kingdom",356.047,105.4,27.0087191358025,"4","Loyal Customers","No"
16162,87.0131944444445,1,512.08,144,8,2.3425,87.0131944444445,"United Kingdom",512.08,144,87.0131944444445,"3","Potential / Occasional","No"
16163,52.7118055555556,8,1580.02,649,73,2.92175675675676,343.259027777778,"United Kingdom",197.5025,81.125,41.506746031746,"4","Loyal Customers","No"
16164,14.8291666666667,7,1141.79,402,38,3.55526315789474,360.063888888889,"United Kingdom",163.112857142857,57.4285714285714,57.5391203703704,"4","Loyal Customers","No"
16165,235.355555555556,1,239.97,71,7,3.06142857142857,235.355555555556,"United Kingdom",239.97,71,235.355555555556,"3","Potential / Occasional","No"
16166,125.438194444444,4,908.72,160,20,4.2435,276.288888888889,"United Kingdom",227.18,40,50.2835648148148,"3","Potential / Occasional","No"
16167,333.569444444444,1,48.62,28,4,1.745,333.569444444444,"United Kingdom",48.62,28,333.569444444444,"1","At-Risk / Dormant","No"
16168,153.516666666667,2,143.43,40,7,4.14,205.976388888889,"United Kingdom",71.715,20,52.4597222222222,"3","Potential / Occasional","No"
16169,54.2236111111111,4,143.51,103,10,1.362,230.45,"United Kingdom",35.8775,25.75,58.7421296296296,"3","Potential / Occasional","No"
16170,2.7375,11,3883.62,1309,132,3.69437037037037,306.279861111111,"United Kingdom",353.056363636364,119,30.3542361111111,"2","Champions / High-Value","Yes"
16171,25.3638888888889,3,812.98,314,38,3.40894736842105,366.734722222222,"United Kingdom",270.993333333333,104.666666666667,170.685416666667,"4","Loyal Customers","No"
16172,12.3465277777778,9,1922.49,584,60,3.60709677419355,318.232638888889,"United Kingdom",213.61,64.8888888888889,38.2357638888889,"4","Loyal Customers","No"
16173,32.0965277777778,12,7152,1853,193,3.33820388349515,324.679861111111,"United Kingdom",596,154.416666666667,26.5984848484848,"2","Champions / High-Value","Yes"
16174,239.609027777778,1,110.21,57,4,1.7225,239.609027777778,"United Kingdom",110.21,57,239.609027777778,"3","Potential / Occasional","No"
16175,52.9125,12,4422.97,1535,166,2.85322222222222,287.378472222222,"United Kingdom",368.580833333333,127.916666666667,21.3150883838384,"2","Champions / High-Value","Yes"
16176,180.375,1,482.25,58,3,4.77333333333333,180.375,"United Kingdom",482.25,58,180.375,"3","Potential / Occasional","No"
16177,56.7631944444444,5,828.76,169,21,4.41047619047619,338.066666666667,"United Kingdom",165.752,33.8,70.3258680555556,"3","Potential / Occasional","No"
16178,13.2222222222222,8,1498.36,369,42,3.95,288.166666666667,"United Kingdom",187.295,46.125,39.2777777777778,"4","Loyal Customers","No"
16179,142.295138888889,4,473.58,205,19,2.67789473684211,300.947916666667,"United Kingdom",118.395,51.25,52.8842592592593,"3","Potential / Occasional","No"
16180,81.9763888888889,9,3156.01,1086,119,3.15549180327869,296.540972222222,"Germany",350.667777777778,120.666666666667,26.8205729166667,"4","Loyal Customers","No"
16181,156.40625,1,9.52,4,1,2.38,156.40625,"United Kingdom",9.52,4,156.40625,"1","At-Risk / Dormant","No"
16182,9.39861111111111,8,2722.24,943,83,3.1227380952381,255.808333333333,"United Kingdom",340.28,117.875,35.2013888888889,"4","Loyal Customers","No"
16183,34.54375,12,4893.09,1536,150,3.20539877300613,350.582638888889,"United Kingdom",407.7575,128,28.7308080808081,"2","Champions / High-Value","Yes"
16184,2.42569444444444,31,38860.7,11115,921,3.41536267318663,344.638888888889,"United Kingdom",1253.57096774194,358.548387096774,11.4071064814815,"2","Champions / High-Value","Yes"
16185,19.0006944444444,12,4728.51,1444,153,3.56019108280255,264.932638888889,"United Kingdom",394.0425,120.333333333333,22.3574494949495,"2","Champions / High-Value","Yes"
16186,130.377083333333,1,110.01,79,5,1.352,130.377083333333,"Spain",110.01,79,130.377083333333,"3","Potential / Occasional","No"
16187,3.05625,16,6883.12,2032,211,3.51722727272727,338.945138888889,"United Kingdom",430.195,127,22.3925925925926,"2","Champions / High-Value","Yes"
16188,10.3465277777778,11,6103.95,1668,172,3.51715846994536,331.354166666667,"United Kingdom",554.904545454545,151.636363636364,32.1007638888889,"2","Champions / High-Value","Yes"
16189,32.6541666666667,3,564.34,181,27,2.93592592592593,132.850694444444,"United Kingdom",188.113333333333,60.3333333333333,50.0982638888889,"3","Potential / Occasional","No"
16190,77.9569444444444,1,1567.38,61,2,17.345,77.9569444444444,"Italy",1567.38,61,77.9569444444444,"3","Potential / Occasional","No"
16191,147.258333333333,1,197.42,21,4,5.4425,147.258333333333,"United Kingdom",197.42,21,147.258333333333,"1","At-Risk / Dormant","No"
16192,22.0833333333333,6,1293.52,493,48,3.36163265306122,323.8375,"United Kingdom",215.586666666667,82.1666666666667,60.3508333333333,"4","Loyal Customers","No"
16193,69.8354166666667,2,105.66,68,8,1.98875,203.377777777778,"United Kingdom",52.83,34,133.542361111111,"3","Potential / Occasional","No"
16194,91.1395833333333,1,352.5,133,7,2.27,91.1395833333333,"United Kingdom",352.5,133,91.1395833333333,"3","Potential / Occasional","No"
16195,93.4243055555555,5,1514.47,348,42,3.02785714285714,287.390277777778,"United Kingdom",302.894,69.6,48.4914930555556,"4","Loyal Customers","No"
16196,198.502777777778,1,82.24,18,4,4.245,198.502777777778,"United Kingdom",82.24,18,198.502777777778,"1","At-Risk / Dormant","No"
16197,10.6979166666667,5,599.5,190,18,2.47222222222222,235.807638888889,"Germany",119.9,38,56.2774305555556,"4","Loyal Customers","No"
16198,94.8798611111111,3,601.66,209,20,4.1295,356.998611111111,"United Kingdom",200.553333333333,69.6666666666667,131.059375,"3","Potential / Occasional","No"
16199,22.0958333333333,6,1578.14,646,79,3.155,350.968055555556,"United Kingdom",263.023333333333,107.666666666667,65.7744444444444,"4","Loyal Customers","No"
16200,67.4958333333333,6,3062.6,753,57,3.2048275862069,228.290277777778,"United Kingdom",510.433333333333,125.5,32.1588888888889,"4","Loyal Customers","No"
16201,58.2152777777778,2,188.5,62,5,2.742,188.638888888889,"United Kingdom",94.25,31,130.423611111111,"3","Potential / Occasional","No"
16202,13.7777777777778,6,1289.63,508,41,2.93414634146341,306.58125,"United Kingdom",214.938333333333,84.6666666666667,58.5606944444445,"4","Loyal Customers","No"
16203,17.1770833333333,13,8442.26,2290,230,3.94040816326531,296.503472222222,"United Kingdom",649.404615384615,176.153846153846,23.2771990740741,"2","Champions / High-Value","Yes"
16204,4.24375,6,2555.65,595,64,3.74227272727273,242.609027777778,"United Kingdom",425.941666666667,99.1666666666667,47.6730555555556,"4","Loyal Customers","No"
16205,53.61875,2,239.68,109,10,3.289,161.936111111111,"United Kingdom",119.84,54.5,108.317361111111,"3","Potential / Occasional","No"
16206,7.40902777777778,4,640.45,164,26,3.97269230769231,257.403472222222,"United Kingdom",160.1125,41,83.3314814814815,"4","Loyal Customers","No"
16207,217.600694444444,5,1140.8,311,25,3.79444444444444,347.319444444444,"United Kingdom",228.16,62.2,32.4296875,"3","Potential / Occasional","No"
16208,24.7458333333333,20,12698.3,4254,395,3.23377528089888,356.139583333333,"United Kingdom",634.915,212.7,17.4417763157895,"2","Champions / High-Value","Yes"
16209,44.6666666666667,1,142.43,64,4,2.515,44.6666666666667,"United Kingdom",142.43,64,44.6666666666667,"1","At-Risk / Dormant","No"
16210,58.0611111111111,11,3927.66,1005,108,3.7875,355.845833333333,"Germany",357.06,91.3636363636364,29.7784722222222,"4","Loyal Customers","No"
16211,27.7368055555556,7,1288.25,429,51,2.95442307692308,211.888194444444,"United Kingdom",184.035714285714,61.2857142857143,30.6918981481482,"4","Loyal Customers","No"
16212,168.886111111111,2,1355.99,212,21,2.98181818181818,195.959722222222,"United Kingdom",677.995,106,27.0736111111111,"3","Potential / Occasional","No"
16213,40.9618055555556,5,685.33,237,36,3.12666666666667,301.261111111111,"United Kingdom",137.066,47.4,65.0748263888889,"4","Loyal Customers","No"
16214,36.6354166666667,11,2814.31,933,105,3.27095652173913,293.972916666667,"Germany",255.846363636364,84.8181818181818,25.73375,"4","Loyal Customers","No"
16215,17.7979166666667,3,435.75,186,21,2.84727272727273,134.960416666667,"United Kingdom",145.25,62,58.58125,"3","Potential / Occasional","No"
16216,49.1180555555556,2,155.16,105,11,2.04818181818182,87.10625,"United Kingdom",77.58,52.5,37.9881944444444,"3","Potential / Occasional","No"
16217,22.0347222222222,14,6950.35,1824,179,3.58157894736842,269.421527777778,"United Kingdom",496.453571428571,130.285714285714,19.0297542735043,"2","Champions / High-Value","Yes"
16218,58.8444444444444,8,1474.55,445,57,3.79724137931034,332.847916666667,"Germany",184.31875,55.625,39.1433531746032,"4","Loyal Customers","No"
16219,18.0027777777778,20,72725.42,79024,503,3.22595155709343,355.090972222222,"France",3636.271,3951.2,17.7414839181287,"2","Champions / High-Value","Yes"
16220,58.6256944444444,8,2640.54,584,68,4.47414285714286,354.914583333333,"United Kingdom",330.0675,73,42.3269841269841,"4","Loyal Customers","No"
16221,2.49236111111111,10,2682.89,920,116,3.00731092436975,296.430555555556,"United Kingdom",268.289,92,32.659799382716,"4","Loyal Customers","No"
16222,9.21875,8,1300.71,488,57,3.03140350877193,356.723611111111,"United Kingdom",162.58875,61,49.6435515873016,"4","Loyal Customers","No"
16223,9.84236111111111,8,1909.48,661,70,3.39056338028169,334.2375,"United Kingdom",238.685,82.625,46.3421626984127,"4","Loyal Customers","No"
16224,37.4826388888889,6,1159.08,327,35,3.55228571428571,338.892361111111,"Germany",193.18,54.5,60.2819444444444,"4","Loyal Customers","No"
16225,14.7263888888889,8,2426.81,696,78,3.79341772151899,298.251388888889,"Spain",303.35125,87,40.5035714285714,"4","Loyal Customers","No"
16226,59.5229166666667,4,885.62,236,33,3.54121212121212,331.213194444444,"United Kingdom",221.405,59,90.5634259259259,"4","Loyal Customers","No"
16227,10.5416666666667,10,1966.57,562,64,3.63515625,338.340972222222,"United Kingdom",196.657,56.2,36.4221450617284,"4","Loyal Customers","No"
16228,28.2048611111111,6,1320.2,466,48,3.36083333333333,352.771527777778,"United Kingdom",220.033333333333,77.6666666666667,64.9133333333333,"4","Loyal Customers","No"
16229,31.7013888888889,3,616.25,188,17,2.16941176470588,199.0625,"United Kingdom",205.416666666667,62.6666666666667,83.6805555555556,"3","Potential / Occasional","No"
16230,6.36527777777778,1,3.92,2,1,1.96,6.36527777777778,"United Kingdom",3.92,2,6.36527777777778,"1","At-Risk / Dormant","No"
16231,51.6534722222222,2,548.6,115,20,4.289,118.135416666667,"United Kingdom",274.3,57.5,66.4819444444445,"3","Potential / Occasional","No"
16232,32.1416666666667,6,764.38,343,41,2.70829268292683,322.515972222222,"United Kingdom",127.396666666667,57.1666666666667,58.0748611111111,"4","Loyal Customers","No"
16233,18.5243055555556,1,136.94,24,4,6.175,18.5243055555556,"United Kingdom",136.94,24,18.5243055555556,"1","At-Risk / Dormant","No"
16234,65.2944444444445,4,2040.18,685,66,3.5925,282.595138888889,"United Kingdom",510.045,171.25,72.4335648148148,"4","Loyal Customers","No"
16235,86.0180555555555,2,221.16,22,4,7.465,91.2055555555555,"United Kingdom",110.58,11,5.1875,"1","At-Risk / Dormant","No"
16236,146.490972222222,1,86.24,19,2,4.395,146.490972222222,"United Kingdom",86.24,19,146.490972222222,"1","At-Risk / Dormant","No"
16237,280.986805555556,1,70.63,33,5,1.96,280.986805555556,"France",70.63,33,280.986805555556,"3","Potential / Occasional","No"
16238,38.3270833333333,3,608.3,88,8,5.8275,264.000694444444,"United Kingdom",202.766666666667,29.3333333333333,112.836805555556,"3","Potential / Occasional","No"
16239,20.1708333333333,9,2732.05,989,107,2.803,329.103472222222,"United Kingdom",303.561111111111,109.888888888889,38.6165798611111,"4","Loyal Customers","No"
16240,51.0902777777778,4,1716.45,281,25,4.5208,136.809027777778,"United Kingdom",429.1125,70.25,28.5729166666667,"4","Loyal Customers","No"
16241,12.55,10,4353.69,1747,197,2.57312796208531,275.329861111111,"United Kingdom",435.369,174.7,29.197762345679,"2","Champions / High-Value","Yes"
16242,13.8215277777778,30,35225.06,10387,901,3.28539982803095,364.092361111111,"United Kingdom",1174.16866666667,346.233333333333,12.0783045977012,"2","Champions / High-Value","Yes"
16243,13.2083333333333,10,2556.48,881,92,3.07829787234043,231.0625,"Germany",255.648,88.1,24.2060185185185,"4","Loyal Customers","No"
16244,4.56180555555556,7,1697.63,487,54,3.21309090909091,178.089583333333,"United Kingdom",242.518571428571,69.5714285714286,28.9212962962963,"4","Loyal Customers","No"
16245,8.00138888888889,12,5200.99,1293,157,3.57191616766467,289.729861111111,"United Kingdom",433.415833333333,107.75,25.6116792929293,"2","Champions / High-Value","Yes"
16246,44.2208333333333,2,135.42,95,5,2.886,227.468055555556,"United Kingdom",67.71,47.5,183.247222222222,"3","Potential / Occasional","No"
16247,36.7979166666667,3,399.29,181,13,2.66846153846154,63.5138888888889,"United Kingdom",133.096666666667,60.3333333333333,13.3579861111111,"3","Potential / Occasional","No"
16248,18.6444444444444,5,121.09,61,11,1.70181818181818,257.328472222222,"United Kingdom",24.218,12.2,59.6710069444444,"1","At-Risk / Dormant","No"
16249,188.692361111111,2,216.99,106,10,3.47,324.845833333333,"United Kingdom",108.495,53,136.153472222222,"3","Potential / Occasional","No"
16250,55.4944444444444,8,4621.28,1025,88,3.47433333333333,342.901388888889,"United Kingdom",577.66,128.125,41.0581349206349,"4","Loyal Customers","No"
16251,95.0631944444444,6,2842.28,668,57,3.85350877192982,295.994444444444,"United Kingdom",473.713333333333,111.333333333333,40.18625,"4","Loyal Customers","No"
16252,29.1381944444444,4,840.5,294,33,3.20060606060606,224.71875,"United Kingdom",210.125,73.5,65.1935185185185,"4","Loyal Customers","No"
16253,42.0798611111111,5,1501.5,345,28,3.41172413793103,165.824305555556,"United Kingdom",300.3,69,30.9361111111111,"4","Loyal Customers","No"
16254,2.96388888888889,7,1051.18,350,45,3.155,263.390972222222,"United Kingdom",150.168571428571,50,43.4045138888889,"4","Loyal Customers","No"
16255,3.51111111111111,12,2264.68,688,83,3.42595505617978,261.982638888889,"Germany",188.723333333333,57.3333333333333,23.4974116161616,"4","Loyal Customers","No"
16256,3.825,13,4830.32,1288,151,3.522,317.736111111111,"United Kingdom",371.563076923077,99.0769230769231,26.1592592592593,"2","Champions / High-Value","Yes"
16257,112.359027777778,1,4.55,5,1,0.91,112.359027777778,"United Kingdom",4.55,5,112.359027777778,"1","At-Risk / Dormant","No"
16258,11.7784722222222,32,61124.92,24808,992,3.50737841945289,349.998611111111,"United Kingdom",1910.15375,775.25,10.9103270609319,"2","Champions / High-Value","Yes"
16259,95.9326388888889,2,587.02,188,12,3.81666666666667,206.538888888889,"United Kingdom",293.51,94,110.60625,"3","Potential / Occasional","No"
16260,19.3763888888889,17,16449.46,4871,443,3.46934489402698,348.770138888889,"United Kingdom",967.615294117647,286.529411764706,20.587109375,"2","Champions / High-Value","Yes"
16261,176.669444444444,3,642.69,91,8,3.39125,282.685416666667,"United Kingdom",214.23,30.3333333333333,53.0079861111111,"3","Potential / Occasional","No"
16262,8.67569444444444,7,969.81,312,33,3.054,258.171527777778,"United Kingdom",138.544285714286,44.5714285714286,41.5826388888889,"4","Loyal Customers","No"
16263,126.090972222222,3,808.4,172,26,4.11346153846154,166.595138888889,"United Kingdom",269.466666666667,57.3333333333333,20.2520833333333,"3","Potential / Occasional","No"
16264,15.4638888888889,3,553.05,199,26,3.20961538461538,208.520138888889,"United Kingdom",184.35,66.3333333333333,96.528125,"4","Loyal Customers","No"
16265,40.8076388888889,2,363.1,190,16,2.03375,205.209722222222,"Portugal",181.55,95,164.402083333333,"3","Potential / Occasional","No"
16266,67.0875,5,1106.19,270,29,2.63033333333333,212.379861111111,"EIRE",221.238,54,36.3230902777778,"4","Loyal Customers","No"
16267,227.055555555556,1,15.61,14,2,1.115,227.055555555556,"United Kingdom",15.61,14,227.055555555556,"1","At-Risk / Dormant","No"
16268,44.0444444444444,5,2856.74,941,74,2.80519480519481,310.7375,"United Kingdom",571.348,188.2,66.6732638888889,"4","Loyal Customers","No"
16269,5.5125,5,1035.69,281,33,4.86969696969697,292.467361111111,"United Kingdom",207.138,56.2,71.7387152777778,"4","Loyal Customers","No"
16270,46.1722222222222,4,1507.61,284,27,4.21464285714286,186.569444444444,"United Kingdom",376.9025,71,46.7990740740741,"4","Loyal Customers","No"
16271,41.0548611111111,3,263.52,130,9,2.70222222222222,236.552083333333,"United Kingdom",87.84,43.3333333333333,97.7486111111111,"3","Potential / Occasional","No"
16272,32.7256944444444,14,7748.86,1999,185,3.39954314720812,277.018055555556,"United Kingdom",553.49,142.785714285714,18.7917200854701,"2","Champions / High-Value","Yes"
16273,38.8638888888889,2,30.61,13,2,2.305,204.509722222222,"United Kingdom",15.305,6.5,165.645833333333,"1","At-Risk / Dormant","No"
16274,20.85625,8,1376.1,506,63,3.06,329.218055555556,"United Kingdom",172.0125,63.25,44.0516865079365,"4","Loyal Customers","No"
16275,5.75833333333333,1,1332.01,47,2,16.725,5.75833333333333,"United Kingdom",1332.01,47,5.75833333333333,"3","Potential / Occasional","No"
16276,4.41736111111111,3,301.7,106,13,4.54153846153846,267.342361111111,"France",100.566666666667,35.3333333333333,131.4625,"3","Potential / Occasional","No"
16277,25.1972222222222,10,1757.39,554,61,3.20492307692308,314.743055555556,"United Kingdom",175.739,55.4,32.1717592592593,"4","Loyal Customers","No"
16278,12.9819444444444,10,3229.62,1033,107,3.70261261261261,291.251388888889,"United Kingdom",322.962,103.3,30.9188271604938,"4","Loyal Customers","No"
16279,15.7833333333333,1,35.03,12,2,2.975,15.7833333333333,"United Kingdom",35.03,12,15.7833333333333,"1","At-Risk / Dormant","No"
16280,18.9909722222222,3,104.91,42,8,2.7775,259.073611111111,"France",34.97,14,120.041319444444,"1","At-Risk / Dormant","No"
16281,110.00625,7,1119.08,359,48,3.56708333333333,313.824305555556,"Germany",159.868571428571,51.2857142857143,33.9696759259259,"4","Loyal Customers","No"
16282,62.6868055555556,5,1606.17,536,53,2.97981132075472,304.252777777778,"United Kingdom",321.234,107.2,60.3914930555556,"4","Loyal Customers","No"
16283,9.34027777777778,8,920.25,394,42,3.04690476190476,343.34375,"United Kingdom",115.03125,49.25,47.7147817460317,"4","Loyal Customers","No"
16284,18.3111111111111,14,7447.26,2531,285,2.81096153846154,352.640277777778,"Germany",531.947142857143,180.785714285714,25.7176282051282,"2","Champions / High-Value","Yes"
16285,32.4736111111111,7,1681.61,667,74,2.88960526315789,328.93125,"United Kingdom",240.23,95.2857142857143,49.4096064814815,"4","Loyal Customers","No"
16286,70.6777777777778,3,399.56,136,16,2.818125,231.740972222222,"United Kingdom",133.186666666667,45.3333333333333,80.5315972222222,"3","Potential / Occasional","No"
16287,12.7375,7,2095.65,744,76,2.53822784810127,300.472916666667,"United Kingdom",299.378571428571,106.285714285714,47.9559027777778,"4","Loyal Customers","No"
16288,3.77083333333333,16,8452.28,2208,221,3.48394957983193,251.527777777778,"United Kingdom",528.2675,138,16.5171296296296,"2","Champions / High-Value","Yes"
16289,46.6868055555556,3,976.34,133,15,5.886,372.266666666667,"United Kingdom",325.446666666667,44.3333333333333,162.789930555556,"3","Potential / Occasional","No"
16290,54.0243055555556,3,488.61,213,17,2.45411764705882,241.077777777778,"United Kingdom",162.87,71,93.5267361111111,"3","Potential / Occasional","No"
16291,243.596527777778,2,1095.46,81,6,5.25666666666667,312.93125,"United Kingdom",547.73,40.5,69.3347222222222,"3","Potential / Occasional","No"
16292,31.0979166666667,6,2773.22,813,79,3.11865853658537,324.435416666667,"United Kingdom",462.203333333333,135.5,58.6675,"4","Loyal Customers","No"
16293,14.3347222222222,8,2344.62,698,74,4.00418918918919,264.899305555556,"United Kingdom",293.0775,87.25,35.7949404761905,"4","Loyal Customers","No"
16294,75.6465277777778,3,82.66,92,8,1.22,208.143055555556,"United Kingdom",27.5533333333333,30.6666666666667,66.2482638888889,"1","At-Risk / Dormant","No"
16295,55.7326388888889,6,2419.06,753,72,3.00222222222222,312.41875,"United Kingdom",403.176666666667,125.5,51.3372222222222,"4","Loyal Customers","No"
16296,45.3423611111111,15,9633.57,2940,275,3.58976897689769,337.211111111111,"United Kingdom",642.238,196,20.8477678571429,"2","Champions / High-Value","Yes"
16297,137.141666666667,3,932.44,137,16,3.525625,231.977083333333,"EIRE",310.813333333333,45.6666666666667,47.4177083333333,"3","Potential / Occasional","No"
16298,132.679166666667,1,8.6,5,1,1.72,132.679166666667,"United Kingdom",8.6,5,132.679166666667,"1","At-Risk / Dormant","No"
16299,144.158333333333,1,26.31,10,2,2.625,144.158333333333,"United Kingdom",26.31,10,144.158333333333,"1","At-Risk / Dormant","No"
16300,51.7791666666667,7,2365.35,652,60,4.07183333333333,313.318055555556,"United Kingdom",337.907142857143,93.1428571428571,43.5898148148148,"4","Loyal Customers","No"
16301,24.5381944444444,4,420.41,145,19,3.21368421052632,318.634722222222,"United Kingdom",105.1025,36.25,98.0321759259259,"3","Potential / Occasional","No"
16302,91.9243055555555,6,1050.12,329,36,3.65805555555556,369.590972222222,"United Kingdom",175.02,54.8333333333333,55.5333333333333,"4","Loyal Customers","No"
16303,74.8083333333333,1,92.58,80,7,1.11,74.8083333333333,"United Kingdom",92.58,80,74.8083333333333,"1","At-Risk / Dormant","No"
16304,313.469444444444,2,337.9,139,18,2.97555555555556,364.676388888889,"Spain",168.95,69.5,51.2069444444444,"3","Potential / Occasional","No"
16305,149.135416666667,4,775.44,321,28,2.6175,319.864583333333,"United Kingdom",193.86,80.25,56.9097222222222,"3","Potential / Occasional","No"
16306,11.46875,8,4439.54,1319,119,3.58153225806452,308.552083333333,"United Kingdom",554.9425,164.875,42.4404761904762,"2","Champions / High-Value","Yes"
16307,62.8916666666667,6,736.62,307,32,2.0446875,299.941666666667,"United Kingdom",122.77,51.1666666666667,47.41,"4","Loyal Customers","No"
16308,8.44444444444444,11,3761.87,1180,146,3.27253164556962,326.739583333333,"United Kingdom",341.988181818182,107.272727272727,31.8295138888889,"2","Champions / High-Value","Yes"
16309,34.8951388888889,1,71.67,36,7,2.25428571428571,34.8951388888889,"United Kingdom",71.67,36,34.8951388888889,"1","At-Risk / Dormant","No"
16310,15.4465277777778,2,563.86,76,5,3.208,87.5034722222222,"United Kingdom",281.93,38,72.0569444444445,"3","Potential / Occasional","No"
16311,99.0472222222222,8,2417,722,78,2.91975,318.806944444444,"France",302.125,90.25,31.394246031746,"4","Loyal Customers","No"
16312,128.719444444444,1,10.74,6,1,1.79,128.719444444444,"United Kingdom",10.74,6,128.719444444444,"1","At-Risk / Dormant","No"
16313,15.5180555555556,7,3213.13,874,87,2.93701149425287,354.765277777778,"United Kingdom",459.018571428571,124.857142857143,56.5412037037037,"4","Loyal Customers","No"
16314,13.9638888888889,4,1336.49,501,37,3.35921052631579,264.963888888889,"United Kingdom",334.1225,125.25,83.6666666666667,"4","Loyal Customers","No"
16315,105.728472222222,6,1690.88,426,50,4.1988,264.677083333333,"United Kingdom",281.813333333333,71,31.7897222222222,"4","Loyal Customers","No"
16316,100.596527777778,4,514.71,205,37,2.31756756756757,291.845833333333,"United Kingdom",128.6775,51.25,63.7497685185185,"3","Potential / Occasional","No"
16317,7.10763888888889,2,186.37,101,11,2.04272727272727,121.997222222222,"United Kingdom",93.185,50.5,114.889583333333,"3","Potential / Occasional","No"
16318,57.03125,1,186.61,34,7,4.94571428571429,57.03125,"United Kingdom",186.61,34,57.03125,"1","At-Risk / Dormant","No"
16319,39.3923611111111,13,4236.58,1173,135,3.60440559440559,247.697222222222,"United Kingdom",325.890769230769,90.2307692307692,17.3587384259259,"4","Loyal Customers","No"
16320,62.34375,9,1671.24,644,84,2.91022222222222,352.198611111111,"United Kingdom",185.693333333333,71.5555555555556,36.2318576388889,"4","Loyal Customers","No"
16321,251.788194444444,1,13.72,12,2,1.95,251.788194444444,"United Kingdom",13.72,12,251.788194444444,"1","At-Risk / Dormant","No"
16322,56.8958333333333,6,1387.03,520,46,2.36702127659574,329.463194444444,"United Kingdom",231.171666666667,86.6666666666667,54.5134722222222,"4","Loyal Customers","No"
16323,89.6291666666667,3,495.84,118,14,4.40285714285714,238.011111111111,"United Kingdom",165.28,39.3333333333333,74.1909722222222,"3","Potential / Occasional","No"
16324,6.88194444444444,6,1912.16,528,62,3.23359375,338.581944444444,"United Kingdom",318.693333333333,88,66.34,"4","Loyal Customers","No"
16325,35.0756944444444,8,2667.49,1023,108,2.98459459459459,289.388888888889,"France",333.43625,127.875,36.3304563492064,"4","Loyal Customers","No"
16326,5.87083333333333,8,1427.3,364,60,4.03866666666667,201.506944444444,"United Kingdom",178.4125,45.5,27.9480158730159,"4","Loyal Customers","No"
16327,7.47013888888889,16,4540.28,1377,142,3.12933333333333,350.702083333333,"United Kingdom",283.7675,86.0625,22.8821296296296,"2","Champions / High-Value","Yes"
16328,53.9979166666667,8,1117.98,282,40,3.60225,166.985416666667,"United Kingdom",139.7475,35.25,16.1410714285714,"4","Loyal Customers","No"
16329,59.7131944444444,4,807.82,212,25,3.348,198.779166666667,"United Kingdom",201.955,53,46.3553240740741,"3","Potential / Occasional","No"
16330,100.95,3,728.11,209,24,3.00625,189.684722222222,"United Kingdom",242.703333333333,69.6666666666667,44.3673611111111,"3","Potential / Occasional","No"
16331,3.61666666666667,2,362.45,129,10,3.114,21.65,"United Kingdom",181.225,64.5,18.0333333333333,"1","At-Risk / Dormant","No"
16332,72.5951388888889,2,35.14,28,6,1.315,312.104861111111,"United Kingdom",17.57,14,239.509722222222,"1","At-Risk / Dormant","No"
16333,199.773611111111,1,193.39,73,5,3.614,199.773611111111,"United Kingdom",193.39,73,199.773611111111,"3","Potential / Occasional","No"
16334,183.511805555556,1,26.34,14,3,1.8,183.511805555556,"United Kingdom",26.34,14,183.511805555556,"1","At-Risk / Dormant","No"
16335,122.5375,1,171.31,32,5,5.662,122.5375,"United Kingdom",171.31,32,122.5375,"3","Potential / Occasional","No"
16336,19.8826388888889,5,2412.78,748,66,3.87582089552239,298.661111111111,"United Kingdom",482.556,149.6,69.6946180555556,"4","Loyal Customers","No"
16337,103.553472222222,3,491.71,175,19,4.10368421052632,285.023611111111,"United Kingdom",163.903333333333,58.3333333333333,90.7350694444444,"3","Potential / Occasional","No"
16338,68.6840277777778,1,172.14,24,4,5.93,68.6840277777778,"United Kingdom",172.14,24,68.6840277777778,"1","At-Risk / Dormant","No"
16339,40.1743055555556,20,12271.34,3972,356,2.91276119402985,339.639583333333,"United Kingdom",613.567,198.6,15.7613304093567,"2","Champions / High-Value","Yes"
16340,14.9416666666667,4,453.63,162,21,2.9847619047619,122.8125,"United Kingdom",113.4075,40.5,35.9569444444444,"3","Potential / Occasional","No"
16341,80.4736111111111,3,415.72,132,21,3.05285714285714,284.740972222222,"United Kingdom",138.573333333333,44,102.133680555556,"3","Potential / Occasional","No"
16342,6.13055555555556,7,716.39,278,40,3.01333333333333,258.186805555556,"United Kingdom",102.341428571429,39.7142857142857,42.009375,"4","Loyal Customers","No"
16343,71.05,4,482.15,157,17,3.66176470588235,264.203472222222,"United Kingdom",120.5375,39.25,64.3844907407407,"3","Potential / Occasional","No"
16344,7.06736111111111,26,26119.71,7089,651,3.43491503267974,290.465277777778,"United Kingdom",1004.60423076923,272.653846153846,11.3359166666667,"2","Champions / High-Value","Yes"
16345,49.2729166666667,32,34008.68,10348,857,3.24993583868011,342.127083333333,"United Kingdom",1062.77125,323.375,9.44690860215054,"2","Champions / High-Value","Yes"
16346,63.0548611111111,3,670.16,285,31,2.72441176470588,132.623611111111,"United Kingdom",223.386666666667,95,34.784375,"3","Potential / Occasional","No"
16347,51.6020833333333,11,6077.7,2001,202,2.80525821596244,336.658333333333,"United Kingdom",552.518181818182,181.909090909091,28.505625,"2","Champions / High-Value","Yes"
16348,100.271527777778,1,9.64,14,2,1.07,100.271527777778,"United Kingdom",9.64,14,100.271527777778,"1","At-Risk / Dormant","No"
16349,8.44027777777778,4,587.28,136,15,4.37333333333333,334.600694444444,"United Kingdom",146.82,34,108.720138888889,"4","Loyal Customers","No"
16350,73.8805555555556,5,1059.77,471,54,3.01018518518519,238.211111111111,"United Kingdom",211.954,94.2,41.0826388888889,"4","Loyal Customers","No"
16351,62.9263888888889,2,55.58,28,4,1.9825,73.5368055555556,"United Kingdom",27.79,14,10.6104166666667,"1","At-Risk / Dormant","No"
16352,89.8833333333333,3,194.79,107,11,1.74333333333333,328.777777777778,"United Kingdom",64.93,35.6666666666667,119.447222222222,"3","Potential / Occasional","No"
16353,27.4506944444444,23,21172.75,6428,556,3.18639939485628,311.909722222222,"United Kingdom",920.554347826087,279.478260869565,12.9299558080808,"2","Champions / High-Value","Yes"
16354,87.1076388888889,2,2065.25,150,18,6.42444444444444,265.648611111111,"United Kingdom",1032.625,75,178.540972222222,"4","Loyal Customers","No"
16355,33.1180555555556,10,1224.35,524,63,2.92809523809524,286.013888888889,"Spain",122.435,52.4,28.099537037037,"4","Loyal Customers","No"
16356,87.2,2,157.24,75,6,2.03333333333333,306.295833333333,"United Kingdom",78.62,37.5,219.095833333333,"3","Potential / Occasional","No"
16357,32.8263888888889,20,11612.09,3212,332,3.50130790190736,313.5625,"United Kingdom",580.6045,160.6,14.7755847953216,"2","Champions / High-Value","Yes"
16358,125.861111111111,4,1025.88,239,25,5.1528,328.176388888889,"United Kingdom",256.47,59.75,67.4384259259259,"3","Potential / Occasional","No"
16359,244.522916666667,1,72.42,23,3,2.94,244.522916666667,"United Kingdom",72.42,23,244.522916666667,"1","At-Risk / Dormant","No"
16360,52.4868055555556,2,109.57,29,5,3.104,191.590277777778,"United Kingdom",54.785,14.5,139.103472222222,"1","At-Risk / Dormant","No"
16361,4.75138888888889,19,17925.95,5570,487,3.35486631016043,252.807638888889,"United Kingdom",943.471052631579,293.157894736842,13.7809027777778,"2","Champions / High-Value","Yes"
16362,186.072916666667,1,63.89,24,3,2.96666666666667,186.072916666667,"United Kingdom",63.89,24,186.072916666667,"1","At-Risk / Dormant","No"
16363,89.8361111111111,2,411.86,80,8,4.11375,330.497222222222,"United Kingdom",205.93,40,240.661111111111,"3","Potential / Occasional","No"
16364,16.2388888888889,6,1768.04,519,61,3.59032258064516,219.542361111111,"United Kingdom",294.673333333333,86.5,40.6606944444444,"4","Loyal Customers","No"
16365,329.385416666667,1,151.61,59,9,2.35666666666667,329.385416666667,"France",151.61,59,329.385416666667,"3","Potential / Occasional","No"
16366,132.114583333333,3,329.07,111,13,2.34923076923077,314.748611111111,"United Kingdom",109.69,37,91.3170138888889,"3","Potential / Occasional","No"
16367,45.9881944444444,1,28.48,12,3,2.34666666666667,45.9881944444444,"United Kingdom",28.48,12,45.9881944444444,"1","At-Risk / Dormant","No"
16368,68.0534722222222,2,289.53,142,11,2.32909090909091,277.996527777778,"United Kingdom",144.765,71,209.943055555556,"3","Potential / Occasional","No"
16369,154.559027777778,1,63.75,28,6,2.26166666666667,154.559027777778,"United Kingdom",63.75,28,154.559027777778,"1","At-Risk / Dormant","No"
16370,23.5680555555556,16,10550.88,3409,320,3.23116991643454,328.852777777778,"United Kingdom",659.43,213.0625,20.3523148148148,"2","Champions / High-Value","Yes"
16371,9.52569444444444,8,2039.05,742,74,3.18064935064935,342.164583333333,"United Kingdom",254.88125,92.75,47.5198412698413,"4","Loyal Customers","No"
16372,18.1354166666667,10,3614.88,913,80,3.97395061728395,286.63125,"United Kingdom",361.488,91.3,29.8328703703704,"4","Loyal Customers","No"
16373,68.225,6,2328.31,600,56,3.26357142857143,352.398611111111,"United Kingdom",388.051666666667,100,56.8347222222222,"4","Loyal Customers","No"
16374,103.995138888889,2,229.96,54,7,3.70428571428571,225.911111111111,"Switzerland",114.98,27,121.915972222222,"3","Potential / Occasional","No"
16375,41.3993055555556,6,319.23,171,20,2.4275,327.990972222222,"United Kingdom",53.205,28.5,57.3183333333333,"3","Potential / Occasional","No"
16376,6.91944444444444,22,22852.42,7294,659,3.26704603580563,368.811111111111,"United Kingdom",1038.74636363636,331.545454545455,17.2329365079365,"2","Champions / High-Value","Yes"
16377,7.77013888888889,2,296.39,100,8,3.585,229.390972222222,"United Kingdom",148.195,50,221.620833333333,"3","Potential / Occasional","No"
16378,49.8673611111111,2,296.42,87,7,3.45285714285714,254.452083333333,"United Kingdom",148.21,43.5,204.584722222222,"3","Potential / Occasional","No"
16379,66.6354166666667,4,468.87,210,21,2.94952380952381,262.005555555556,"United Kingdom",117.2175,52.5,65.1233796296296,"3","Potential / Occasional","No"
16380,86.1972222222222,3,936.57,349,34,3.01342857142857,199.743055555556,"United Kingdom",312.19,116.333333333333,56.7729166666667,"4","Loyal Customers","No"
16381,2.75416666666667,6,887.74,355,45,2.89822222222222,331.070833333333,"United Kingdom",147.956666666667,59.1666666666667,65.6633333333333,"4","Loyal Customers","No"
16382,123.417361111111,8,5085.01,1413,162,3.28107142857143,197.938194444444,"United Kingdom",635.62625,176.625,10.6458333333333,"2","Champions / High-Value","Yes"
16383,42.8347222222222,4,496.91,150,19,3.74263157894737,323.997916666667,"United Kingdom",124.2275,37.5,93.7210648148148,"3","Potential / Occasional","No"
16384,54.4326388888889,15,8978.73,2755,291,3.27363076923077,334.454166666667,"United Kingdom",598.582,183.666666666667,20.0015376984127,"2","Champions / High-Value","Yes"
16385,7.62013888888889,6,1706.67,351,46,5.06586956521739,203.481944444444,"United Kingdom",284.445,58.5,39.1723611111111,"4","Loyal Customers","No"
16386,4.25486111111111,13,6128.19,2308,224,3.04258474576271,304.346527777778,"Portugal",471.399230769231,177.538461538462,25.0076388888889,"2","Champions / High-Value","Yes"
16387,36.6243055555556,5,1957.33,418,37,3.93756756756757,282.6125,"United Kingdom",391.466,83.6,61.4970486111111,"4","Loyal Customers","No"
16388,28.5611111111111,2,199.16,55,8,3.60375,317.375694444444,"United Kingdom",99.58,27.5,288.814583333333,"3","Potential / Occasional","No"
16389,24.1875,5,504.52,228,30,2.541,353.134027777778,"United Kingdom",100.904,45.6,82.2366319444444,"4","Loyal Customers","No"
16390,6.25416666666667,33,36814.87,11973,987,3.23040816326531,368.1375,"Germany",1115.60212121212,362.818181818182,11.3088541666667,"2","Champions / High-Value","Yes"
16391,9.84305555555556,8,625.55,243,38,2.55578947368421,355.693055555556,"United Kingdom",78.19375,30.375,49.4071428571429,"4","Loyal Customers","No"
16392,310.758333333333,1,3.81,3,1,1.27,310.758333333333,"United Kingdom",3.81,3,310.758333333333,"1","At-Risk / Dormant","No"
16393,32.0194444444444,7,2150.3,779,79,3.27807228915663,139.965972222222,"United Kingdom",307.185714285714,111.285714285714,17.991087962963,"4","Loyal Customers","No"
16394,24.7479166666667,1,116.75,54,8,2.38555555555556,24.7479166666667,"United Kingdom",116.75,54,24.7479166666667,"1","At-Risk / Dormant","No"
16395,2.52083333333333,26,23863.16,6460,625,3.32228260869565,366.811111111111,"United Kingdom",917.813846153846,248.461538461538,14.5716111111111,"2","Champions / High-Value","Yes"
16396,7.12083333333333,6,1930.57,613,72,2.93283783783784,290.138194444444,"United Kingdom",321.761666666667,102.166666666667,56.6034722222222,"4","Loyal Customers","No"
16397,46.3152777777778,4,592.42,184,23,2.96791666666667,241.751388888889,"United Kingdom",148.105,46,65.1453703703704,"3","Potential / Occasional","No"
16398,89.9590277777778,3,199.27,104,14,1.23642857142857,252.835416666667,"United Kingdom",66.4233333333333,34.6666666666667,81.4381944444444,"3","Potential / Occasional","No"
16399,5.84930555555556,13,7669.01,2015,230,3.48004166666667,248.835416666667,"United Kingdom",589.923846153846,155,20.2488425925926,"2","Champions / High-Value","Yes"
16400,28.7291666666667,4,616.43,167,28,4.08214285714286,258.436805555556,"United Kingdom",154.1075,41.75,76.569212962963,"3","Potential / Occasional","No"
16401,8.50833333333333,28,32297.28,10235,861,3.21489110707804,332.738194444444,"United Kingdom",1153.47428571429,365.535714285714,12.0085133744856,"2","Champions / High-Value","Yes"
16402,3.075,5,1160.85,364,46,3.25304347826087,261.842361111111,"United Kingdom",232.17,72.8,64.6918402777778,"4","Loyal Customers","No"
16403,75.9694444444444,4,775.83,204,25,3.3692,252.868055555556,"United Kingdom",193.9575,51,58.9662037037037,"3","Potential / Occasional","No"
16404,51.2041666666667,7,566.39,247,32,2.63060606060606,296.003472222222,"United Kingdom",80.9128571428571,35.2857142857143,40.7998842592593,"3","Potential / Occasional","No"
16405,170.203472222222,2,110.38,81,12,1.27583333333333,216.470138888889,"United Kingdom",55.19,40.5,46.2666666666667,"3","Potential / Occasional","No"
16406,68.5326388888889,6,1010.04,342,39,3.75825,278.913194444444,"United Kingdom",168.34,57,42.0761111111111,"4","Loyal Customers","No"
16407,73.6527777777778,3,1417.38,359,36,3.48,136.227083333333,"United Kingdom",472.46,119.666666666667,31.2871527777778,"4","Loyal Customers","No"
16408,10.8201388888889,5,2081.18,485,53,3.16345454545455,327.036111111111,"United Kingdom",416.236,97,79.0539930555556,"4","Loyal Customers","No"
16409,166.610416666667,1,11.28,8,2,1.76,166.610416666667,"United Kingdom",11.28,8,166.610416666667,"1","At-Risk / Dormant","No"
16410,209.923611111111,1,77.52,41,5,2.138,209.923611111111,"United Kingdom",77.52,41,209.923611111111,"3","Potential / Occasional","No"
16411,25.0423611111111,6,3153.84,883,88,3.26111111111111,291.673611111111,"United Kingdom",525.64,147.166666666667,53.32625,"4","Loyal Customers","No"
16412,254.761805555556,2,312.21,96,9,1.85,296.0125,"United Kingdom",156.105,48,41.2506944444444,"3","Potential / Occasional","No"
16413,13.4069444444444,11,3229.76,988,132,3.13970802919708,325.740277777778,"United Kingdom",293.614545454545,89.8181818181818,31.2333333333333,"4","Loyal Customers","No"
16414,11.0159722222222,7,1084.85,300,45,3.83851063829787,277.370833333333,"United Kingdom",154.978571428571,42.8571428571429,44.3924768518519,"4","Loyal Customers","No"
16415,191.859027777778,1,189.7,57,2,5.555,191.859027777778,"United Kingdom",189.7,57,191.859027777778,"3","Potential / Occasional","No"
16416,73.1805555555556,4,547.25,168,24,3.1744,261.756944444444,"United Kingdom",136.8125,42,62.8587962962963,"3","Potential / Occasional","No"
16417,22.70625,8,2849.45,816,68,3.58671428571429,307.61875,"United Kingdom",356.18125,102,40.7017857142857,"4","Loyal Customers","No"
16418,1.25486111111111,30,35948.31,11749,950,3.33422275641026,347.9375,"United Kingdom",1198.277,391.633333333333,11.9545737547893,"2","Champions / High-Value","Yes"
16419,40.0805555555556,3,743.21,159,12,3.46166666666667,251.388194444444,"United Kingdom",247.736666666667,53,105.653819444444,"3","Potential / Occasional","No"
16420,111.15,4,1006.78,419,40,2.3175,270.109027777778,"United Kingdom",251.695,104.75,52.9863425925926,"4","Loyal Customers","No"
16421,1,13,5553.13,1728,189,3.51901477832512,328.209027777778,"United Kingdom",427.163846153846,132.923076923077,27.2674189814815,"2","Champions / High-Value","Yes"
16422,15.59375,4,238.77,156,18,2.15222222222222,299.840277777778,"United Kingdom",59.6925,39,94.7488425925926,"3","Potential / Occasional","No"
16423,84.8,4,1144.9,282,30,3.96633333333333,293.055555555556,"United Kingdom",286.225,70.5,69.4185185185185,"4","Loyal Customers","No"
16424,51.925,1,35.9,14,2,3.07,51.925,"United Kingdom",35.9,14,51.925,"1","At-Risk / Dormant","No"
16425,25.6659722222222,5,947.57,290,36,2.76351351351351,238.635416666667,"United Kingdom",189.514,58,53.2423611111111,"4","Loyal Customers","No"
16426,35.2854166666667,10,2152.56,898,89,3.11537634408602,328.552777777778,"United Kingdom",215.256,89.8,32.585262345679,"4","Loyal Customers","No"
16427,91.2923611111111,2,205.18,110,9,2.44222222222222,161.685416666667,"United Kingdom",102.59,55,70.3930555555556,"3","Potential / Occasional","No"
16428,4.26458333333333,32,43494.71,12669,1003,3.35069821567106,363.651388888889,"United Kingdom",1359.2096875,395.90625,11.5931227598566,"2","Champions / High-Value","Yes"
16429,28.3152777777778,13,6428.59,1739,191,3.3056862745098,287.141666666667,"United Kingdom",494.506923076923,133.769230769231,21.5688657407407,"2","Champions / High-Value","Yes"
16430,61.2326388888889,3,212.74,88,16,2.6525,167.479166666667,"United Kingdom",70.9133333333333,29.3333333333333,53.1232638888889,"3","Potential / Occasional","No"
16431,10.7166666666667,11,5743.89,1645,188,3.03309644670051,277.205555555556,"United Kingdom",522.171818181818,149.545454545455,26.6488888888889,"2","Champions / High-Value","Yes"
16432,32.7069444444444,4,996.35,368,26,2.87307692307692,246.533333333333,"France",249.0875,92,71.275462962963,"4","Loyal Customers","No"
16433,9.16041666666667,10,2613,999,119,3.13046875,264.613888888889,"United Kingdom",261.3,99.9,28.3837191358025,"4","Loyal Customers","No"
16434,4.05138888888889,8,1691.65,554,54,3.73555555555556,297.016666666667,"United Kingdom",211.45625,69.25,41.8521825396825,"4","Loyal Customers","No"
16435,26.2486111111111,9,2854.13,799,89,3.32604395604396,265.344444444444,"United Kingdom",317.125555555556,88.7777777777778,29.8869791666667,"4","Loyal Customers","No"
16436,19.5145833333333,3,434.26,152,17,3.29882352941176,261.307638888889,"United Kingdom",144.753333333333,50.6666666666667,120.896527777778,"3","Potential / Occasional","No"
16437,53.9361111111111,5,1695.38,225,25,3.75,332.749305555556,"United Kingdom",339.076,45,69.7032986111111,"4","Loyal Customers","No"
16438,117.551388888889,7,3598.55,1266,129,3.16610294117647,330.007638888889,"United Kingdom",514.078571428571,180.857142857143,35.409375,"4","Loyal Customers","No"
16439,2.74097222222222,35,40642.31,12185,1032,3.22974852071006,323.075,"United Kingdom",1161.20885714286,348.142857142857,9.42158905228758,"2","Champions / High-Value","Yes"
16440,117.536111111111,1,113.92,39,2,3.39,117.536111111111,"United Kingdom",113.92,39,117.536111111111,"1","At-Risk / Dormant","No"
16441,6.93055555555556,5,813.94,283,34,3.19558823529412,349.974305555556,"United Kingdom",162.788,56.6,85.7609375,"4","Loyal Customers","No"
16442,171.30625,2,987.27,114,11,2.84181818181818,284.684027777778,"United Kingdom",493.635,57,113.377777777778,"3","Potential / Occasional","No"
16443,36.8868055555556,4,1012.92,380,36,3.32722222222222,262.329166666667,"United Kingdom",253.23,95,75.1474537037037,"4","Loyal Customers","No"
16444,74.6972222222222,6,1405.6,320,41,3.9902380952381,260.598611111111,"Germany",234.266666666667,53.3333333333333,37.1802777777778,"4","Loyal Customers","No"
16445,42.8888888888889,7,5746.54,1148,100,3.95679245283019,308.557638888889,"United Kingdom",820.934285714286,164,44.278125,"2","Champions / High-Value","Yes"
16446,209.874305555556,1,123.75,27,3,5.07,209.874305555556,"United Kingdom",123.75,27,209.874305555556,"3","Potential / Occasional","No"
16447,16.1819444444444,6,2170.34,658,75,2.77333333333333,232.785416666667,"United Kingdom",361.723333333333,109.666666666667,43.3206944444444,"4","Loyal Customers","No"
16448,26.4986111111111,3,571.03,150,19,2.90210526315789,226.420833333333,"United Kingdom",190.343333333333,50,99.9611111111111,"3","Potential / Occasional","No"
16449,27.2159722222222,10,2785.61,900,89,3.83488888888889,355.656944444444,"United Kingdom",278.561,90,36.4934413580247,"4","Loyal Customers","No"
16450,10.1916666666667,4,238.68,79,11,2.75545454545455,201.736805555556,"United Kingdom",59.67,19.75,63.8483796296296,"3","Potential / Occasional","No"
16451,28.9819444444444,16,7550.61,2552,259,2.99262411347518,371.136111111111,"United Kingdom",471.913125,159.5,22.8102777777778,"2","Champions / High-Value","Yes"
16452,82.875,3,209.5,81,8,2.98625,229.542361111111,"United Kingdom",69.8333333333333,27,73.3336805555556,"3","Potential / Occasional","No"
16453,21.8243055555556,11,4775.75,1425,163,3.08744318181818,327.590277777778,"United Kingdom",434.159090909091,129.545454545455,30.5765972222222,"2","Champions / High-Value","Yes"
16454,105.745833333333,5,2050.57,637,66,3.58955882352941,275.615972222222,"United Kingdom",410.114,127.4,42.4675347222222,"4","Loyal Customers","No"
16455,54.7131944444444,4,168.67,116,16,1.2675,239.280555555556,"United Kingdom",42.1675,29,61.5224537037037,"3","Potential / Occasional","No"
16456,94.2388888888889,3,864.83,197,19,3.89473684210526,172.863888888889,"United Kingdom",288.276666666667,65.6666666666667,39.3125,"3","Potential / Occasional","No"
16457,2.3875,7,1565.88,537,58,3.06083333333333,204.447222222222,"United Kingdom",223.697142857143,76.7142857142857,33.6766203703704,"4","Loyal Customers","No"
16458,6.01388888888889,12,1791.27,729,100,2.85168316831683,355.3125,"United Kingdom",149.2725,60.75,31.7544191919192,"4","Loyal Customers","No"
16459,8.33611111111111,22,25574.47,7227,652,3.302775,359.713888888889,"United Kingdom",1162.47590909091,328.5,16.7322751322751,"2","Champions / High-Value","Yes"
16460,12.6798611111111,8,888.69,308,44,2.69702127659574,322.204166666667,"United Kingdom",111.08625,38.5,44.2177579365079,"4","Loyal Customers","No"
16461,40.9034722222222,5,1090.81,446,50,2.6512,334.490277777778,"United Kingdom",218.162,89.2,73.3967013888889,"4","Loyal Customers","No"
16462,51.0131944444444,3,709.1,450,39,2.37975,216.080555555556,"United Kingdom",236.366666666667,150,82.5336805555555,"4","Loyal Customers","No"
16463,14.8409722222222,5,533.2,107,16,4.23647058823529,255.784722222222,"United Kingdom",106.64,21.4,60.2359375,"3","Potential / Occasional","No"
16464,48.1979166666667,4,658.25,222,20,3.178,181.860416666667,"United Kingdom",164.5625,55.5,44.5541666666667,"3","Potential / Occasional","No"
16465,38.6083333333333,10,3162.98,750,77,3.54425,293.95,"United Kingdom",316.298,75,28.3712962962963,"4","Loyal Customers","No"
16466,1.69513888888889,34,42784.71,13259,1110,3.26809128630705,324.802777777778,"United Kingdom",1258.37382352941,389.970588235294,9.79114057239057,"2","Champions / High-Value","Yes"
16467,22.4458333333333,19,19441.63,4815,426,3.58723140495868,348.718055555556,"United Kingdom",1023.24368421053,253.421052631579,18.1262345679012,"2","Champions / High-Value","Yes"
16468,13.0930555555556,8,3790.43,1291,109,3.15300884955752,351.666666666667,"United Kingdom",473.80375,161.375,48.3676587301587,"2","Champions / High-Value","Yes"
16469,76.875,6,2013.22,443,47,3.52617021276596,260.288194444444,"United Kingdom",335.536666666667,73.8333333333333,36.6826388888889,"4","Loyal Customers","No"
16470,15.54375,6,2313.56,758,58,3.88338983050847,285.779166666667,"United Kingdom",385.593333333333,126.333333333333,54.0470833333333,"4","Loyal Customers","No"
16471,57.7673611111111,7,1290.51,514,60,2.65396825396825,290.047916666667,"United Kingdom",184.358571428571,73.4285714285714,38.7134259259259,"4","Loyal Customers","No"
16472,135.061805555556,4,522.24,138,26,3.75076923076923,320.902777777778,"United Kingdom",130.56,34.5,61.9469907407407,"3","Potential / Occasional","No"
16473,103.745833333333,6,886.49,260,37,3.21486486486487,363.084722222222,"United Kingdom",147.748333333333,43.3333333333333,51.8677777777778,"4","Loyal Customers","No"
16474,71.6215277777778,2,220.29,98,9,2.75222222222222,92.4506944444445,"United Kingdom",110.145,49,20.8291666666667,"3","Potential / Occasional","No"
16475,64.6069444444445,2,170.33,36,8,4.34,145.928472222222,"United Kingdom",85.165,18,81.3215277777778,"1","At-Risk / Dormant","No"
16476,120.834027777778,4,768.59,286,29,3.21724137931034,330.040277777778,"United Kingdom",192.1475,71.5,69.7354166666667,"3","Potential / Occasional","No"
16477,54.7118055555556,1,87.83,60,5,1.616,54.7118055555556,"United Kingdom",87.83,60,54.7118055555556,"1","At-Risk / Dormant","No"
16478,7.31736111111111,6,536.49,245,28,2.74785714285714,215.265972222222,"United Kingdom",89.415,40.8333333333333,41.5897222222222,"4","Loyal Customers","No"
16479,17.51875,35,187724.1,25620,1108,3.53646408839779,372.557638888889,"United Kingdom",5363.54571428571,732,10.4423202614379,"2","Champions / High-Value","Yes"
16480,153.570138888889,2,135.35,82,7,2.75428571428571,166.140972222222,"United Kingdom",67.675,41,12.5708333333333,"3","Potential / Occasional","No"
16481,146.888194444444,3,491.31,133,15,3.12266666666667,220.417361111111,"United Kingdom",163.77,44.3333333333333,36.7645833333333,"3","Potential / Occasional","No"
16482,9.70833333333333,10,2842.57,977,102,3.30107843137255,292.227777777778,"Australia",284.257,97.7,31.391049382716,"4","Loyal Customers","No"
16483,26.5993055555556,4,309.05,132,13,2.61538461538462,193.156944444444,"United Kingdom",77.2625,33,55.519212962963,"3","Potential / Occasional","No"
16484,26.2520833333333,12,5446.48,1693,182,3.46791666666667,259.704861111111,"France",453.873333333333,141.083333333333,21.2229797979798,"2","Champions / High-Value","Yes"
16485,51.2715277777778,4,473.85,204,25,2.886,342.401388888889,"United Kingdom",118.4625,51,97.043287037037,"3","Potential / Occasional","No"
16486,31.6701388888889,7,2176.91,728,74,2.826,349.180555555556,"United Kingdom",310.987142857143,104,52.9184027777778,"4","Loyal Customers","No"
16487,51.4375,3,342.16,167,14,2.165,199.835416666667,"United Kingdom",114.053333333333,55.6666666666667,74.1989583333333,"3","Potential / Occasional","No"
16488,124.139583333333,3,390.65,165,25,2.2324,258.166666666667,"United Kingdom",130.216666666667,55,67.0135416666667,"3","Potential / Occasional","No"
16489,125.153472222222,1,441.31,62,5,4.02,125.153472222222,"United Kingdom",441.31,62,125.153472222222,"3","Potential / Occasional","No"
16490,97.3590277777778,2,233.41,54,3,8.84666666666667,241.977777777778,"United Kingdom",116.705,27,144.61875,"3","Potential / Occasional","No"
16491,46.21875,11,3738.83,1206,127,3.52746153846154,338.802083333333,"United Kingdom",339.893636363636,109.636363636364,29.2583333333333,"4","Loyal Customers","No"
16492,22.5256944444444,6,1258.69,299,34,2.57657142857143,276.546527777778,"United Kingdom",209.781666666667,49.8333333333333,50.8041666666667,"4","Loyal Customers","No"
16493,52.9791666666667,2,188.27,94,9,2.61444444444444,202.534027777778,"United Kingdom",94.135,47,149.554861111111,"3","Potential / Occasional","No"
16495,58.2833333333333,3,435.9,125,11,3.45545454545455,187.179861111111,"United Kingdom",145.3,41.6666666666667,64.4482638888889,"3","Potential / Occasional","No"
16496,131.054861111111,3,343.29,109,17,3.10941176470588,220.294444444444,"United Kingdom",114.43,36.3333333333333,44.6197916666667,"3","Potential / Occasional","No"
16497,12.5326388888889,16,8300.98,2579,293,2.94811728395062,318.034722222222,"United Kingdom",518.81125,161.1875,20.3668055555556,"2","Champions / High-Value","Yes"
16498,30.0034722222222,1,118.56,43,6,3.33833333333333,30.0034722222222,"United Kingdom",118.56,43,30.0034722222222,"1","At-Risk / Dormant","No"
16499,111.167361111111,2,298.6,88,9,3.08777777777778,264.778472222222,"United Kingdom",149.3,44,153.611111111111,"3","Potential / Occasional","No"
16500,25.9034722222222,19,16135.57,4700,479,3.395770609319,343.602083333333,"EIRE",849.240526315789,247.368421052632,17.6499228395062,"2","Champions / High-Value","Yes"
16501,41.3229166666667,7,316338,74567,47,3.75063829787234,203.861111111111,"United Kingdom",45191.1428571429,10652.4285714286,27.0896990740741,"2","Champions / High-Value","Yes"
16502,1.83402777777778,4,1097.69,368,41,3.53857142857143,269.470833333333,"United Kingdom",274.4225,92,89.2122685185185,"4","Loyal Customers","No"
16503,2.175,19,7404.6,2499,264,2.97411971830986,336.099305555556,"United Kingdom",389.715789473684,131.526315789474,18.551350308642,"2","Champions / High-Value","Yes"
16504,22.2208333333333,4,1588.9,345,27,2.83428571428571,266.138888888889,"United Kingdom",397.225,86.25,81.3060185185185,"4","Loyal Customers","No"
16505,343.364583333333,1,47.97,29,4,1.6975,343.364583333333,"United Kingdom",47.97,29,343.364583333333,"1","At-Risk / Dormant","No"
16506,43.0159722222222,9,2517.08,1049,89,3.16277777777778,308.622916666667,"United Kingdom",279.675555555556,116.555555555556,33.2008680555556,"4","Loyal Customers","No"
16507,64.6993055555556,3,777.01,186,18,4.72888888888889,295.730555555556,"United Kingdom",259.003333333333,62,115.515625,"3","Potential / Occasional","No"
16508,17.3951388888889,9,4061.71,1220,118,3.32666666666667,331.208333333333,"United Kingdom",451.301111111111,135.555555555556,39.2266493055556,"2","Champions / High-Value","Yes"
16509,61.96875,2,225.93,97,9,3.00222222222222,63.1611111111111,"United Kingdom",112.965,48.5,1.19236111111111,"3","Potential / Occasional","No"
16510,8.74097222222222,2,142.48,39,8,3.27875,152.484722222222,"United Kingdom",71.24,19.5,143.74375,"1","At-Risk / Dormant","No"
16511,8.11041666666667,12,5158.05,1708,159,3.15382352941176,296.006944444444,"United Kingdom",429.8375,142.333333333333,26.1724116161616,"2","Champions / High-Value","Yes"
16512,12.1729166666667,15,5012.88,1689,176,3.24978494623656,312.793055555556,"United Kingdom",334.192,112.6,21.4728670634921,"2","Champions / High-Value","Yes"
16513,28.6777777777778,5,448.1,62,10,6.206,279.111111111111,"United Kingdom",89.62,12.4,62.6083333333333,"3","Potential / Occasional","No"
16514,57.7020833333333,1,166.84,81,5,2.404,57.7020833333333,"United Kingdom",166.84,81,57.7020833333333,"3","Potential / Occasional","No"
16515,98.0076388888889,3,325.74,119,13,1.78230769230769,176.420138888889,"United Kingdom",108.58,39.6666666666667,39.20625,"3","Potential / Occasional","No"
16516,17.1625,1,146.17,72,5,3.436,17.1625,"United Kingdom",146.17,72,17.1625,"1","At-Risk / Dormant","No"
16517,61.7034722222222,6,1397.19,420,52,3.84735849056604,263.086805555556,"Spain",232.865,70,40.2766666666667,"4","Loyal Customers","No"
16518,47.0875,8,2704.07,766,91,3.50257731958763,313.121527777778,"United Kingdom",338.00875,95.75,38.0048611111111,"4","Loyal Customers","No"
16519,40.4576388888889,8,3653.68,1198,104,3.27302752293578,297.417361111111,"United Kingdom",456.71,149.75,36.7085317460317,"4","Loyal Customers","No"
16520,79.5145833333333,6,1403.84,324,46,4.25913043478261,356.980555555556,"United Kingdom",233.973333333333,54,55.4931944444444,"4","Loyal Customers","No"
16521,48.2722222222222,2,344.17,67,10,5.412,84.14375,"United Kingdom",172.085,33.5,35.8715277777778,"3","Potential / Occasional","No"
16522,2.00833333333333,22,32553.88,8280,689,3.57818700114025,272.547222222222,"United Kingdom",1479.72181818182,376.363636363636,12.8828042328042,"2","Champions / High-Value","Yes"
16523,24.4958333333333,1,39.8,21,3,2.05333333333333,24.4958333333333,"United Kingdom",39.8,21,24.4958333333333,"1","At-Risk / Dormant","No"
16524,49.5673611111111,5,1216.69,274,27,3.15037037037037,214.2375,"United Kingdom",243.338,54.8,41.1675347222222,"4","Loyal Customers","No"
16525,53.0395833333333,9,2760.3,1056,99,2.3819,280.756944444444,"United Kingdom",306.7,117.333333333333,28.4646701388889,"4","Loyal Customers","No"
16526,28.1,6,610.69,189,34,3.81228571428571,273.842361111111,"Germany",101.781666666667,31.5,49.1484722222222,"4","Loyal Customers","No"
16527,170.590277777778,1,58.41,59,1,0.99,170.590277777778,"United Kingdom",58.41,59,170.590277777778,"1","At-Risk / Dormant","No"
16528,29.4472222222222,5,1041.29,276,26,3.46653846153846,192.519444444444,"United Kingdom",208.258,55.2,40.7680555555556,"4","Loyal Customers","No"
16529,4.24097222222222,11,3222.79,1111,106,2.43928571428571,278.654861111111,"United Kingdom",292.980909090909,101,27.4413888888889,"4","Loyal Customers","No"
16530,3.83194444444444,6,1114.03,359,58,3.49568965517241,256.672222222222,"Germany",185.671666666667,59.8333333333333,50.5680555555556,"4","Loyal Customers","No"
16531,8.05416666666667,39,40299.83,12436,1034,3.25148283418554,344.595833333333,"United Kingdom",1033.32897435897,318.871794871795,8.85635964912281,"2","Champions / High-Value","Yes"
16532,1.04236111111111,7,1649.39,541,66,3.10257575757576,269.422916666667,"United Kingdom",235.627142857143,77.2857142857143,44.7300925925926,"4","Loyal Customers","No"
16533,29.0069444444444,1,3.96,4,1,0.99,29.0069444444444,"United Kingdom",3.96,4,29.0069444444444,"1","At-Risk / Dormant","No"
16534,78.5083333333333,5,2327.49,497,40,3.65073170731707,329.824305555556,"United Kingdom",465.498,99.4,62.8289930555556,"4","Loyal Customers","No"
16535,59.1166666666667,4,675.01,173,14,5.25857142857143,310.01875,"United Kingdom",168.7525,43.25,83.6340277777778,"3","Potential / Occasional","No"
16536,5.575,12,3667.53,1127,154,3.14596273291925,354.452777777778,"United Kingdom",305.6275,93.9166666666667,31.7161616161616,"2","Champions / High-Value","Yes"
16537,25.0361111111111,11,4712.32,1490,171,3.31234972677596,327.325694444444,"United Kingdom",428.392727272727,135.454545454545,30.2289583333333,"2","Champions / High-Value","Yes"
16538,40.9458333333333,17,8422.8,2624,288,3.09097791798107,333.002083333333,"United Kingdom",495.458823529412,154.352941176471,18.253515625,"2","Champions / High-Value","Yes"
16539,208.611805555556,2,775.07,150,10,4.459,261.832638888889,"United Kingdom",387.535,75,53.2208333333333,"3","Potential / Occasional","No"
16540,241.390277777778,1,17.7,10,2,1.77,241.390277777778,"United Kingdom",17.7,10,241.390277777778,"1","At-Risk / Dormant","No"
16541,29.7319444444444,4,1154.22,305,27,3.6362962962963,330.831944444444,"United Kingdom",288.555,76.25,100.366666666667,"4","Loyal Customers","No"
16542,109.421527777778,5,741.36,209,31,3.60645161290323,346.546527777778,"United Kingdom",148.272,41.8,59.28125,"3","Potential / Occasional","No"
16543,59.2340277777778,3,291.95,106,11,3.13181818181818,184.206944444444,"United Kingdom",97.3166666666667,35.3333333333333,62.4864583333333,"3","Potential / Occasional","No"
16544,97.7305555555556,10,5689.26,1769,162,3.1171511627907,299.296527777778,"United Kingdom",568.926,176.9,22.3962191358025,"2","Champions / High-Value","Yes"
16545,60.6555555555556,3,587.8,186,19,2.65,194.122222222222,"United Kingdom",195.933333333333,62,66.7333333333333,"3","Potential / Occasional","No"
16546,17.9722222222222,20,11426.42,3448,380,3.16810096153846,356.259027777778,"United Kingdom",571.321,172.4,17.8045687134503,"2","Champions / High-Value","Yes"
16547,30.8125,11,3891.26,1192,124,2.92,371.46875,"United Kingdom",353.750909090909,108.363636363636,34.065625,"4","Loyal Customers","No"
16548,24.675,8,2414.27,938,91,3.00659340659341,248.727083333333,"United Kingdom",301.78375,117.25,32.0074404761905,"4","Loyal Customers","No"
16549,118.527083333333,1,33.81,11,2,3.125,118.527083333333,"United Kingdom",33.81,11,118.527083333333,"1","At-Risk / Dormant","No"
16550,41.0444444444444,10,4352.36,1357,141,3.86829931972789,335.865972222222,"France",435.236,135.7,32.7579475308642,"2","Champions / High-Value","Yes"
16551,2.73125,9,3292.29,868,98,3.2168,274.2375,"United Kingdom",365.81,96.4444444444444,33.93828125,"4","Loyal Customers","No"
16552,34.2340277777778,3,154.84,51,8,3.0075,133.284722222222,"United Kingdom",51.6133333333333,17,49.5253472222222,"1","At-Risk / Dormant","No"
16553,61.5729166666667,4,316.49,133,15,2.72529411764706,224.159027777778,"United Kingdom",79.1225,33.25,54.1953703703704,"3","Potential / Occasional","No"
16554,11.5152777777778,14,6144.14,1853,183,3.34422110552764,335.71875,"United Kingdom",438.867142857143,132.357142857143,24.9387286324786,"2","Champions / High-Value","Yes"
16555,50.7041666666667,3,871.89,168,17,3.57470588235294,155.006944444444,"United Kingdom",290.63,56,52.1513888888889,"3","Potential / Occasional","No"
16556,19.1090277777778,17,6391.3,2181,210,3.35660792951542,319.321527777778,"United Kingdom",375.958823529412,128.294117647059,18.76328125,"2","Champions / High-Value","Yes"
16557,90.3944444444444,1,113.27,37,6,3.035,90.3944444444444,"United Kingdom",113.27,37,90.3944444444444,"1","At-Risk / Dormant","No"
16558,11.9451388888889,8,1695.74,786,74,2.22076923076923,335.942361111111,"United Kingdom",211.9675,98.25,46.2853174603175,"4","Loyal Customers","No"
16559,8.76458333333333,5,1538.07,393,38,2.92157894736842,188.469444444444,"United Kingdom",307.614,78.6,44.9262152777778,"4","Loyal Customers","No"
16560,15.88125,6,1116.62,328,37,3.65783783783784,224.020138888889,"United Kingdom",186.103333333333,54.6666666666667,41.6277777777778,"4","Loyal Customers","No"
16561,154.942361111111,5,249.49,103,17,2.41105263157895,321.836805555556,"United Kingdom",49.898,20.6,41.7236111111111,"3","Potential / Occasional","No"
16562,5.02569444444444,22,22333.25,6465,583,3.25264663805436,339.590277777778,"United Kingdom",1015.14772727273,293.863636363636,15.9316468253968,"2","Champions / High-Value","Yes"
16563,9.22916666666667,7,3279.26,750,82,3.61940476190476,275.559722222222,"United Kingdom",468.465714285714,107.142857142857,44.3884259259259,"4","Loyal Customers","No"
16564,23,6,383.05,186,33,2.15636363636364,294.140277777778,"United Kingdom",63.8416666666667,31,54.2280555555556,"3","Potential / Occasional","No"
16565,39.9493055555556,8,1953.57,601,61,3.80449275362319,317.184722222222,"United Kingdom",244.19625,75.125,39.6050595238095,"4","Loyal Customers","No"
16566,93.3923611111111,4,383.04,99,19,3.85210526315789,175.471527777778,"United Kingdom",95.76,24.75,27.3597222222222,"3","Potential / Occasional","No"
16567,78.0215277777778,7,1504.7,412,44,3.96630434782609,204.225694444444,"United Kingdom",214.957142857143,58.8571428571429,21.0340277777778,"4","Loyal Customers","No"
16568,34.9041666666667,2,584.06,119,8,6.42,39.7152777777778,"United Kingdom",292.03,59.5,4.81111111111111,"3","Potential / Occasional","No"
16569,2.49097222222222,3,490.09,244,18,2.6,293.818055555556,"United Kingdom",163.363333333333,81.3333333333333,145.663541666667,"4","Loyal Customers","No"
16570,20.0409722222222,13,4123.8,1646,152,2.5944578313253,369.476388888889,"United Kingdom",317.215384615385,126.615384615385,29.1196180555556,"2","Champions / High-Value","Yes"
16571,76.6902777777778,4,655.4,218,25,3.416,272.685416666667,"Denmark",163.85,54.5,65.331712962963,"3","Potential / Occasional","No"
16572,57.4270833333333,6,1804.34,407,45,3.92355555555556,178.840277777778,"United Kingdom",300.723333333333,67.8333333333333,24.2826388888889,"4","Loyal Customers","No"
16573,13.2222222222222,17,12189.88,3603,341,3.29533333333333,331.647916666667,"United Kingdom",717.051764705882,211.941176470588,19.9016059027778,"2","Champions / High-Value","Yes"
16574,7.08472222222222,11,3647.27,1221,117,3.51262295081967,179.884027777778,"United Kingdom",331.57,111,17.2799305555556,"2","Champions / High-Value","Yes"
16575,114.270138888889,2,49.2,21,6,2.52833333333333,123.371527777778,"United Kingdom",24.6,10.5,9.10138888888888,"1","At-Risk / Dormant","No"
16576,37.8118055555556,6,3623.09,706,65,3.96318181818182,369.019444444444,"United Kingdom",603.848333333333,117.666666666667,66.2415277777778,"4","Loyal Customers","No"
16577,115.661805555556,3,254,114,19,2.17789473684211,234.744444444444,"United Kingdom",84.6666666666667,38,59.5413194444444,"3","Potential / Occasional","No"
16578,216.430555555556,1,313.64,85,5,9.782,216.430555555556,"United Kingdom",313.64,85,216.430555555556,"3","Potential / Occasional","No"
16579,80.6055555555556,4,1392.61,267,27,4.10148148148148,283.296527777778,"United Kingdom",348.1525,66.75,67.5636574074074,"4","Loyal Customers","No"
16580,12.8819444444444,11,4101.48,1198,122,3.41492063492064,296.877083333333,"United Kingdom",372.861818181818,108.909090909091,28.3995138888889,"2","Champions / High-Value","Yes"
16581,56.7555555555556,4,266.77,94,16,3.094375,252.036111111111,"United Kingdom",66.6925,23.5,65.0935185185185,"3","Potential / Occasional","No"
16582,21.8875,4,1881.29,571,41,4.47536585365854,358.507638888889,"United Kingdom",470.3225,142.75,112.206712962963,"4","Loyal Customers","No"
16583,117.652777777778,1,85.56,32,7,2.64285714285714,117.652777777778,"United Kingdom",85.56,32,117.652777777778,"1","At-Risk / Dormant","No"
16584,99.4006944444444,3,278.2,71,12,3.87583333333333,278.002777777778,"United Kingdom",92.7333333333333,23.6666666666667,89.3010416666667,"3","Potential / Occasional","No"
16585,32.3097222222222,3,320.29,119,19,3.09894736842105,81.9395833333333,"United Kingdom",106.763333333333,39.6666666666667,24.8149305555556,"3","Potential / Occasional","No"
16586,55.6097222222222,4,431.23,226,28,2.46107142857143,150.434722222222,"United Kingdom",107.8075,56.5,31.6083333333333,"3","Potential / Occasional","No"
16587,42.04375,1,26.56,16,3,1.57,42.04375,"United Kingdom",26.56,16,42.04375,"1","At-Risk / Dormant","No"
16588,18.975,3,378.65,90,8,3.5575,120.429166666667,"United Kingdom",126.216666666667,30,50.7270833333333,"3","Potential / Occasional","No"
16589,51.0458333333333,3,650.14,234,30,2.784,154.504166666667,"United Kingdom",216.713333333333,78,51.7291666666667,"3","Potential / Occasional","No"
16590,149.845833333333,2,153.1,58,9,3.56222222222222,168.004166666667,"United Kingdom",76.55,29,18.1583333333333,"3","Potential / Occasional","No"
16591,13.6923611111111,10,3488.11,800,101,3.62718446601942,275.979861111111,"United Kingdom",348.811,80,29.1430555555556,"4","Loyal Customers","No"
16592,61.0520833333333,2,145.45,45,9,3.11111111111111,88.0979166666667,"United Kingdom",72.725,22.5,27.0458333333333,"1","At-Risk / Dormant","No"
16593,168.095833333333,2,799.39,160,12,3.41916666666667,349.497916666667,"United Kingdom",399.695,80,181.402083333333,"3","Potential / Occasional","No"
16594,315.00625,1,504.74,177,17,3.02058823529412,315.00625,"Spain",504.74,177,315.00625,"3","Potential / Occasional","No"
16595,179.324305555556,3,513.58,182,15,3.58066666666667,341.909722222222,"United Kingdom",171.193333333333,60.6666666666667,81.2927083333333,"3","Potential / Occasional","No"
16596,26.5465277777778,5,871.12,227,29,3.409,300.606944444444,"United Kingdom",174.224,45.4,68.5151041666667,"4","Loyal Customers","No"
16597,27.5305555555556,9,4854.61,1030,111,3.46418803418803,365.827083333333,"United Kingdom",539.401111111111,114.444444444444,42.2870659722222,"2","Champions / High-Value","Yes"
16598,329.639583333333,1,30.28,22,3,1.56333333333333,329.639583333333,"Germany",30.28,22,329.639583333333,"1","At-Risk / Dormant","No"
16599,206.171527777778,1,49.88,16,2,2.78,206.171527777778,"Norway",49.88,16,206.171527777778,"1","At-Risk / Dormant","No"
16601,6.00902777777778,9,3105.02,985,113,2.99290598290598,348.993055555556,"United Kingdom",345.002222222222,109.444444444444,42.8730034722222,"4","Loyal Customers","No"
16602,4.63680555555556,9,2375.47,741,66,3.53724637681159,270.478472222222,"United Kingdom",263.941111111111,82.3333333333333,33.2302083333333,"4","Loyal Customers","No"
16603,57.6277777777778,8,2886.68,891,94,3.19316326530612,354.336111111111,"United Kingdom",360.835,111.375,42.3869047619048,"4","Loyal Customers","No"
16604,99.1868055555556,4,513.4,66,9,9.60555555555556,147.338888888889,"United Kingdom",128.35,16.5,16.0506944444444,"3","Potential / Occasional","No"
16605,168.970138888889,3,122.49,56,10,2.073,279.399305555556,"Germany",40.83,18.6666666666667,55.2145833333333,"3","Potential / Occasional","No"
16606,51.7944444444444,3,224.84,113,12,3.15416666666667,191.984027777778,"United Kingdom",74.9466666666667,37.6666666666667,70.0947916666667,"3","Potential / Occasional","No"
16607,39.2006944444444,13,4611.29,1356,152,3.63670807453416,316.881944444444,"United Kingdom",354.714615384615,104.307692307692,23.1401041666667,"2","Champions / High-Value","Yes"
16609,93.5458333333333,2,183.72,117,6,2.43666666666667,114.086805555556,"United Kingdom",91.86,58.5,20.5409722222222,"3","Potential / Occasional","No"
16610,30.3298611111111,6,732.01,382,38,2.23075,339.006944444444,"United Kingdom",122.001666666667,63.6666666666667,61.7354166666667,"4","Loyal Customers","No"
16611,26.0375,10,2483.06,803,91,3.18627659574468,326.827777777778,"United Kingdom",248.306,80.3,33.4211419753086,"4","Loyal Customers","No"
16612,9.8875,8,1293.58,405,52,3.47509433962264,279.202083333333,"United Kingdom",161.6975,50.625,38.4735119047619,"4","Loyal Customers","No"
16613,30.2958333333333,11,6839.88,1782,166,3.30307262569832,349.281944444444,"United Kingdom",621.807272727273,162,31.8986111111111,"2","Champions / High-Value","Yes"
16614,42.2680555555556,2,657.83,232,16,3.21125,186.094444444444,"United Kingdom",328.915,116,143.826388888889,"3","Potential / Occasional","No"
16615,205.291666666667,4,2533.58,705,69,3.605,348.160416666667,"United Kingdom",633.395,176.25,47.6229166666667,"4","Loyal Customers","No"
16616,57.2034722222222,6,1105.58,340,44,2.8875,251.620138888889,"United Kingdom",184.263333333333,56.6666666666667,38.8833333333333,"4","Loyal Customers","No"
16617,56.4402777777778,2,1140.1,344,24,3.2812,116.579166666667,"United Kingdom",570.05,172,60.1388888888889,"4","Loyal Customers","No"
16618,16.0965277777778,2,294.72,105,10,3.295,167.341666666667,"United Kingdom",147.36,52.5,151.245138888889,"3","Potential / Occasional","No"
16619,7.29027777777778,5,859.28,243,15,4.066,110.258333333333,"United Kingdom",171.856,48.6,25.7420138888889,"4","Loyal Customers","No"
16620,122.204861111111,3,891.38,337,26,2.95153846153846,327.647916666667,"United Kingdom",297.126666666667,112.333333333333,102.721527777778,"4","Loyal Customers","No"
16621,44.1875,6,644.02,253,36,2.54694444444444,274.275694444444,"United Kingdom",107.336666666667,42.1666666666667,46.0176388888889,"4","Loyal Customers","No"
16622,48.6743055555556,2,244.97,115,13,2.41692307692308,327.938888888889,"United Kingdom",122.485,57.5,279.264583333333,"3","Potential / Occasional","No"
16623,45.9513888888889,5,1049.96,295,32,2.776875,200.761111111111,"United Kingdom",209.992,59,38.7024305555556,"4","Loyal Customers","No"
16624,22.2118055555556,6,994.77,331,38,3.38275,296.18125,"United Kingdom",165.795,55.1666666666667,54.7938888888889,"4","Loyal Customers","No"
16625,11.3208333333333,4,524.56,132,23,4.45565217391304,269.228472222222,"United Kingdom",131.14,33,85.969212962963,"3","Potential / Occasional","No"
16626,207.284027777778,3,481.65,138,15,2.70866666666667,328.955555555556,"United Kingdom",160.55,46,60.8357638888889,"3","Potential / Occasional","No"
16627,32.7555555555556,9,1190.69,372,49,3.23244897959184,213.140972222222,"United Kingdom",132.298888888889,41.3333333333333,22.5481770833333,"4","Loyal Customers","No"
16628,150.652777777778,2,227.6,71,12,3.02,212.58125,"United Kingdom",113.8,35.5,61.9284722222222,"3","Potential / Occasional","No"
16629,13.5027777777778,15,10527.86,2665,283,3.79291139240506,322.402083333333,"United Kingdom",701.857333333333,177.666666666667,22.0642361111111,"2","Champions / High-Value","Yes"
16630,153.477083333333,3,548.01,137,16,4.04625,296.88125,"United Kingdom",182.67,45.6666666666667,71.7020833333333,"3","Potential / Occasional","No"
16631,3.96388888888889,9,1485.03,538,63,3.12212121212121,351.116666666667,"United Kingdom",165.003333333333,59.7777777777778,43.3940972222222,"4","Loyal Customers","No"
16632,27.1402777777778,3,568.18,213,15,2.37933333333333,165.454861111111,"United Kingdom",189.393333333333,71,69.1572916666667,"3","Potential / Occasional","No"
16633,271.425694444444,2,653.57,234,13,2.35461538461538,274.206944444444,"United Kingdom",326.785,117,2.78125,"3","Potential / Occasional","No"
16634,3.42638888888889,32,39375.41,11629,946,3.29753026634383,360.570833333333,"United Kingdom",1230.4815625,363.40625,11.5207885304659,"2","Champions / High-Value","Yes"
16635,23.9604166666667,6,1678.25,337,36,4.63555555555556,91.3701388888889,"United Kingdom",279.708333333333,56.1666666666667,13.4819444444444,"4","Loyal Customers","No"
16636,41.5979166666667,4,733.55,154,18,3.26722222222222,288.0625,"United Kingdom",183.3875,38.5,82.1548611111111,"3","Potential / Occasional","No"
16637,6.02430555555556,4,554.47,198,18,2.72444444444444,198.894444444444,"United Kingdom",138.6175,49.5,64.2900462962963,"4","Loyal Customers","No"
16638,23.9631944444444,3,169.97,57,10,3.116,208.4375,"United Kingdom",56.6566666666667,19,92.2371527777778,"3","Potential / Occasional","No"
16639,3.06944444444444,3,589.32,172,25,5.1324,338.655555555556,"United Kingdom",196.44,57.3333333333333,167.793055555556,"4","Loyal Customers","No"
16640,31.0402777777778,9,1572.68,623,76,2.5725974025974,361.061111111111,"United Kingdom",174.742222222222,69.2222222222222,41.2526041666667,"4","Loyal Customers","No"
16641,56.4784722222222,5,474.76,131,18,3.20722222222222,174.578472222222,"United Kingdom",94.952,26.2,29.525,"3","Potential / Occasional","No"
16642,111.177083333333,2,109.15,37,8,2.8325,323.643055555556,"United Kingdom",54.575,18.5,212.465972222222,"3","Potential / Occasional","No"
16643,159.413888888889,3,351.54,126,13,3.58615384615385,208.938888888889,"United Kingdom",117.18,42,24.7625,"3","Potential / Occasional","No"
16644,3.71388888888889,13,6226.36,1737,198,3.26971428571429,357.2,"United Kingdom",478.950769230769,133.615384615385,29.4571759259259,"2","Champions / High-Value","Yes"
16645,220.436805555556,1,177.81,73,6,3.79666666666667,220.436805555556,"United Kingdom",177.81,73,220.436805555556,"3","Potential / Occasional","No"
16646,22.00625,24,30304.58,9020,802,3.38661306532663,322.841666666667,"United Kingdom",1262.69083333333,375.833333333333,13.0798007246377,"2","Champions / High-Value","Yes"
16647,222.850694444444,1,57.16,23,3,2.73666666666667,222.850694444444,"United Kingdom",57.16,23,222.850694444444,"1","At-Risk / Dormant","No"
16648,142.911111111111,8,1374.73,596,69,2.65414285714286,284.301388888889,"Germany",171.84125,74.5,20.1986111111111,"4","Loyal Customers","No"
16649,34.4388888888889,18,8611.49,3127,322,2.75687679083095,328.445138888889,"United Kingdom",478.416111111111,173.722222222222,17.2944852941176,"2","Champions / High-Value","Yes"
16650,17.6215277777778,4,671.7,277,23,3.27913043478261,189.05625,"United Kingdom",167.925,69.25,57.1449074074074,"4","Loyal Customers","No"
16651,24.5625,4,250.95,145,16,2.293125,168.111111111111,"United Kingdom",62.7375,36.25,47.849537037037,"3","Potential / Occasional","No"
16652,52.2458333333333,4,196.85,130,12,1.98416666666667,332.869444444444,"United Kingdom",49.2125,32.5,93.5412037037037,"3","Potential / Occasional","No"
16653,73.4027777777778,6,894.56,476,38,2.02128205128205,223.4125,"United Kingdom",149.093333333333,79.3333333333333,30.0019444444444,"4","Loyal Customers","No"
16654,64.1173611111111,7,1664.82,531,50,3.21403846153846,255.947222222222,"United Kingdom",237.831428571429,75.8571428571429,31.9716435185185,"4","Loyal Customers","No"
16655,55.025,8,2337.3,768,78,2.779375,301.695833333333,"United Kingdom",292.1625,96,35.2386904761905,"4","Loyal Customers","No"
16656,22.9611111111111,7,1892.52,807,67,2.54428571428571,337.586805555556,"United Kingdom",270.36,115.285714285714,52.4376157407407,"4","Loyal Customers","No"
16657,56.9638888888889,7,2319.33,661,65,4.83515151515151,320.311111111111,"United Kingdom",331.332857142857,94.4285714285714,43.8912037037037,"4","Loyal Customers","No"
16658,11.1333333333333,12,3848.75,1267,162,3.03879518072289,310.427083333333,"United Kingdom",320.729166666667,105.583333333333,27.2085227272727,"2","Champions / High-Value","Yes"
16659,48.8861111111111,10,4328.56,1075,110,3.90631578947368,256.307638888889,"United Kingdom",432.856,107.5,23.0468364197531,"4","Loyal Customers","No"
16660,7.24305555555556,22,17749.64,5109,474,3.21817504655494,313.776388888889,"United Kingdom",806.801818181818,232.227272727273,14.5968253968254,"2","Champions / High-Value","Yes"
16661,311.811111111111,1,57.03,29,4,1.985,311.811111111111,"United Kingdom",57.03,29,311.811111111111,"1","At-Risk / Dormant","No"
16662,5.925,14,6215.69,1762,172,3.46333333333333,318.322222222222,"United Kingdom",443.977857142857,125.857142857143,24.0305555555556,"2","Champions / High-Value","Yes"
16664,67.04375,5,1002.58,427,44,2.62318181818182,304.100694444444,"United Kingdom",200.516,85.4,59.2642361111111,"4","Loyal Customers","No"
16665,59.4027777777778,6,1840.77,455,43,3.12590909090909,278.888888888889,"United Kingdom",306.795,75.8333333333333,43.8972222222222,"4","Loyal Customers","No"
16666,16.4152777777778,14,6176.15,2116,209,3.06157205240175,311.927083333333,"United Kingdom",441.153571428571,151.142857142857,22.7316773504274,"2","Champions / High-Value","Yes"
16667,41.1902777777778,12,4408.91,1004,121,3.3408064516129,282.471527777778,"United Kingdom",367.409166666667,83.6666666666667,21.9346590909091,"4","Loyal Customers","No"
16668,5.31111111111111,5,1572.26,529,42,3.30666666666667,239.645138888889,"United Kingdom",314.452,105.8,58.5835069444444,"4","Loyal Customers","No"
16669,74.0645833333333,6,2062.51,549,69,3.57371428571429,264.657638888889,"United Kingdom",343.751666666667,91.5,38.1186111111111,"4","Loyal Customers","No"
16670,35.5479166666667,4,928.41,217,26,4.19555555555556,303.534722222222,"United Kingdom",232.1025,54.25,89.3289351851852,"4","Loyal Customers","No"
16671,25.8305555555556,12,6862.08,1376,125,3.70439393939394,285.770833333333,"Channel Islands",571.84,114.666666666667,23.6309343434343,"2","Champions / High-Value","Yes"
16672,73.0166666666667,5,731.19,271,29,3.14,287.804861111111,"United Kingdom",146.238,54.2,53.6970486111111,"3","Potential / Occasional","No"
16673,5.93402777777778,3,337.72,118,17,2.48764705882353,171.945138888889,"United Kingdom",112.573333333333,39.3333333333333,83.0055555555556,"3","Potential / Occasional","No"
16674,102.757638888889,1,25.68,20,3,1.73666666666667,102.757638888889,"United Kingdom",25.68,20,102.757638888889,"1","At-Risk / Dormant","No"
16675,39.5743055555556,2,114.58,30,4,3.0175,189.097916666667,"United Kingdom",57.29,15,149.523611111111,"1","At-Risk / Dormant","No"
16676,49.9784722222222,2,467.41,193,10,5.265,131.863194444444,"United Kingdom",233.705,96.5,81.8847222222222,"3","Potential / Occasional","No"
16677,46.9743055555556,2,222.13,51,8,4.08111111111111,204.578472222222,"United Kingdom",111.065,25.5,157.604166666667,"3","Potential / Occasional","No"
16678,2.69097222222222,32,39968.5,12180,996,3.27846853677028,345.223611111111,"United Kingdom",1249.015625,380.625,11.0494399641577,"2","Champions / High-Value","Yes"
16679,13.2090277777778,3,500.02,176,23,3.32086956521739,257.380555555556,"United Kingdom",166.673333333333,58.6666666666667,122.085763888889,"4","Loyal Customers","No"
16681,24.8888888888889,10,3491.33,1029,99,3.34619047619048,215.68125,"United Kingdom",349.133,102.9,21.1991512345679,"4","Loyal Customers","No"
16682,25.8145833333333,3,643.86,138,13,4.90769230769231,280.536111111111,"United Kingdom",214.62,46,127.360763888889,"3","Potential / Occasional","No"
16683,61.0513888888889,2,342.36,47,8,6.33625,164.430555555556,"United Kingdom",171.18,23.5,103.379166666667,"3","Potential / Occasional","No"
16684,20.4409722222222,3,118.58,40,8,2.86875,297.48125,"Germany",39.5266666666667,13.3333333333333,138.520138888889,"1","At-Risk / Dormant","No"
16685,21.875,11,4739.06,1395,127,2.92666666666667,246.920138888889,"United Kingdom",430.823636363636,126.818181818182,22.5045138888889,"2","Champions / High-Value","Yes"
16686,30.3166666666667,8,1566.14,545,68,3.65434782608696,311.031944444444,"United Kingdom",195.7675,68.125,40.1021825396825,"4","Loyal Customers","No"
16687,8.83263888888889,11,5720.77,1479,144,3.74388157894737,268.4625,"United Kingdom",520.07,134.454545454545,25.9629861111111,"2","Champions / High-Value","Yes"
16688,198.014583333333,2,145.46,33,4,3.29,237.466666666667,"United Kingdom",72.73,16.5,39.4520833333333,"1","At-Risk / Dormant","No"
16689,7.87430555555556,6,3063.54,450,45,3.59355555555556,368.097222222222,"United Kingdom",510.59,75,72.0445833333333,"4","Loyal Customers","No"
16690,28.6611111111111,7,609.71,189,33,3.44636363636364,323.931944444444,"EIRE",87.1014285714286,27,49.2118055555556,"4","Loyal Customers","No"
16691,77.61875,3,1219.15,251,20,3.1915,233.683333333333,"United Kingdom",406.383333333333,83.6666666666667,78.0322916666667,"4","Loyal Customers","No"
16692,48.1770833333333,7,1476.36,302,22,4.26318181818182,345.658333333333,"United Kingdom",210.908571428571,43.1428571428571,49.5802083333333,"4","Loyal Customers","No"
16693,3.54652777777778,9,2354.02,703,73,3.02,342.146527777778,"United Kingdom",261.557777777778,78.1111111111111,42.325,"4","Loyal Customers","No"
16694,40.8118055555556,5,1113.23,363,37,3.93945945945946,345.470833333333,"United Kingdom",222.646,72.6,76.1647569444444,"4","Loyal Customers","No"
16695,6.38125,19,14791.53,4836,450,3.1036641221374,338.057638888889,"United Kingdom",778.501578947368,254.526315789474,18.4264660493827,"2","Champions / High-Value","Yes"
16696,99.3798611111111,1,64.27,41,3,1.29666666666667,99.3798611111111,"United Kingdom",64.27,41,99.3798611111111,"1","At-Risk / Dormant","No"
16697,22.0576388888889,21,345533.22,79677,472,3.40159176029963,334.104861111111,"France",16453.9628571429,3794.14285714286,15.6023611111111,"2","Champions / High-Value","Yes"
16698,33.4222222222222,5,936.33,255,23,3.89478260869565,299.136111111111,"United Kingdom",187.266,51,66.4284722222222,"4","Loyal Customers","No"
16699,26.4986111111111,8,2224.21,758,85,3.13593023255814,211.579861111111,"France",278.02625,94.75,26.4401785714286,"4","Loyal Customers","No"
16701,6.29236111111111,32,37751.53,12051,992,3.22674633770239,305.078472222222,"United Kingdom",1179.7353125,376.59375,9.63826164874552,"2","Champions / High-Value","Yes"
16702,94.2930555555556,2,408.28,84,9,7.59,226.945833333333,"United Kingdom",204.14,42,132.652777777778,"3","Potential / Occasional","No"
16703,27.5090277777778,3,327.27,129,14,2.89928571428571,192.801388888889,"United Kingdom",109.09,43,82.6461805555555,"3","Potential / Occasional","No"
16704,19.5555555555556,2,623.44,169,12,4.0625,189.629861111111,"United Kingdom",311.72,84.5,170.074305555556,"3","Potential / Occasional","No"
16705,21.7618055555556,3,446.92,159,21,2.70047619047619,318.099305555556,"United Kingdom",148.973333333333,53,148.16875,"3","Potential / Occasional","No"
16706,20.1583333333333,2,238.11,61,5,2.23,24.6194444444444,"United Kingdom",119.055,30.5,4.46111111111111,"1","At-Risk / Dormant","No"
16707,13.79375,4,737.73,158,30,4.15633333333333,322.539583333333,"United Kingdom",184.4325,39.5,102.915277777778,"4","Loyal Customers","No"
16708,120.660416666667,1,211.8,57,10,3.686,120.660416666667,"United Kingdom",211.8,57,120.660416666667,"3","Potential / Occasional","No"
16709,27.8673611111111,4,2802.25,742,55,3.59285714285714,162.194444444444,"United Kingdom",700.5625,185.5,44.7756944444444,"4","Loyal Customers","No"
16710,13.0930555555556,8,4978.12,1130,128,3.64740458015267,306.775,"United Kingdom",622.265,141.25,41.9545634920635,"2","Champions / High-Value","Yes"
16711,39.4215277777778,5,715.85,239,24,3.6236,293.647916666667,"United Kingdom",143.17,47.8,63.5565972222222,"4","Loyal Customers","No"
16712,37.9645833333333,6,715.38,285,33,3.14529411764706,303.063194444444,"United Kingdom",119.23,47.5,53.0197222222222,"4","Loyal Customers","No"
16713,158.602777777778,4,958.2,161,24,4.82833333333333,276.765277777778,"United Kingdom",239.55,40.25,39.3875,"3","Potential / Occasional","No"
16714,78.4006944444444,6,1518.68,448,31,2.9741935483871,250.956944444444,"United Kingdom",253.113333333333,74.6666666666667,34.51125,"4","Loyal Customers","No"
16716,25.0458333333333,7,1340.94,526,67,2.91411764705882,237.8625,"United Kingdom",191.562857142857,75.1428571428571,35.4694444444444,"4","Loyal Customers","No"
16717,33.825,7,961.35,356,49,2.94,305.8875,"United Kingdom",137.335714285714,50.8571428571429,45.34375,"4","Loyal Customers","No"
